SampleID,BAC_C::ABY1,BAC_C::Acetothermiia,BAC_C::Acidimicrobiia,BAC_C::Acidobacteriae,BAC_C::Actinobacteria,BAC_C::Alphaproteobacteria,BAC_C::Aminicenantia,BAC_C::Anaerolineae,BAC_C::BRH-c20a,BAC_C::Babeliae,BAC_C::Bacilli,BAC_C::Bacteroidia,BAC_C::Bdellovibrionia,BAC_C::Berkelbacteria,BAC_C::Blastocatellia,BAC_C::Brachyspirae,BAC_C::CK-2C2-2,BAC_C::Caldatribacteriia,BAC_C::Caldisericia,BAC_C::Calditrichia,BAC_C::Campylobacteria,BAC_C::Chlamydiae,BAC_C::Chthonomonadetes,BAC_C::Cloacimonadia,BAC_C::Clostridia,BAC_C::Coprothermobacteria,BAC_C::Coriobacteriia,BAC_C::D8A-2,BAC_C::Dadabacteriia,BAC_C::Deinococci,BAC_C::Desulfitobacteriia,BAC_C::Desulfobacteria,BAC_C::Desulfobulbia,BAC_C::Desulfotomaculia,BAC_C::Desulfovibrionia,BAC_C::Desulfuromonadia,BAC_C::Dethiobacteria,BAC_C::Elusimicrobia,BAC_C::Endomicrobia,BAC_C::Fermentibacteria,BAC_C::Fibrobacteria,BAC_C::Fimbriimonadia,BAC_C::Fusobacteriia,BAC_C::Gammaproteobacteria,BAC_C::Gemmatimonadetes,BAC_C::Gracilibacteria,BAC_C::Halanaerobiia,BAC_C::Holophagae,BAC_C::Hydrogenedentia,BAC_C::Hydrothermae,BAC_C::Ignavibacteria,BAC_C::Incertae_Sedis,BAC_C::JS1,BAC_C::KD4-96,BAC_C::Kapabacteria,BAC_C::Kiritimatiellae,BAC_C::LCP-89,BAC_C::Latescibacteria,BAC_C::Latescibacterota,BAC_C::Lentisphaeria,BAC_C::Leptospirae,BAC_C::Limnochordia,BAC_C::MBNT15,BAC_C::MD2902-B12,BAC_C::MVP-15,BAC_C::Marinimicrobia_(SAR406_clade),BAC_C::Microgenomatia,BAC_C::Moorellia,BAC_C::Myxococcia,BAC_C::NB1-j,BAC_C::NKB15,BAC_C::Negativicutes,BAC_C::Nitrospiria,BAC_C::OLB14,BAC_C::OM190,BAC_C::Oligoflexia,BAC_C::Omnitrophia,BAC_C::Parcubacteria,BAC_C::Phycisphaerae,BAC_C::Pla3_lineage,BAC_C::Planctomycetes,BAC_C::Polyangia,BAC_C::RBG-16-55-12,BAC_C::Rubrobacteria,BAC_C::SJA-28,BAC_C::Saccharimonadia,BAC_C::Spirochaetia,BAC_C::Sumerlaeia,BAC_C::Sva0485,BAC_C::Symbiobacteriia,BAC_C::Synergistia,BAC_C::Syntrophia,BAC_C::Syntrophobacteria,BAC_C::Syntrophomonadia,BAC_C::Syntrophorhabdia,BAC_C::TA06,BAC_C::Thermacetogenia,BAC_C::Thermoanaerobacteria,BAC_C::Thermoanaerobaculia,BAC_C::Thermoleophilia,BAC_C::Thermotogae,BAC_C::Thermovenabulia,BAC_C::Vampirivibrionia,BAC_C::Verrucomicrobiae,BAC_C::Vicinamibacteria,BAC_C::WCHB1-81,BAC_C::WPS-2,BAC_C::WS1,BAC_C::WWE3,BAC_C::Zixibacteria,BAC_C::c5LKS83,BAC_C::unidentified,ARC_C::Actinopterygii,ARC_C::Aenigmarchaeia,ARC_C::Bathyarchaeia,ARC_C::Bivalvia,ARC_C::Ichthyosporea,ARC_C::LKM11,ARC_C::Lokiarchaeia,ARC_C::Methanomethylicia,ARC_C::Methanomicrobia,ARC_C::Methanosarcinia,ARC_C::Micrarchaeia,ARC_C::Nanoarchaeia,ARC_C::Nitrososphaeria,ARC_C::Odinarchaeia,ARC_C::Thermococci,ARC_C::Thermoplasmata,ARC_C::unidentified
1-1,0.0,0.0,0.0,0.0,2.929,0.0,0.0,0.0,0.0,0.0,8.798,21.414,0.0,0.0,0.0,0.0,0.0,0.872,0.0,0.0,0.0,0.0,0.0,8.534,44.076,0.0,0.0,0.851,0.0,0.0,0.0,0.0,0.0,0.0,0.0,0.0,2.003,0.0,0.0,0.0,0.215,0.0,0.0,0.425,0.0,0.135,0.0,0.0,0.0,0.0,0.0,2.068,0.0,0.0,0.0,0.517,0.0,0.0,0.0,0.35,0.0,1.69,0.0,0.0,0.452,0.0,0.0,0.0,0.0,0.0,0.0,0.0,0.0,0.0,0.0,0.0,0.0,0.0,0.0,0.0,0.0,0.0,0.0,0.0,0.0,0.0,1.497,0.0,0.0,0.0,1.061,0.0,0.0,1.024,0.0,0.0,0.318,0.0,0.0,0.0,0.323,0.0,0.0,0.0,0.0,0.0,0.0,0.0,0.0,0.0,0.0,0.0,0.0,0.0,0.204,0.0,0.0,0.0,0.0,0.0,93.131,2.594,0.0,0.0,0.0,0.0,0.159,1.399,2.511
2-1,0.0,0.0,0.0,0.0,2.21,0.29,0.0,0.0,0.0,0.0,7.266999999999999,19.288,0.0,0.0,0.0,0.0,0.0,1.277,0.0,0.0,0.0,0.0,0.0,5.275,48.819,0.0,0.0,1.392,0.0,0.0,0.0,0.0,0.0,0.0,0.0,0.0,2.045,0.0,0.0,0.0,0.0,0.0,0.0,4.377000000000001,0.0,0.104,0.0,0.0,0.0,0.0,0.0,1.332,0.0,0.0,0.0,0.271,0.0,0.0,0.0,0.222,0.0,1.424,0.0,0.0,0.0,0.0,0.0,0.0,0.0,0.0,0.0,0.0,0.0,0.0,0.0,0.0,0.0,0.0,0.0,0.0,0.0,0.0,0.0,0.0,0.0,0.0,1.314,0.0,0.0,0.0,0.842,0.0,0.0,1.317,0.0,0.0,0.372,0.0,0.0,0.0,0.141,0.0,0.0,0.0,0.0,0.0,0.0,0.0,0.0,0.0,0.0,0.0,0.0,0.0,0.0,0.0,0.0,0.0,0.0,0.0,84.659,6.955,0.0,0.0,0.0,0.0,0.674,1.742,5.971
3-1,0.0,0.0,0.0,0.0,2.66,0.0,0.0,0.0,0.0,0.0,16.662,19.76,0.0,0.0,0.0,0.0,0.0,0.223,0.0,0.0,0.0,0.0,0.0,8.643,39.975,0.0,0.0,0.181,0.0,0.0,0.0,0.0,0.0,0.0,0.0,0.0,0.341,0.0,0.0,0.0,0.0,0.0,0.0,0.435,0.0,0.0,0.0,0.0,0.0,0.0,0.0,2.233,0.0,0.0,0.0,0.155,0.0,0.0,0.0,0.152,0.0,3.95,0.0,0.0,0.0,0.0,0.0,0.0,0.0,0.0,0.0,0.0,0.0,0.0,0.0,0.0,0.0,0.0,0.0,0.0,0.0,0.0,0.0,0.0,0.0,0.0,1.593,0.0,0.0,0.0,0.467,0.0,0.0,1.693,0.0,0.0,0.21,0.0,0.0,0.0,0.105,0.0,0.0,0.126,0.0,0.0,0.0,0.0,0.0,0.0,0.0,0.0,0.0,0.0,0.0,0.0,0.0,0.0,0.0,0.0,8.425,1.095,0.0,0.0,0.0,0.0,0.0,0.224,90.256
4-1,0.0,0.0,0.0,0.0,4.535,0.797,0.0,0.127,0.0,0.0,5.104,18.512,0.0,0.0,0.0,0.0,0.0,2.468,0.0,0.0,0.0,0.0,0.0,2.703,48.47199999999999,0.0,0.0,1.673,0.0,0.0,0.0,0.0,0.0,0.131,0.108,0.0,2.218,0.0,0.0,0.0,0.0,0.0,0.0,7.647,0.0,0.0,0.0,0.0,0.0,0.0,0.0,0.94,0.0,0.0,0.0,0.162,0.0,0.0,0.0,0.0,0.0,0.587,0.0,0.0,0.0,0.0,0.0,0.0,0.0,0.0,0.0,0.0,0.0,0.0,0.0,0.0,0.0,0.0,0.0,0.0,0.0,0.0,0.0,0.0,0.0,0.0,0.419,0.0,0.0,0.0,1.068,0.0,0.0,0.891,0.0,0.0,0.151,0.0,0.0,0.0,0.471,0.0,0.0,0.0,0.0,0.0,0.0,0.0,0.0,0.0,0.0,0.0,0.0,0.0,0.0,0.0,0.0,0.0,0.0,0.0,57.092,42.155,0.0,0.0,0.0,0.0,0.0,0.387,0.301
1-2,0.0,0.0,0.0,0.0,0.289,0.997,0.0,1.965,0.0,0.0,0.6739999999999999,33.414,0.0,0.0,0.0,0.0,0.0,0.0,0.246,0.0,0.0,0.0,0.0,11.439,28.091,0.0,0.405,0.201,0.0,0.0,0.0,0.0,0.0,2.647,0.181,0.128,0.0,0.0,0.0,0.0,0.0,0.0,0.0,2.839,0.0,0.0,0.0,0.0,0.0,0.0,0.0,0.716,0.362,0.0,0.0,0.285,0.0,0.0,0.0,0.0,0.0,0.124,0.0,0.0,0.0,0.0,0.0,0.0,0.0,0.0,0.0,0.0,0.0,0.0,0.0,0.0,0.0,0.0,0.0,0.0,0.108,0.0,0.0,0.0,0.216,0.0,0.3,0.0,0.0,0.0,2.847,2.189,0.0,1.221,0.443,0.0,0.0,0.0,0.0,0.112,5.744,0.0,0.0,0.0,0.0,0.0,0.0,0.146,0.0,0.0,0.0,1.121,0.0,0.0,0.193,0.0,0.0,0.0,0.0,0.0,45.241,41.508,0.0,1.166,0.0,0.0,9.49,0.994,1.408
2-2,0.0,0.0,0.262,0.0,0.515,2.108,0.0,1.131,0.0,0.151,1.063,28.247,0.0,0.0,0.0,0.0,0.0,0.111,0.342,0.0,0.0,0.0,0.0,14.888,27.144,0.0,0.101,0.119,0.0,0.0,0.0,0.0,0.127,1.662,0.324,0.145,0.0,0.0,0.0,0.0,0.0,0.0,0.0,4.464,0.282,0.0,0.0,0.0,0.124,0.0,0.0,0.6,0.523,0.0,0.0,0.16,0.0,0.0,0.0,0.0,0.0,0.0,0.0,0.0,0.0,0.0,0.0,0.0,0.0,0.0,0.0,0.0,0.0,0.0,0.0,0.213,0.0,0.0,0.264,0.0,0.353,0.143,0.0,0.0,0.412,0.277,0.256,0.0,0.0,0.0,2.139,1.779,0.184,1.292,0.624,0.0,0.0,0.0,0.246,0.176,4.551,0.0,0.0,0.347,0.0,0.0,0.0,0.187,0.0,0.0,0.0,1.037,0.0,0.0,0.0,0.0,0.0,0.0,0.0,0.0,43.23,40.971,0.0,1.789,0.0,0.0,12.678,0.914,0.418
3-2,0.0,0.0,0.0,0.0,0.33,0.954,0.129,1.917,0.0,0.0,2.058,20.237,0.0,0.0,0.0,0.0,0.0,0.0,0.528,0.0,0.0,0.0,0.0,22.348,26.927,0.0,0.415,0.0,0.0,0.0,0.0,0.0,0.0,1.805,0.0,0.113,0.0,0.0,0.834,0.0,0.0,0.0,0.0,3.061,0.0,0.0,0.0,0.0,0.108,0.0,0.0,0.653,0.257,0.0,0.0,0.524,0.0,0.0,0.0,0.0,0.0,0.0,0.0,0.0,0.125,0.222,0.0,0.0,0.0,0.0,0.0,0.0,0.0,0.0,0.0,0.0,0.0,0.0,0.0,0.0,0.0,0.0,0.0,0.0,0.161,0.0,0.434,0.0,0.0,0.0,2.853,2.377,0.141,0.722,0.628,0.0,0.0,0.0,0.0,0.0,6.63,0.0,0.0,0.343,0.0,0.0,0.0,0.173,0.0,0.0,0.0,1.091,0.0,0.0,0.607,0.0,0.0,0.0,0.0,0.0,45.261,39.895,0.0,0.663,0.0,0.0,12.028,1.464,0.0
4-2,0.0,0.0,0.122,0.0,0.681,1.454,0.419,1.003,0.0,0.0,1.474,25.137,0.0,0.0,0.0,0.0,0.0,0.141,0.523,0.0,0.0,0.0,0.0,15.025,23.967,0.0,1.064,0.0,0.0,0.0,0.0,0.0,0.15,0.908,0.248,0.168,0.0,0.0,0.0,0.0,0.0,0.0,0.0,5.018000000000001,0.0,0.0,0.0,0.0,0.165,0.0,0.0,0.202,0.404,0.0,0.0,0.367,0.0,0.0,0.0,0.0,0.0,0.0,0.0,0.0,0.263,0.171,0.0,0.0,0.0,0.0,0.0,0.0,0.0,0.0,0.0,0.0,0.0,0.0,0.0,0.0,0.284,0.0,0.0,0.0,0.401,0.0,0.375,0.0,0.0,0.0,2.741,2.314,0.254,1.562,0.884,0.0,0.0,0.0,0.0,0.186,9.699,0.0,0.0,0.279,0.0,0.0,0.0,0.273,0.0,0.0,0.0,1.065,0.0,0.0,0.163,0.0,0.0,0.0,0.0,0.0,40.634,50.883,0.0,0.0,0.0,0.0,8.225,0.0,0.0
1-3,0.0,0.0,0.158,0.0,1.398,2.231,0.166,1.813,0.0,2.1,1.006,24.615,0.0,0.0,0.0,0.0,0.0,0.136,0.742,0.0,0.0,0.0,0.0,17.62,9.211,0.0,0.0,0.218,0.0,0.0,0.0,0.0,0.259,0.0,0.285,0.0,0.0,0.0,0.0,0.0,0.0,0.138,0.0,9.365,0.0,0.0,0.0,0.0,0.42,0.0,0.0,3.131,0.197,0.0,0.0,0.407,0.0,0.0,0.0,0.0,0.132,0.0,0.0,0.0,0.712,0.0,0.0,0.0,0.0,0.0,0.0,0.0,0.0,0.11,0.0,0.0,0.0,0.0,0.0,0.0,1.124,0.0,0.0,0.0,0.279,0.136,2.071,0.0,0.0,0.0,6.313,3.567,0.169,1.465,1.239,0.0,0.0,0.0,0.23,0.35,2.699,0.0,0.0,1.332,0.0,0.0,0.0,0.0,0.0,0.0,0.0,1.239,0.0,0.0,0.663,0.0,0.0,0.0,0.0,0.0,18.666,35.071,0.0,0.348,0.0,0.0,21.419,0.5449999999999999,23.29
2-3,0.0,0.0,0.0,0.0,0.692,1.358,0.107,0.527,0.0,0.739,0.312,24.544,0.0,0.0,0.0,0.0,0.0,0.153,0.864,0.0,0.0,0.0,0.0,25.723,9.054,0.0,0.0,0.222,0.0,0.0,0.0,0.0,0.0,0.145,0.0,0.0,0.0,0.0,0.0,0.0,0.0,0.132,0.0,8.626,0.0,0.0,0.0,0.0,0.159,0.0,0.0,4.327,0.166,0.0,0.0,0.308,0.0,0.0,0.0,0.0,0.0,0.0,0.0,0.0,0.323,0.0,0.0,0.0,0.0,0.0,0.0,0.0,0.0,0.128,0.0,0.0,0.0,0.0,0.0,0.0,0.542,0.0,0.0,0.0,0.121,0.128,1.758,0.0,0.0,0.0,5.119,3.885,0.0,0.5409999999999999,1.415,0.0,0.0,0.0,0.121,0.371,3.613,0.0,0.0,1.477,0.0,0.0,0.0,0.0,0.0,0.0,0.0,1.596,0.0,0.0,0.0,0.0,0.0,0.0,0.0,0.0,35.812,35.375,0.0,0.0,0.0,0.0,27.643,1.021,0.149
3-3,0.0,0.0,0.285,0.0,1.514,2.326,0.183,1.102,0.0,0.892,1.133,22.943,0.0,0.0,0.0,0.0,0.0,0.167,0.5990000000000001,0.0,0.0,0.0,0.0,17.619,9.035,0.0,0.0,0.248,0.0,0.0,0.0,0.0,0.0,0.0,0.147,0.0,0.0,0.0,0.0,0.0,0.0,0.0,0.0,10.583,0.0,0.0,0.0,0.0,0.257,0.0,0.0,4.244,0.224,0.0,0.151,0.175,0.0,0.0,0.0,0.0,0.0,0.0,0.0,0.0,0.289,0.0,0.0,0.0,0.0,0.0,0.0,0.0,0.0,0.0,0.0,0.0,0.0,0.0,0.0,0.0,0.542,0.0,0.0,0.0,0.505,0.0,1.719,0.0,0.0,0.0,8.109,4.887,0.143,0.122,1.483,0.0,0.0,0.0,0.0,0.224,3.502,0.0,0.0,1.197,0.0,0.0,0.0,0.0,0.0,0.0,0.0,2.468,0.0,0.0,0.513,0.0,0.0,0.0,0.0,0.0,32.886,35.8,0.0,0.213,0.0,0.0,24.799,1.011,4.723
4-3,0.0,0.0,0.341,0.0,3.388,3.1,0.0,1.136,0.0,1.089,1.484,24.211,0.0,0.0,0.0,0.0,0.0,0.13,0.462,0.0,0.112,0.0,0.0,10.101,9.348,0.0,0.0,0.233,0.0,0.0,0.0,0.0,0.0,0.166,0.0,0.0,0.0,0.0,0.0,0.0,0.0,0.0,0.0,17.993,0.0,0.0,0.0,0.0,0.17,0.0,0.132,3.824,0.118,0.0,0.0,0.395,0.0,0.0,0.0,0.0,0.106,0.0,0.0,0.0,0.365,0.0,0.0,0.0,0.0,0.0,0.0,0.0,0.0,0.0,0.0,0.0,0.0,0.0,0.0,0.0,1.542,0.0,0.0,0.0,0.474,0.226,1.711,0.0,0.0,0.0,6.016,3.091,0.0,1.527,1.027,0.0,0.0,0.0,0.0,0.0,2.632,0.0,0.0,0.671,0.0,0.0,0.0,0.15,0.0,0.0,0.0,1.48,0.0,0.0,0.269,0.0,0.0,0.0,0.0,0.0,48.794,25.068,0.0,0.217,0.0,0.0,24.844,0.395,0.343
1-3b,0.0,0.0,0.366,0.0,1.701,2.307,0.166,2.004,0.0,1.804,0.63,22.688,0.0,0.0,0.0,0.0,0.0,0.147,0.797,0.0,0.0,0.0,0.0,18.009,8.618,0.0,0.0,0.334,0.0,0.0,0.0,0.0,0.153,0.0,0.126,0.0,0.0,0.0,0.0,0.0,0.0,0.0,0.0,8.637,0.0,0.0,0.0,0.0,0.423,0.0,0.0,4.231,0.182,0.0,0.19,0.262,0.0,0.0,0.0,0.0,0.115,0.0,0.0,0.0,0.356,0.0,0.0,0.0,0.0,0.0,0.0,0.0,0.0,0.0,0.0,0.0,0.0,0.0,0.0,0.0,1.058,0.0,0.0,0.0,0.192,0.186,2.035,0.0,0.0,0.0,7.495,5.015,0.11,0.524,1.523,0.0,0.0,0.0,0.172,0.486,2.976,0.0,0.134,1.225,0.0,0.132,0.0,0.0,0.0,0.0,0.0,1.56,0.0,0.0,0.652,0.0,0.0,0.0,0.0,0.0,34.337,30.503,0.0,0.337,0.0,0.0,30.17,1.207,2.792
1-4,0.0,0.0,0.204,0.0,0.745,1.671,0.194,6.177,0.0,0.0,0.725,26.162,0.0,0.0,0.156,0.379,0.0,0.0,0.5710000000000001,0.0,0.0,0.0,0.0,8.251000000000001,15.119,0.0,0.0,0.13,0.0,0.0,0.0,0.0,0.0,0.381,0.14,0.308,0.0,0.0,0.0,0.0,0.0,0.0,0.0,13.592,0.0,0.417,0.0,0.5740000000000001,0.293,0.0,0.257,4.546,0.0,0.0,0.328,0.197,0.0,0.0,0.0,0.0,0.27,0.0,0.0,0.0,0.325,0.0,0.0,0.0,0.0,0.0,0.0,0.0,0.0,0.13,0.0,0.0,0.0,0.0,0.0,0.0,0.5720000000000001,0.0,0.0,0.0,1.105,0.169,4.453,0.0,0.0,0.0,0.77,3.484,0.0,1.66,0.706,0.0,0.0,0.0,0.636,0.0,0.996,0.0,0.0,1.275,0.0,0.0,0.0,0.0,0.0,0.0,0.0,1.093,0.0,0.0,0.5,0.0,0.0,0.0,0.0,0.0,31.99,38.004,0.0,0.671,0.0,0.0,21.259,5.255,2.242
2-4,0.0,0.0,0.214,0.0,0.432,1.847,0.0,12.11,0.0,0.0,0.783,22.828,0.0,0.0,0.246,0.206,0.0,0.0,0.369,0.0,0.0,0.0,0.109,11.198,18.279,0.0,0.0,0.172,0.0,0.0,0.0,0.0,0.0,0.562,0.135,0.391,0.0,0.0,0.0,0.0,0.0,0.157,0.0,10.994,0.0,0.0,0.0,0.144,0.0,0.0,0.18,3.468,0.0,0.0,0.201,0.161,0.0,0.0,0.0,0.0,0.162,0.0,0.0,0.0,0.239,0.0,0.0,0.0,0.0,0.0,0.0,0.0,0.0,0.0,0.0,0.0,0.0,0.0,0.0,0.0,0.233,0.0,0.0,0.0,0.389,0.0,3.687,0.0,0.0,0.0,0.804,2.469,0.0,1.88,0.605,0.0,0.0,0.0,0.355,0.231,0.831,0.0,0.0,0.246,0.0,0.0,0.0,0.17,0.0,0.0,0.0,1.539,0.0,0.0,0.0,0.0,0.0,0.0,0.0,0.0,32.886,44.983,0.0,0.479,0.0,0.0,17.385,4.181,0.0
3-4,0.0,0.0,0.0,0.0,0.74,2.131,0.0,3.439,0.0,0.0,1.462,20.783,0.0,0.0,0.21,0.861,0.0,0.0,0.543,0.0,0.0,0.0,0.256,16.347,18.92,0.0,0.0,0.0,0.0,0.0,0.0,0.0,0.0,0.318,0.0,0.124,0.0,0.0,0.109,0.869,0.0,0.128,0.0,11.619,0.0,0.0,0.0,0.0,0.136,0.0,0.147,3.107,0.0,0.0,0.128,0.307,0.0,0.0,0.0,0.0,0.357,0.0,0.0,0.0,0.496,0.0,0.0,0.0,0.0,0.0,0.0,0.128,0.0,0.0,0.0,0.0,0.0,0.0,0.0,0.0,0.431,0.0,0.0,0.0,0.606,0.0,3.025,0.0,0.0,0.0,1.524,4.069,0.0,0.7909999999999999,0.7749999999999999,0.0,0.0,0.0,0.128,0.0,1.288,0.0,0.0,0.6779999999999999,0.0,0.0,0.0,0.128,0.0,0.0,0.0,1.754,0.0,0.0,0.29,0.0,0.0,0.0,0.0,0.0,38.059,39.199,0.0,0.0,0.0,0.0,19.365,2.922,0.0
4-4,0.0,0.0,0.167,0.0,1.704,1.611,0.231,3.083,0.0,0.0,0.9480000000000001,21.568,0.0,0.0,0.0,0.349,0.0,0.0,0.33,0.0,0.0,0.0,0.296,17.499,16.281,0.0,0.0,0.0,0.0,0.0,0.0,0.0,0.0,0.209,0.155,0.189,0.0,0.0,0.827,0.296,0.0,0.0,0.0,13.719,0.0,0.0,0.0,0.0,0.235,0.0,0.19,2.404,0.0,0.0,0.0,0.192,0.0,0.0,0.0,0.0,0.365,0.0,0.0,0.0,0.39,0.0,0.0,0.0,0.0,0.0,0.0,0.0,0.0,0.0,0.0,0.0,0.0,0.0,0.0,0.0,0.369,0.0,0.0,0.0,0.163,0.182,3.505,0.0,0.0,0.0,1.32,3.191,0.0,2.281,0.6559999999999999,0.0,0.0,0.0,0.0,0.0,1.59,0.0,0.0,1.169,0.0,0.0,0.0,0.0,0.0,0.0,0.0,1.495,0.0,0.0,0.324,0.0,0.0,0.0,0.0,0.0,50.36,23.356,0.164,0.0,0.0,0.0,22.429,3.184,0.136
1-5,0.0,0.0,0.375,0.0,0.88,2.037,0.611,0.743,0.0,0.204,0.489,25.123,0.0,0.0,0.0,0.357,0.0,0.0,0.347,0.0,0.0,1.169,0.0,23.733,10.845,0.0,0.298,0.0,0.0,0.0,0.0,0.0,0.111,0.187,0.248,0.0,0.0,0.0,0.0,0.0,0.0,0.0,0.0,12.912,0.0,0.0,0.0,0.0,0.608,0.0,0.111,0.529,0.0,0.0,0.0,0.26,0.0,0.0,0.0,0.0,0.0,0.0,0.0,0.0,0.178,0.0,0.0,0.0,0.0,0.0,0.0,0.0,0.0,0.0,0.0,0.0,0.0,0.0,0.0,0.0,0.318,0.0,0.0,0.0,0.505,0.155,3.378,0.0,0.0,0.0,1.915,4.492,0.236,0.5700000000000001,1.309,0.0,0.0,0.0,0.217,0.149,1.221,0.0,0.0,0.5589999999999999,0.0,0.0,0.0,0.216,0.0,0.0,0.0,1.172,0.0,0.0,0.767,0.0,0.0,0.0,0.0,0.0,34.421,28.871,0.573,0.8340000000000001,0.0,0.0,28.474,2.979,3.001
2-5,0.0,0.0,0.528,0.0,1.18,3.425,0.5750000000000001,1.49,0.0,0.141,1.615,25.681,0.0,0.0,0.213,0.369,0.112,0.107,0.471,0.0,0.143,1.329,0.0,11.636,10.173,0.0,0.104,0.0,0.0,0.0,0.0,0.0,0.244,0.125,0.503,0.0,0.0,0.0,0.0,0.0,0.0,0.0,0.0,14.578,0.135,0.0,0.0,0.0,0.362,0.0,0.832,0.341,0.0,0.0,0.182,0.57,0.0,0.0,0.0,0.0,0.223,0.0,0.0,0.0,0.31,0.122,0.0,0.0,0.0,0.0,0.0,0.0,0.0,0.177,0.0,0.145,0.205,0.0,0.195,0.0,1.173,0.133,0.0,0.0,1.382,0.463,4.569999999999999,0.0,0.0,0.0,1.223,3.766,0.289,0.273,1.522,0.198,0.0,0.0,0.216,0.224,2.479,0.0,0.0,0.351,0.0,0.239,0.0,0.0,0.0,0.104,0.0,1.527,0.0,0.0,1.281,0.0,0.0,0.0,0.0,1.695,39.2,33.689,1.659,1.87,0.0,0.0,16.19,3.539,0.8750000000000001
3-5,0.0,0.0,0.15,0.0,0.729,2.77,0.158,0.793,0.0,0.0,3.536,24.81,0.0,0.0,0.0,0.0,0.0,0.144,0.3099999999999999,0.0,0.0,1.621,0.0,20.842,11.456,0.0,0.0,0.0,0.0,0.0,0.0,0.0,0.0,0.11,0.0,0.0,0.0,0.0,0.0,0.0,0.0,0.0,0.0,8.369,0.0,0.0,0.0,0.0,0.404,0.0,0.123,0.364,0.0,0.0,0.0,0.519,0.0,0.0,0.0,0.0,0.0,0.0,0.0,0.0,0.591,0.171,0.0,0.0,0.0,0.0,0.0,0.0,0.0,0.0,0.0,0.0,0.0,0.0,0.104,0.0,0.302,0.0,0.0,0.0,0.251,0.0,2.034,0.0,0.0,0.0,3.897,4.033,0.334,0.193,0.883,0.0,0.0,0.0,0.152,0.185,6.935,0.0,0.0,0.31,0.0,0.0,0.0,0.257,0.0,0.0,0.0,1.023,0.0,0.202,0.65,0.0,0.0,0.0,0.0,0.672,36.51,28.592,1.198,1.388,0.0,0.0,27.607,2.834,0.347
4-5,0.0,0.0,0.265,0.0,1.506,2.689,0.0,1.193,0.0,0.0,2.122,23.989,0.0,0.0,0.0,0.0,0.0,0.138,0.38,0.0,0.0,1.098,0.0,6.262,12.33,0.0,0.0,0.221,0.0,0.0,0.0,0.0,0.0,0.0,0.0,0.0,0.0,0.0,0.0,0.0,0.0,0.0,0.0,18.146,0.0,0.112,0.0,0.0,0.471,0.0,0.181,0.341,0.141,0.0,0.0,0.275,0.0,0.0,0.0,0.0,0.101,0.0,0.0,0.0,0.713,0.486,0.0,0.0,0.0,0.0,0.0,0.0,0.0,0.0,0.0,0.0,0.0,0.0,0.0,0.0,0.29,0.232,0.0,0.0,0.478,0.0,0.9420000000000001,0.0,0.0,0.0,6.037,3.211,0.351,0.319,0.9530000000000001,0.0,0.0,0.0,0.0,0.145,10.748,0.0,0.0,0.793,0.0,0.0,0.0,0.442,0.0,0.0,0.0,0.761,0.0,0.129,0.582,0.0,0.0,0.0,0.0,0.0,48.583,25.939,0.437,0.0,0.0,0.0,22.945,1.202,0.104
1-6,0.0,0.0,0.0,0.0,0.3,0.0,0.0,0.15,0.0,0.0,0.497,27.253,0.0,0.0,0.0,0.0,0.0,0.237,0.0,0.0,0.0,0.0,0.0,3.842,33.412,0.0,0.0,0.8170000000000001,0.0,0.0,0.0,0.0,0.0,0.667,0.0,0.0,6.064,0.0,0.0,4.523,0.125,0.0,0.0,0.8939999999999999,0.0,0.0,0.0,0.0,0.0,0.0,0.0,5.518000000000001,0.696,0.0,0.0,0.86,0.0,0.0,0.0,0.0,0.0,7.277,0.0,0.0,0.0,0.0,0.0,0.0,0.0,0.0,0.0,0.0,0.0,0.0,0.0,0.0,0.0,0.0,0.0,0.0,0.0,0.0,0.0,0.0,0.126,0.0,0.173,0.0,0.0,0.0,1.087,1.996,0.0,2.943,0.0,0.0,0.0,0.0,0.0,0.0,0.0,0.0,0.0,0.0,0.0,0.0,0.0,0.0,0.0,0.0,0.0,0.121,0.0,0.0,0.379,0.0,0.0,0.0,0.0,0.0,52.74299999999999,17.172,0.111,0.264,0.39,0.0,22.894,1.491,4.547
2-6,0.0,0.0,0.0,0.0,0.638,0.202,0.0,0.27,0.0,0.0,6.48,31.789,0.0,0.0,0.0,0.0,0.0,0.251,0.0,0.0,0.0,0.0,0.0,0.9410000000000001,31.634,0.0,0.0,0.8669999999999999,0.0,0.0,0.0,0.0,0.221,0.635,0.115,0.0,6.12,0.0,0.0,1.863,0.0,0.0,0.0,1.213,0.0,0.101,0.0,0.0,0.0,0.0,0.0,3.043,0.39,0.0,0.0,0.925,0.0,0.0,0.0,0.204,0.0,6.119999999999999,0.0,0.0,0.131,0.0,0.0,0.0,0.0,0.0,0.0,0.0,0.0,0.0,0.0,0.0,0.0,0.0,0.0,0.0,0.152,0.0,0.0,0.0,0.0,0.0,0.347,0.0,0.0,0.0,0.567,1.153,0.0,2.394,0.0,0.0,0.0,0.0,0.0,0.0,0.0,0.136,0.0,0.0,0.0,0.161,0.0,0.125,0.0,0.0,0.0,0.0,0.0,0.0,0.348,0.0,0.0,0.0,0.0,0.0,35.873,43.974,0.0,0.0,0.732,0.0,16.611,2.46,0.0
3-6,0.0,0.0,0.0,0.0,0.246,0.0,0.0,0.48,0.0,0.0,1.859,37.754,0.0,0.0,0.0,0.0,0.0,0.314,0.0,0.0,0.0,0.0,0.0,0.327,22.289,0.0,0.0,0.8710000000000001,0.0,0.0,0.0,0.0,0.144,0.591,0.0,0.0,8.272,0.0,0.0,4.843,0.0,0.0,0.0,0.5820000000000001,0.0,0.0,0.0,0.0,0.0,0.0,0.0,5.422,0.416,0.0,0.0,0.965,0.0,0.0,0.0,0.0,0.0,6.627999999999999,0.0,0.0,0.0,0.0,0.0,0.0,0.0,0.0,0.0,0.0,0.0,0.0,0.0,0.0,0.0,0.0,0.106,0.0,0.0,0.0,0.0,0.0,0.149,0.0,2.875,0.0,0.0,0.0,0.904,1.152,0.0,1.746,0.0,0.0,0.0,0.0,0.0,0.0,0.0,0.174,0.0,0.0,0.0,0.0,0.0,0.0,0.0,0.0,0.0,0.169,0.0,0.0,1.132,0.0,0.0,0.0,0.0,0.0,34.775,30.483,0.0,0.575,0.0,0.0,22.913,3.853,6.218
4-6,0.0,0.0,0.0,0.0,0.308,0.0,0.0,0.259,0.0,0.0,1.331,34.538,0.0,0.0,0.0,0.0,0.0,0.715,0.0,0.0,0.0,0.0,0.0,0.452,23.688,0.0,0.0,0.7450000000000001,0.0,0.0,0.0,0.0,0.211,0.645,0.0,0.0,10.315,0.0,0.0,6.461,0.0,0.0,0.0,0.5479999999999999,0.0,0.0,0.0,0.0,0.0,0.0,0.0,6.335,0.508,0.0,0.0,0.6890000000000001,0.0,0.0,0.0,0.0,0.0,8.603,0.0,0.0,0.0,0.0,0.0,0.0,0.0,0.0,0.0,0.0,0.0,0.0,0.0,0.0,0.0,0.0,0.0,0.0,0.0,0.0,0.0,0.0,0.0,0.0,0.293,0.0,0.0,0.0,0.348,0.404,0.0,1.5,0.0,0.0,0.0,0.0,0.0,0.0,0.0,0.0,0.0,0.0,0.0,0.122,0.0,0.122,0.0,0.0,0.0,0.17,0.0,0.0,0.412,0.0,0.0,0.0,0.0,0.0,48.181,28.162,0.0,0.0,0.137,0.0,22.222,0.488,0.398
1-7,0.0,0.0,0.521,0.0,0.901,2.408,1.126,4.939,0.0,0.117,0.0,29.366,0.0,0.0,0.9119999999999999,3.184,0.0,0.0,3.581,0.0,0.0,0.162,0.167,1.838,3.219,0.0,0.0,0.107,0.0,0.0,0.0,0.0,0.0,0.0,0.0,0.0,0.0,0.0,0.0,0.0,0.0,0.513,0.0,19.406,0.238,0.0,0.0,1.119,0.264,0.0,0.669,4.258,0.0,0.0,0.229,0.125,0.0,0.0,0.0,0.0,0.422,0.0,0.0,0.0,0.0,0.0,0.0,0.0,0.0,0.0,0.173,0.14,0.253,0.318,0.0,0.0,0.287,0.0,0.0,0.0,1.528,0.308,0.0,0.0,1.135,0.239,1.381,0.0,0.0,0.0,0.5,5.787,0.291,0.236,1.683,0.187,0.0,0.0,1.03,0.404,0.333,0.0,0.0,0.605,0.123,0.111,0.0,0.0,0.0,0.0,0.0,1.585,0.0,0.0,0.399,0.0,0.0,0.0,0.0,0.436,36.269,36.739,0.0,2.73,0.0,0.0,14.823,4.179,4.345
2-7,0.0,0.0,0.474,0.135,0.344,0.977,0.727,2.961,0.0,0.0,0.0,21.873,0.0,0.0,0.365,4.525,0.247,0.167,3.834,0.0,0.0,0.23,0.317,6.957,3.512,0.0,0.48,0.138,0.0,0.0,0.0,0.0,0.204,0.0,0.167,0.0,0.0,0.0,0.0,0.0,0.0,0.127,0.0,10.044,0.11,0.0,0.0,0.274,0.0,0.0,0.308,4.323,0.0,0.0,0.253,0.123,0.0,0.0,0.0,0.0,0.305,0.0,0.0,0.0,0.0,0.0,0.0,0.0,0.0,0.0,0.0,0.328,0.267,0.104,0.0,0.198,1.127,0.0,0.173,0.0,0.521,0.0,0.0,0.0,0.564,0.0,14.91,0.0,0.0,0.0,0.791,5.401,0.227,1.041,1.374,0.127,0.0,0.0,0.935,0.212,0.811,0.0,0.0,2.088,0.0,0.0,0.0,0.0,0.0,0.0,0.101,2.7,0.0,0.0,1.197,0.0,0.0,0.0,0.0,3.099,52.097,12.221,0.0,1.978,0.0,0.0,12.901,15.838,0.6679999999999999
3-7,0.0,0.0,0.232,0.155,0.65,1.547,0.915,4.335,0.0,0.0,0.179,12.375,0.0,0.0,0.425,2.425,0.196,0.242,1.581,0.0,0.0,0.0,0.6759999999999999,18.477,5.66,0.0,0.123,0.169,0.0,0.0,0.0,0.0,0.0,0.0,0.0,0.0,0.0,0.0,0.0,0.0,0.0,0.128,0.0,8.429,0.0,0.0,0.0,0.179,0.345,0.0,0.35,8.333,0.0,0.0,0.824,0.196,0.0,0.0,0.0,0.0,0.0,0.0,0.0,0.0,0.222,0.0,0.0,0.0,0.0,0.0,0.0,0.0,0.0,0.0,0.0,0.123,0.0,0.0,0.0,0.0,0.514,0.0,0.0,0.0,0.461,0.0,10.237,0.178,0.0,0.0,0.642,3.994,0.374,0.9710000000000001,1.749,0.0,0.0,0.0,0.227,0.118,2.813,0.0,0.0,3.886,0.0,0.205,0.0,0.157,0.0,0.0,0.152,2.745,0.0,0.0,0.886,0.0,0.0,0.0,0.0,3.828,36.29,33.392,0.0,1.4,0.0,0.0,20.705,2.078,1.421
4-7,0.0,0.0,0.308,0.17,1.251,1.245,0.816,1.89,0.0,0.0,0.0,24.162,0.0,0.0,0.185,0.566,0.0,0.693,0.56,0.0,0.0,0.0,0.202,16.988,12.459,0.0,0.0,0.419,0.0,0.0,0.0,0.0,0.0,0.255,0.0,0.0,0.0,0.0,0.0,0.0,0.0,0.0,0.0,11.315,0.0,0.0,0.0,0.108,0.505,0.0,0.217,3.328,0.0,0.0,0.802,0.238,0.0,0.0,0.0,0.0,0.344,0.0,0.0,0.0,0.0,0.0,0.0,0.0,0.0,0.0,0.0,0.0,0.0,0.0,0.0,0.0,0.0,0.0,0.0,0.0,0.8980000000000001,0.0,0.0,0.0,0.308,0.147,5.032999999999999,0.112,0.0,0.0,1.356,3.448,0.267,1.189,1.89,0.0,0.0,0.0,0.388,0.125,2.789,0.0,0.0,0.492,0.0,0.302,0.0,0.414,0.0,0.0,0.0,0.663,0.0,0.0,0.0,0.0,0.0,0.0,0.0,0.0,42.771,33.154,0.0,0.0,0.0,0.0,23.193,0.881,0.0
1-8,0.0,0.0,0.148,0.0,0.359,0.745,0.3700000000000001,9.76,0.0,0.0,0.515,22.525,0.0,0.0,0.33,0.594,0.196,0.17,0.707,0.0,0.0,0.609,0.0,9.119,16.165,0.0,0.0,0.0,0.0,0.0,0.0,0.0,0.0,0.855,0.0,0.315,0.0,0.0,0.0,0.0,0.0,0.138,0.0,5.109,0.0,0.0,0.0,0.249,0.351,0.0,0.13,6.48,0.0,0.0,0.8190000000000001,0.0,0.0,0.0,0.0,0.0,0.25,0.0,0.0,0.0,0.0,0.0,0.0,0.0,0.0,0.0,0.0,0.0,0.0,0.0,0.0,0.0,0.0,0.0,0.0,0.0,0.373,0.0,0.0,0.0,0.606,0.0,1.324,0.0,0.0,0.0,2.624,7.517,0.308,1.913,1.32,0.0,0.0,0.0,0.206,0.287,3.179,0.0,0.0,0.308,0.0,0.0,0.0,0.0,0.0,0.0,0.0,2.139,0.0,0.0,0.533,0.0,0.0,0.0,0.0,0.275,56.38,21.116,0.0,0.163,0.0,0.0,13.683,4.691,3.11
2-8,0.0,0.0,0.0,0.0,0.156,0.167,0.225,18.24,0.0,0.0,1.061,20.184,0.0,0.0,0.117,0.26,0.214,0.101,0.389,0.0,0.0,0.0,0.299,10.937,11.609,0.0,0.0,0.346,0.0,0.0,0.0,0.0,0.0,1.192,0.0,0.528,0.0,0.0,0.0,0.0,0.0,0.0,0.0,2.776,0.0,0.0,0.0,0.0,0.361,0.0,0.0,5.022,0.0,0.0,0.361,0.0,0.0,0.0,0.0,0.0,0.478,0.0,0.0,0.0,0.222,0.214,0.0,0.0,0.0,0.0,0.0,0.0,0.0,0.0,0.0,0.0,0.101,0.0,0.179,0.0,0.0,0.0,0.0,0.0,0.136,0.0,12.289,0.0,0.0,0.0,1.192,1.134,0.0,1.298,0.987,0.0,0.0,0.0,0.109,0.128,3.771,0.0,0.0,0.757,0.0,0.0,0.0,0.14,0.0,0.0,0.0,1.553,0.0,0.0,0.942,0.0,0.0,0.0,0.0,0.197,56.383,13.896,0.0,0.548,0.0,0.0,16.493,11.266,0.274
3-8,0.0,0.0,0.0,0.0,0.28,0.0,0.0,23.722,0.0,0.0,1.684,18.306,0.0,0.0,0.138,0.224,0.0,0.103,0.7619999999999999,0.0,0.0,0.0,0.456,15.162,10.636,0.0,0.0,0.0,0.0,0.0,0.0,0.0,0.0,0.478,0.0,0.263,0.0,0.0,0.0,0.0,0.245,0.0,0.0,3.553,0.0,0.0,0.0,0.318,0.168,0.0,0.0,1.753,0.0,0.0,0.0,0.112,0.0,0.0,0.0,0.0,0.345,0.0,0.0,0.0,0.336,0.198,0.0,0.0,0.0,0.0,0.0,0.255,0.0,0.0,0.0,0.0,0.0,0.0,0.0,0.0,0.215,0.0,0.0,0.0,0.0,0.155,3.562,0.0,0.0,0.0,2.669,2.869,0.0,1.886,0.564,0.0,0.0,0.0,0.0,0.0,5.779,0.0,0.0,0.637,0.0,0.0,0.0,0.0,0.0,0.0,0.0,0.995,0.0,0.0,0.0,0.0,0.0,0.0,0.0,0.0,47.792,29.351,0.0,0.552,0.0,0.0,18.247,3.133,0.925
4-8,0.0,0.0,0.173,0.0,0.707,0.559,0.158,12.724,0.0,0.0,0.5830000000000001,17.401,0.0,0.0,0.0,0.14,0.0,0.134,0.49,0.0,0.0,0.0,0.562,19.971,12.271,0.0,0.0,0.0,0.0,0.0,0.0,0.0,0.0,0.405,0.0,0.605,0.0,0.0,0.0,0.0,0.0,0.0,0.0,4.375,0.0,0.0,0.0,0.404,0.152,0.0,0.0,4.036,0.0,0.0,0.124,0.155,0.0,0.0,0.0,0.0,0.173,0.0,0.0,0.0,0.0,0.0,0.0,0.0,0.0,0.0,0.0,0.0,0.0,0.0,0.0,0.0,0.0,0.0,0.0,0.0,0.194,0.0,0.0,0.0,0.106,0.203,1.587,0.146,0.0,0.0,4.046,5.577,0.459,2.141,1.229,0.0,0.0,0.0,0.188,0.103,4.237,0.0,0.0,1.214,0.0,0.0,0.0,0.0,0.103,0.0,0.0,1.044,0.0,0.0,0.353,0.0,0.0,0.0,0.0,0.136,54.989,24.837,0.419,0.0,0.0,0.0,18.902,0.0,0.301
1-9,0.0,0.0,0.0,0.0,0.279,0.0,0.0,0.0,0.0,0.0,1.924,32.653,0.0,0.0,0.0,0.0,0.0,0.156,0.0,0.0,0.0,0.0,0.0,0.827,41.911,0.0,0.0,0.843,0.0,0.0,0.0,0.0,0.0,0.0,0.0,0.0,0.333,0.0,0.0,0.0,0.0,0.0,0.0,1.25,0.0,0.0,1.061,0.0,0.0,0.0,0.0,3.422,0.0,0.0,0.0,0.16,0.0,0.0,0.0,0.0,0.0,2.633,0.0,0.0,0.0,0.0,0.0,0.0,0.0,0.0,0.0,0.0,0.0,0.0,0.0,0.0,0.0,0.0,0.0,0.0,0.0,0.0,0.0,0.0,0.0,0.0,0.14,0.0,0.0,0.0,1.599,0.0,0.0,6.8,0.0,0.0,1.003,0.17,0.0,0.0,0.935,1.201,0.0,0.0,0.0,0.0,0.0,0.0,0.0,0.0,0.0,0.371,0.0,0.0,0.0,0.0,0.0,0.0,0.0,0.0,70.31400000000001,21.065,0.0,0.0,0.0,0.0,0.144,2.876,5.532
2-9,0.0,0.0,0.0,0.0,0.135,0.0,0.0,0.0,0.0,0.0,3.447,43.274,0.0,0.0,0.0,0.0,0.0,0.204,0.0,0.0,0.0,0.0,0.0,0.0,22.112,0.0,0.0,2.502,0.0,0.0,0.0,0.0,0.0,0.195,0.0,0.0,8.493,0.0,0.0,0.0,0.0,0.0,0.0,0.139,0.0,0.0,1.182,0.0,0.0,0.0,0.0,4.668,0.0,0.0,0.0,0.0,0.0,0.0,0.0,0.0,0.0,5.091,0.0,0.0,0.0,0.0,0.0,0.0,0.0,0.0,0.0,0.0,0.0,0.0,0.0,0.0,0.0,0.0,0.0,0.0,0.0,0.0,0.0,0.0,0.0,0.0,0.0,0.0,0.0,0.0,3.463,0.0,0.0,0.865,0.0,0.0,0.306,0.249,0.0,0.0,2.741,0.622,0.0,0.0,0.0,0.0,0.0,0.0,0.0,0.0,0.0,0.0,0.0,0.0,0.225,0.0,0.0,0.0,0.0,0.0,63.495,19.666,0.0,0.0,0.0,0.0,0.0,13.6,3.013
3-9,0.0,0.0,0.0,0.0,0.345,0.0,0.0,0.0,0.0,0.0,12.609,27.198,0.0,0.0,0.0,0.0,0.0,0.0,0.0,0.0,0.0,0.0,0.0,11.241,29.104,0.0,0.0,0.238,0.0,0.0,0.0,0.0,0.0,0.0,0.0,0.0,0.776,0.0,0.0,0.0,0.0,0.0,0.0,0.0,0.0,0.105,0.0,0.0,0.0,0.0,0.0,3.698,0.0,0.0,0.0,0.0,0.0,0.0,0.0,0.0,0.0,8.334,0.0,0.0,0.0,0.0,0.0,0.0,0.0,0.0,0.0,0.0,0.0,0.0,0.0,0.0,0.0,0.0,0.0,0.0,0.0,0.0,0.0,0.0,0.0,0.0,0.745,0.0,0.0,0.0,1.181,0.0,0.0,0.915,0.0,0.0,0.119,0.0,0.0,0.0,2.348,0.229,0.0,0.0,0.0,0.0,0.0,0.0,0.0,0.0,0.0,0.5269999999999999,0.0,0.0,0.0,0.0,0.0,0.0,0.0,0.0,11.505,8.834,0.0,0.0,0.0,0.0,0.0,8.616,70.99600000000001
4-9,0.0,0.0,0.0,0.0,0.188,0.0,0.0,0.0,0.0,0.0,3.445,24.269,0.0,0.0,0.0,0.0,0.0,0.0,0.0,0.0,0.0,0.0,0.0,1.11,56.008,0.0,0.0,0.2,0.0,0.0,0.0,0.0,0.0,0.0,0.0,0.0,0.0,0.0,0.0,0.0,0.0,0.0,0.0,0.0,0.0,0.153,0.0,0.0,0.0,0.0,0.0,4.478,0.0,0.0,0.0,0.0,0.0,0.0,0.0,0.0,0.0,1.698,0.0,0.0,0.0,0.0,0.0,0.0,0.0,0.0,0.0,0.0,0.0,0.0,0.0,0.0,0.0,0.0,0.0,0.0,0.0,0.0,0.0,0.0,0.0,0.579,1.419,0.0,0.0,0.0,1.343,0.0,0.0,2.938,0.0,0.0,0.875,0.0,0.0,0.0,0.372,0.254,0.0,0.0,0.0,0.0,0.0,0.0,0.0,0.0,0.0,0.0,0.0,0.0,0.17,0.0,0.0,0.0,0.0,0.0,79.14,7.005,0.0,0.0,0.0,0.0,1.407,11.967,0.268
1-10,0.0,5.548,0.179,0.0,0.544,1.263,1.654,1.224,0.0,0.0,0.0,29.784,0.0,0.0,0.0,3.838,0.0,0.786,1.546,0.0,0.0,0.0,0.7929999999999999,20.503,1.814,0.0,0.65,0.258,0.0,0.0,0.0,0.0,0.0,0.0,0.0,0.0,0.0,0.0,0.0,0.0,0.0,0.0,0.0,5.524999999999999,0.212,0.0,0.0,0.0,0.471,0.0,0.0,4.203,0.0,0.0,0.0,0.0,0.0,0.0,0.0,0.0,0.207,0.0,0.0,0.0,0.0,0.0,0.0,0.0,0.0,0.0,0.0,0.0,0.0,0.0,0.0,0.0,0.0,0.0,0.0,0.0,0.139,0.0,0.0,0.0,0.261,0.0,3.823,0.0,0.0,0.0,0.328,5.955,0.191,0.0,3.084,0.213,0.0,0.0,0.103,0.474,0.7949999999999999,0.0,0.0,0.467,0.0,0.656,0.0,0.0,0.0,0.0,0.0,1.361,0.0,0.0,0.753,0.0,0.0,0.0,0.642,3.777,21.559,29.122,0.0,0.199,0.0,0.0,27.767,2.884,13.292
2-10,0.0,0.211,0.511,0.0,0.738,1.362,4.954,1.674,0.0,0.159,0.103,9.413,0.0,0.0,0.597,6.769,0.114,0.366,2.672,0.0,0.0,0.0,0.5660000000000001,19.545,5.774,0.0,0.259,0.386,0.0,0.0,0.0,0.0,0.0,0.18,0.0,0.0,0.0,0.0,0.0,0.0,0.0,0.159,0.0,7.543,0.214,0.0,0.0,0.252,0.728,0.255,0.0,1.947,0.0,0.0,0.0,0.0,0.0,0.0,0.0,0.0,0.403,0.0,0.0,0.0,0.0,0.49,0.0,0.0,0.397,0.0,0.0,0.0,0.0,0.0,0.0,0.0,0.0,0.314,0.0,0.0,0.456,0.0,0.0,0.0,0.943,0.0,16.079,0.11,0.107,0.0,0.286,5.137,0.138,0.0,2.834,0.0,0.0,0.0,0.0,0.297,0.221,0.0,0.0,1.08,0.0,0.507,0.0,0.114,0.0,0.121,0.0,1.202,0.0,0.0,0.0,0.0,0.0,0.0,0.0,0.158,27.963,29.034,0.0,0.0,0.0,0.0,36.2,5.394,1.253
3-10,0.0,0.524,0.334,0.0,1.016,1.195,2.26,1.752,0.0,0.0,0.0,9.068999999999999,0.0,0.0,0.199,1.934,0.135,0.472,2.451,0.0,0.0,0.0,1.108,18.347,7.845999999999999,0.0,0.242,0.52,0.0,0.0,0.0,0.0,0.0,0.0,0.0,0.0,0.0,0.0,0.0,0.0,0.0,0.0,0.0,9.052,0.0,0.0,0.0,0.115,0.758,0.0,0.0,2.165,0.0,0.0,0.0,0.0,0.0,0.0,0.0,0.0,0.274,0.0,0.0,0.0,0.0,0.727,0.0,0.0,0.0,0.0,0.0,0.0,0.0,0.0,0.0,0.0,0.0,0.278,0.103,0.0,0.282,0.0,0.131,0.0,0.433,0.135,22.772,0.223,0.131,0.0,0.175,5.843,0.326,0.0,2.952,0.0,0.0,0.0,0.0,0.223,1.152,0.0,0.0,0.211,0.0,0.401,0.0,0.147,0.0,0.0,0.0,0.922,0.0,0.0,0.0,0.0,0.0,0.0,0.0,0.552,26.088,34.98099999999999,0.0,0.0,0.0,0.0,21.587,5.446,11.346
4-10,0.0,0.126,0.0,0.0,1.882,4.771,1.047,0.249,0.0,0.0,0.0,3.072,0.0,0.0,0.0,0.0,0.0,0.9380000000000001,0.654,0.0,0.0,0.0,0.0,33.025,12.754,13.986,0.0,1.821,0.0,0.0,0.0,0.0,0.0,0.129,0.0,0.0,0.252,0.0,0.0,0.0,0.0,0.0,0.0,7.383999999999999,0.0,0.0,0.0,0.143,0.252,0.0,0.0,2.08,0.0,0.0,0.0,0.0,0.0,0.0,0.0,0.0,0.0,2.296,0.0,0.0,0.0,0.0,0.0,0.118,0.0,0.0,0.0,0.125,0.0,0.0,0.0,0.0,0.0,1.055,0.0,0.0,0.181,0.0,0.0,0.0,0.0,0.188,0.263,0.0,0.0,0.286,1.43,0.375,0.0,2.426,0.377,0.0,0.0,0.0,0.0,0.163,2.693,0.0,0.0,0.0,0.0,0.0,0.0,0.503,0.0,0.0,0.0,1.768,0.0,0.0,0.0,0.0,0.0,0.0,0.0,0.0,63.327,27.497,0.0,0.0,0.0,0.0,5.491,3.098,0.573
1-11,0.0,1.105,1.254,0.0,0.543,1.518,0.587,1.783,0.0,0.305,0.0,11.188,0.0,0.0,0.8170000000000001,0.947,0.401,0.0,1.702,0.0,0.0,0.554,0.0,3.242,13.878,0.0,0.43,0.0,0.113,0.0,0.0,0.0,0.0,0.0,0.302,0.0,0.0,0.0,0.0,0.0,0.0,0.0,0.0,26.449,0.637,0.0,0.0,0.0,0.11,0.0,0.311,1.643,0.0,0.151,0.712,0.154,0.0,0.0,0.241,0.0,0.416,0.0,0.0,0.116,0.0,0.122,0.0,0.0,0.0,0.133,0.0,0.0,0.0,0.117,0.0,0.256,0.238,0.0,0.0,0.0,0.9480000000000001,0.305,0.0,0.0,1.649,0.0,0.8839999999999999,0.261,0.0,0.0,0.195,6.277,0.404,0.16,1.66,0.558,0.0,0.0,0.9049999999999999,0.379,5.246,0.0,0.0,0.828,0.0,0.116,0.0,0.108,0.0,0.146,0.0,5.079,0.0,0.0,0.5780000000000001,0.0,0.0,0.0,0.115,1.619,37.561,32.939,0.0,0.355,0.0,0.0,18.857,3.306,4.661
2-11,0.0,7.904,0.421,0.0,0.186,1.475,0.473,0.8130000000000001,0.0,0.108,0.0,10.477,0.0,0.0,0.948,1.398,0.0,0.14,2.133,1.046,0.0,0.0,0.0,9.595,2.391,0.0,0.0,0.0,0.138,0.0,0.0,0.0,0.0,0.0,0.184,0.0,0.0,0.0,0.0,0.0,0.0,0.153,0.0,23.978,0.273,0.0,0.0,0.0,0.0,0.0,0.112,1.616,0.0,0.324,0.0,0.519,0.0,0.0,0.0,0.298,1.349,0.0,0.0,0.0,0.0,0.431,0.0,0.0,0.0,0.0,0.0,0.0,0.22,0.0,0.0,0.101,0.0,0.0,0.0,0.0,1.751,0.402,0.0,0.0,1.514,0.0,5.431,0.163,0.129,0.0,0.26,2.954,0.271,0.0,1.556,1.166,0.0,0.0,0.236,0.358,6.714,0.0,0.0,0.599,0.0,0.181,0.0,0.0,0.0,0.0,0.0,5.332,0.0,0.0,0.0,0.0,0.0,0.0,0.0,7.288,33.102,33.084,0.0,0.0,1.287,0.0,20.16,3.653,1.426
3-11,0.0,2.743,0.352,0.0,0.305,2.615,0.783,0.319,0.0,0.162,0.375,18.679,0.0,0.0,1.042,2.468,0.0,0.0,1.037,0.0,0.162,0.0,0.219,9.524,5.616,0.0,0.0,0.0,0.0,0.0,0.0,0.0,0.159,0.0,0.113,0.0,0.0,0.0,0.0,0.103,0.0,0.142,0.0,26.064,0.362,0.0,0.0,0.0,0.14,0.0,0.465,0.209,0.0,0.106,0.0,0.7929999999999999,0.0,0.0,0.0,0.0,1.343,0.0,0.0,0.0,0.179,0.0,0.0,0.0,0.0,0.0,0.0,0.0,0.55,0.126,0.0,0.0,0.232,0.0,0.0,0.0,1.225,0.239,0.0,0.0,1.088,0.0,1.558,0.0,0.0,0.0,0.255,5.786,0.362,0.0,0.9890000000000001,1.825,0.0,0.0,1.154,0.123,4.12,0.0,0.0,0.757,0.0,0.0,0.0,0.0,0.0,0.0,0.0,1.904,0.0,0.0,0.0,0.0,0.0,0.0,0.0,3.254,33.516,22.908,0.194,1.371,1.289,0.0,10.221,2.149,25.097
4-11,0.0,4.199,0.51,0.0,0.933,2.035,1.22,0.953,0.0,0.0,0.344,11.37,0.0,0.0,1.112,1.953,0.0,0.248,1.639,0.0,0.0,0.224,0.689,16.385,11.174,0.0,0.0,0.11,0.0,0.0,0.0,0.0,0.0,0.0,0.0,0.0,0.0,0.0,0.0,0.0,0.0,0.303,0.0,17.724,0.165,0.0,0.0,0.0,0.623,0.0,0.0,0.148,0.0,0.0,0.0,0.0,0.0,0.0,0.0,0.0,0.699,0.0,0.0,0.0,0.0,0.0,0.0,0.0,0.0,0.0,0.0,0.0,0.0,0.0,0.0,0.0,0.0,0.0,0.0,0.0,1.014,0.0,0.0,0.0,1.735,0.0,4.492,0.0,0.0,0.0,0.352,4.12,0.369,0.217,1.395,0.0,0.0,0.0,0.0,0.4959999999999999,8.341999999999999,0.0,0.0,1.054,0.0,0.183,0.0,0.131,0.0,0.0,0.0,0.758,0.0,0.0,0.383,0.0,0.0,0.0,0.0,1.09,58.922,24.946,0.0,0.0,1.375,0.0,12.235,0.661,0.389
1-11b,0.0,13.999,0.663,0.0,0.306,1.394,0.465,1.428,0.0,0.0,0.0,12.267,0.0,0.0,1.105,1.149,0.0,0.174,1.021,0.0,0.0,0.0,0.0,0.6739999999999999,3.088,0.0,1.594,0.0,0.538,0.0,0.0,0.163,0.485,0.0,0.775,0.202,0.0,0.103,0.0,0.0,0.0,0.275,0.0,21.812,0.883,0.0,0.0,0.0,0.283,0.0,0.151,0.12,0.0,0.392,0.418,0.0,0.0,0.12,0.14,0.429,0.773,0.0,0.0,0.0,0.0,0.0,0.0,0.0,0.0,0.277,0.0,0.0,0.25,0.129,0.0,0.0,0.0,0.0,0.123,0.0,1.008,0.639,0.0,0.0,0.499,0.0,0.389,0.0,0.0,0.0,0.145,6.351,0.51,0.219,1.076,9.872,0.0,0.0,0.199,0.8210000000000001,4.542999999999999,0.0,0.0,0.958,0.0,0.118,0.0,0.0,0.0,0.103,0.165,2.67,0.0,0.0,1.151,0.0,0.0,0.0,0.0,2.753,36.5,35.185,0.0,1.234,0.0,0.0,14.887,3.792,4.452999999999999
1-12,0.0,0.0,0.0,0.0,0.0,0.0,0.0,0.0,1.185,0.68,4.007,41.585,0.0,0.0,0.0,0.0,0.0,0.0,0.0,0.0,0.0,0.0,0.0,2.621,29.309,0.0,0.0,0.718,0.0,0.0,0.0,0.0,0.577,0.215,0.0,0.0,3.144,0.0,0.0,0.0,0.127,0.0,0.0,0.149,0.0,0.0,0.0,0.0,0.0,0.0,0.0,0.985,0.7180000000000001,0.0,0.0,0.221,0.0,0.0,0.0,0.0,0.376,0.669,0.0,0.0,0.0,0.0,0.0,0.326,0.0,0.0,0.0,0.0,0.0,0.0,0.0,0.0,0.0,0.0,0.0,0.0,0.0,0.0,0.0,0.0,0.0,0.0,2.447,0.0,0.0,0.0,0.753,0.0,0.0,8.273,0.0,0.0,0.0,0.0,0.0,0.0,0.0,0.0,0.0,0.279,0.0,0.0,0.0,0.0,0.0,0.0,0.0,0.177,0.0,0.0,0.0,0.0,0.0,0.0,0.0,0.0,13.749,80.036,0.0,0.0,0.0,0.0,0.216,3.816,2.059
2-12,0.0,0.0,0.0,0.0,0.0,0.0,0.0,0.0,0.191,1.498,6.742999999999999,29.707,0.0,0.0,0.0,0.0,0.0,0.0,0.0,0.0,0.0,0.0,0.0,2.156,39.687,0.0,0.0,1.023,0.0,0.0,0.0,0.0,0.26,0.675,0.0,0.0,2.362,0.0,0.0,0.0,0.0,0.0,0.0,0.285,0.0,0.0,0.0,0.0,0.0,0.0,0.0,0.954,1.318,0.0,0.166,0.111,0.0,0.0,0.0,0.18,1.355,0.5339999999999999,0.0,0.0,0.0,0.0,0.0,0.202,0.0,0.0,0.0,0.0,0.0,0.0,0.0,0.0,0.0,0.0,0.0,0.0,0.0,0.0,0.0,0.0,0.0,0.0,2.677,0.0,0.0,0.0,1.84,0.0,0.0,4.775,0.0,0.0,0.0,0.0,0.0,0.0,0.0,0.107,0.0,0.179,0.0,0.0,0.0,0.0,0.0,0.0,0.0,0.233,0.0,0.0,0.0,0.0,0.0,0.0,0.0,0.0,11.835,84.543,0.891,0.0,0.0,0.0,0.169,1.674,0.831
3-12,0.0,0.0,0.0,0.0,0.0,0.0,0.0,0.0,0.0,0.313,1.16,25.365,0.0,0.0,0.0,0.0,0.0,0.0,0.0,0.0,0.0,0.0,0.0,0.521,62.971,0.0,0.0,0.366,0.0,0.0,0.0,0.0,0.331,0.388,0.0,0.0,0.617,0.0,0.0,0.0,0.0,0.0,0.0,0.0,0.0,0.0,0.0,0.0,0.0,0.0,0.0,1.394,0.26,0.0,0.0,0.141,0.0,0.0,0.0,0.0,0.194,0.627,0.0,0.0,0.0,0.0,0.0,0.0,0.0,0.0,0.0,0.0,0.0,0.0,0.0,0.0,0.0,0.0,0.0,0.0,0.101,0.0,0.0,0.0,0.0,0.0,1.761,0.0,0.0,0.0,0.98,0.0,0.0,2.087,0.0,0.0,0.0,0.0,0.0,0.0,0.0,0.0,0.0,0.101,0.0,0.0,0.0,0.0,0.0,0.0,0.0,0.129,0.0,0.0,0.0,0.0,0.0,0.0,0.0,0.0,22.898,60.06100000000001,0.389,0.0,0.0,0.0,0.218,3.313,13.119
4-12,0.0,0.0,0.0,0.0,0.111,0.0,0.0,0.0,0.249,1.002,5.460999999999999,20.963,0.0,0.0,0.0,0.0,0.0,0.0,0.0,0.0,0.0,0.0,0.0,0.564,60.07599999999999,0.0,0.0,0.773,0.0,0.0,0.0,0.0,0.226,0.396,0.0,0.0,0.9400000000000001,0.0,0.0,0.0,0.0,0.0,0.0,0.0,0.0,0.0,0.0,0.0,0.0,0.0,0.0,1.173,0.377,0.0,0.108,0.124,0.0,0.0,0.0,0.0,0.187,0.934,0.0,0.0,0.0,0.246,0.0,0.0,0.0,0.0,0.0,0.0,0.0,0.0,0.0,0.0,0.0,0.0,0.0,0.0,0.0,0.0,0.0,0.0,0.0,0.0,2.224,0.0,0.0,0.0,0.773,0.0,0.0,1.926,0.0,0.0,0.0,0.0,0.0,0.0,0.0,0.0,0.0,0.754,0.0,0.0,0.0,0.0,0.0,0.0,0.0,0.111,0.0,0.0,0.0,0.0,0.0,0.0,0.0,0.0,25.504,63.805,0.0,0.0,0.0,0.0,0.358,10.149,0.184
1-13,0.0,0.0,0.0,0.0,0.107,0.125,0.0,7.735,0.0,0.0,1.195,22.824,0.0,0.0,0.0,0.0,0.0,0.802,0.303,0.0,0.0,0.0,0.0,5.811,32.39,0.0,0.0,0.802,0.0,0.0,0.0,0.0,0.133,1.156,0.292,0.569,0.889,0.0,0.0,0.0,0.0,0.0,0.0,1.446,0.0,0.0,0.0,0.0,0.0,0.0,0.0,1.385,0.43,0.0,0.0,0.15,0.0,0.0,0.0,0.0,0.0,2.3,0.0,0.0,0.0,1.612,0.0,0.0,0.0,0.0,0.0,0.0,0.0,0.0,0.0,0.0,0.0,0.0,0.0,0.0,0.0,0.0,0.0,0.0,0.0,0.0,0.541,0.0,0.0,0.0,5.873,0.0,0.0,2.512,0.0,0.0,0.0,0.0,0.0,0.167,4.598999999999999,0.0,0.0,1.003,0.0,0.108,0.0,0.496,0.0,0.0,0.0,1.447,0.0,0.0,0.652,0.0,0.0,0.0,0.0,0.0,46.933,33.975,0.0,0.491,0.0,0.0,13.639,1.39,2.921
2-13,0.0,0.0,0.0,0.0,0.215,0.504,0.0,7.858000000000001,0.0,0.0,1.861,25.678,0.0,0.0,0.0,0.0,0.0,1.066,0.249,0.0,0.146,0.0,0.0,2.201,32.327,0.0,0.0,0.87,0.0,0.0,0.0,0.0,0.0,1.424,0.221,0.791,1.027,0.0,0.0,0.0,0.0,0.0,0.162,2.035,0.0,0.0,0.0,0.0,0.0,0.0,0.0,1.407,0.341,0.0,0.0,0.123,0.0,0.0,0.0,0.0,0.0,3.08,0.0,0.0,0.282,1.639,0.0,0.0,0.0,0.0,0.0,0.0,0.0,0.0,0.0,0.0,0.0,0.0,0.126,0.0,0.0,0.0,0.0,0.0,0.0,0.0,1.127,0.0,0.0,0.0,3.428,0.0,0.0,1.722,0.0,0.0,0.0,0.0,0.0,0.224,5.042,0.131,0.0,0.774,0.0,0.157,0.0,0.0,0.0,0.0,0.0,1.063,0.0,0.0,0.93,0.0,0.0,0.0,0.0,0.0,41.757,37.954,0.0,0.0,0.0,0.0,16.736,2.066,0.558
3-13,0.0,0.0,0.0,0.0,0.0,0.107,0.0,28.39,0.0,0.0,1.999,17.183,0.0,0.0,0.0,0.0,0.0,0.408,0.738,0.0,0.0,0.0,0.0,2.951,23.836,0.0,0.145,0.178,0.0,0.0,0.0,0.0,0.0,0.671,0.111,0.219,0.341,0.0,0.297,0.0,0.0,0.0,0.0,0.989,0.0,0.0,0.0,0.0,0.0,0.0,0.0,0.304,0.259,0.0,0.0,0.345,0.0,0.0,0.0,0.0,0.0,0.552,0.0,0.0,0.171,1.75,0.0,0.0,0.0,0.0,0.0,0.0,0.0,0.0,0.0,0.0,0.0,0.0,0.14,0.0,0.0,0.0,0.0,0.0,0.0,0.0,2.924,0.0,0.0,0.0,2.639,0.167,0.0,1.108,0.0,0.0,0.0,0.0,0.0,0.13,7.774,0.0,0.0,0.912,0.0,0.0,0.0,0.156,0.0,0.0,0.0,1.401,0.0,0.0,0.908,0.0,0.0,0.0,0.0,0.0,29.427,21.671,0.0,3.95,0.0,0.0,14.244,2.795,27.004
4-13,0.0,0.0,0.0,0.0,0.0,0.133,0.0,31.689,0.0,0.0,1.442,18.079,0.0,0.0,0.0,0.0,0.0,0.498,0.842,0.0,0.0,0.0,0.0,4.975,14.839,0.0,0.492,0.186,0.0,0.0,0.0,0.0,0.0,0.902,0.186,0.406,0.246,0.0,0.0,0.0,0.0,0.0,0.0,0.77,0.0,0.0,0.0,0.0,0.0,0.0,0.0,0.237,0.346,0.0,0.0,0.269,0.0,0.0,0.0,0.0,0.0,0.186,0.0,0.0,0.123,2.459,0.0,0.0,0.0,0.0,0.0,0.0,0.0,0.0,0.0,0.0,0.0,0.0,0.109,0.0,0.0,0.0,0.0,0.0,0.0,0.0,2.294999999999999,0.0,0.0,0.0,5.308,0.34,0.0,1.743,0.0,0.0,0.0,0.0,0.0,0.149,6.712,0.0,0.0,1.457,0.0,0.0,0.0,0.458,0.0,0.0,0.0,1.351,0.0,0.0,1.0,0.0,0.0,0.0,0.0,0.0,45.467,45.189,0.0,1.037,0.0,0.0,7.246,0.0,0.0
1-14,0.0,0.0,0.0,0.0,0.0,0.0,0.0,0.0,0.0,0.0,0.527,32.043,0.0,0.0,0.0,0.0,0.0,0.112,0.0,0.0,0.0,0.0,0.0,0.646,47.029,0.0,0.0,0.71,0.0,0.0,0.0,0.0,0.0,0.0,0.0,0.0,0.356,0.0,0.0,0.0,0.0,0.0,0.0,0.0,0.0,0.0,0.0,0.0,0.0,0.0,0.0,2.264,0.0,0.0,0.0,0.0,0.0,0.0,0.0,0.0,0.0,0.63,0.0,0.0,0.0,0.0,0.0,0.0,0.0,0.0,0.0,0.264,0.0,0.0,0.0,0.0,0.0,0.0,0.0,0.0,0.0,0.0,0.0,0.0,0.0,0.0,0.0,0.0,0.0,0.0,1.017,0.0,0.0,7.502,0.0,0.0,4.893,0.0,0.0,0.0,0.137,0.476,0.0,0.0,0.0,0.0,0.0,0.0,0.0,0.0,0.0,0.778,0.0,0.0,0.118,0.0,0.0,0.0,0.0,0.0,74.428,0.425,0.0,0.123,0.0,0.0,0.0,13.319,11.499
2-14,0.0,0.0,0.0,0.0,0.0,0.0,0.0,0.0,0.0,0.0,2.047,27.175,0.0,0.0,0.0,0.0,0.0,0.0,0.0,0.0,0.0,0.0,0.0,0.963,52.749,0.0,0.0,0.579,0.0,0.0,0.0,0.0,0.0,0.0,0.0,0.0,0.351,0.0,0.0,0.0,0.0,0.0,0.0,0.123,0.0,0.221,0.0,0.0,0.0,0.0,0.0,1.588,0.0,0.0,0.161,0.0,0.0,0.0,0.0,0.0,0.0,1.603,0.0,0.0,0.0,0.0,0.0,0.0,0.0,0.0,0.0,0.0,0.0,0.0,0.0,0.0,0.0,0.0,0.0,0.0,0.0,0.0,0.0,0.0,0.0,0.0,0.51,0.0,0.0,0.0,1.539,0.0,0.0,5.170999999999999,0.0,0.0,2.484,0.123,0.0,0.0,0.468,0.652,0.0,0.0,0.0,0.0,0.0,0.0,0.0,0.0,0.0,1.182,0.0,0.0,0.0,0.0,0.0,0.0,0.0,0.0,81.56700000000001,0.0,0.0,0.0,0.0,0.0,0.245,17.095,1.093
3-14,0.0,0.0,0.0,0.0,0.324,0.0,0.0,0.0,0.0,0.0,4.811,21.817,0.0,0.0,0.0,0.0,0.0,0.0,0.0,0.0,0.0,0.0,0.0,6.794,45.82,0.0,0.0,0.334,0.0,0.0,0.0,0.0,0.0,0.0,0.0,0.0,0.13,0.0,0.0,0.0,0.0,0.0,0.0,0.0,0.0,0.0,0.0,0.0,0.0,0.0,0.0,4.342,0.0,0.0,0.211,0.283,0.0,0.0,0.0,0.197,0.0,1.515,0.0,0.0,0.36,0.0,0.0,0.0,0.0,0.0,0.0,0.11,0.0,0.0,0.0,0.0,0.0,0.0,0.0,0.0,0.0,0.0,0.0,0.0,0.0,0.0,1.473,0.0,0.0,0.0,1.356,0.0,0.0,6.757999999999999,0.0,0.0,2.132,0.0,0.0,0.0,0.425,0.327,0.0,0.0,0.0,0.0,0.0,0.0,0.0,0.0,0.0,0.0,0.0,0.0,0.0,0.0,0.0,0.0,0.0,0.0,61.089,0.9420000000000001,0.0,1.213,0.0,0.0,0.0,34.06,2.697
4-14,0.0,0.0,0.0,0.0,0.517,0.0,0.0,0.0,0.0,0.0,2.194,21.292,0.0,0.0,0.0,0.0,0.0,0.0,0.0,0.0,0.0,0.0,0.0,6.508999999999999,46.067,0.0,0.0,0.502,0.0,0.0,0.0,0.0,0.0,0.0,0.0,0.0,0.0,0.0,0.0,0.0,0.0,0.0,0.0,0.0,0.0,0.0,0.0,0.0,0.0,0.0,0.0,4.87,0.0,0.0,0.0,0.0,0.0,0.0,0.0,0.0,0.0,4.107,0.0,0.0,0.0,0.0,0.0,0.0,0.0,0.0,0.0,0.305,0.0,0.0,0.0,0.0,0.0,0.0,0.0,0.0,0.0,0.0,0.0,0.0,0.0,0.0,0.0,0.0,0.0,0.0,1.785,0.0,0.0,3.828,0.0,0.0,2.812,0.0,0.0,0.0,4.239,0.348,0.0,0.0,0.0,0.0,0.0,0.0,0.0,0.0,0.0,0.0,0.0,0.0,0.0,0.0,0.0,0.0,0.0,0.0,93.53,1.911,0.0,0.0,0.0,0.0,0.226,4.282999999999999,0.0
1-15,0.0,0.0,0.201,0.0,1.061,2.586,0.273,1.943,0.0,0.245,1.43,20.984,0.0,0.0,0.878,1.369,0.0,0.146,0.709,0.0,0.0,0.0,0.0,10.72,5.491000000000001,0.0,0.0,0.147,0.0,0.0,0.0,0.0,0.113,0.0,0.203,0.0,0.0,0.0,0.0,0.0,0.0,0.119,0.0,21.234,0.102,0.0,0.0,0.473,0.184,0.0,0.224,5.303,0.199,0.0,0.643,0.127,0.0,0.0,0.0,0.0,0.258,0.0,0.0,0.0,0.156,0.0,0.0,0.0,0.0,0.0,0.0,0.105,0.138,0.183,0.0,0.0,0.0,0.0,0.0,0.0,0.9359999999999999,0.718,0.0,0.0,1.365,0.471,1.579,0.3070000000000001,0.0,0.0,1.185,4.504,0.172,0.423,1.917,0.0,0.0,0.0,0.852,0.354,4.011,0.0,0.0,0.658,0.0,0.17,0.0,0.0,0.0,0.0,0.0,0.735,0.0,0.0,0.652,0.0,0.0,0.0,0.0,0.0,41.936,24.214,0.0,0.215,0.0,0.0,25.136,2.94,4.803
2-15,0.0,0.0,0.25,0.0,0.532,1.564,0.443,1.75,0.0,0.316,1.072,27.23,0.0,0.0,0.687,2.123,0.0,0.125,0.536,0.0,0.116,0.0,0.0,15.279,9.211,0.0,0.0,0.219,0.0,0.0,0.0,0.0,0.0,0.0,0.202,0.0,0.0,0.0,0.0,0.0,0.133,0.171,0.0,10.302,0.0,0.0,0.0,0.277,0.16,0.0,0.309,1.835,0.54,0.0,0.208,0.221,0.0,0.0,0.0,0.0,0.369,0.0,0.0,0.0,0.0,0.0,0.0,0.0,0.0,0.0,0.0,0.518,0.0,0.103,0.0,0.103,0.0,0.0,0.0,0.0,1.325,0.0,0.0,0.0,1.139,0.5509999999999999,2.314,0.502,0.0,0.0,1.557,5.552,0.183,1.07,1.688,0.0,0.0,0.0,0.726,0.372,2.882,0.0,0.0,1.201,0.0,0.216,0.0,0.0,0.0,0.102,0.0,0.718,0.0,0.0,0.627,0.0,0.0,0.0,0.0,0.0,36.511,27.401,0.0,0.0,0.0,0.0,24.03,2.608,8.823
3-15,0.0,0.0,0.124,0.0,0.5,1.648,0.198,0.639,0.0,0.339,0.248,32.524,0.0,0.0,0.0,0.0,0.0,0.177,0.172,0.0,0.0,0.0,0.0,16.878,12.107,0.0,0.0,0.271,0.0,0.0,0.0,0.0,0.0,0.0,0.0,0.0,0.0,0.0,0.0,0.0,0.5930000000000001,0.0,0.0,8.568,0.0,0.0,0.0,0.104,0.0,0.0,0.0,4.234,0.302,0.0,0.0,0.375,0.0,0.0,0.0,0.0,0.138,0.0,0.0,0.0,0.102,0.0,0.0,0.0,0.0,0.0,0.0,0.121,0.0,0.0,0.0,0.0,0.0,0.0,0.0,0.165,0.203,0.0,0.0,0.0,0.247,0.0,0.948,0.389,0.0,0.0,2.526,7.923,0.133,0.879,1.48,0.0,0.0,0.0,0.247,0.193,2.08,0.0,0.0,0.609,0.0,0.106,0.0,0.0,0.0,0.0,0.0,0.37,0.0,0.0,0.328,0.0,0.0,0.0,0.0,0.0,28.212,29.187,0.0,0.0,0.0,0.0,13.991,1.333,26.948
4-15,0.0,0.0,0.153,0.0,1.023,1.091,0.329,0.9490000000000001,0.0,0.712,0.486,26.572,0.0,0.0,0.0,0.0,0.0,0.422,0.233,0.0,0.0,0.0,0.0,11.229,12.811,0.0,0.0,0.126,0.0,0.0,0.0,0.0,0.0,0.143,0.0,0.106,0.0,0.0,0.0,0.0,0.266,0.0,0.0,5.755,0.0,0.0,0.0,0.0,0.276,0.0,0.0,4.805,0.376,0.0,0.233,0.402,0.0,0.0,0.0,0.0,0.327,0.0,0.0,0.0,0.146,0.0,0.0,0.0,0.0,0.0,0.19,0.366,0.0,0.0,0.0,0.0,0.0,0.0,0.139,0.136,0.371,0.0,0.0,0.0,0.246,0.0,1.24,0.226,0.0,0.0,5.995,11.019,0.242,1.53,1.622,0.0,0.0,0.0,0.316,0.203,5.288,0.0,0.0,0.6589999999999999,0.0,0.0,0.0,0.126,0.0,0.0,0.0,0.236,0.0,0.0,0.0,0.0,0.0,0.0,0.0,0.0,30.826,53.07299999999999,0.0,0.0,0.0,0.0,14.451,1.651,0.0
1-16,0.0,0.0,0.339,0.122,0.362,5.059,0.323,0.5419999999999999,0.0,0.376,0.142,22.702,1.965,0.0,0.0,0.0,0.0,0.633,0.5579999999999999,0.0,0.0,0.0,0.0,10.038,3.612,0.687,0.0,0.468,0.0,0.0,0.0,0.0,0.145,0.102,0.307,0.459,0.0,0.0,0.0,0.0,0.0,0.0,0.0,42.018,0.0,0.0,0.0,0.0,0.252,0.0,0.104,0.106,0.0,0.0,0.217,0.185,0.0,0.0,0.0,0.0,0.394,0.0,0.0,0.0,0.181,0.0,0.0,0.0,0.0,0.0,0.0,0.109,0.0,0.0,0.0,0.0,0.0,0.0,0.0,0.0,0.436,0.247,0.0,0.0,0.0,0.0,1.374,0.0,0.0,0.0,0.422,0.32,0.0,0.235,0.203,0.0,0.0,0.0,0.0,0.0,0.298,0.0,0.0,2.517,0.154,0.0,0.104,0.0,0.0,0.0,0.0,0.267,0.0,0.0,0.267,0.0,0.0,0.0,0.0,0.0,34.922,57.105,0.0,0.246,0.141,0.0,1.147,2.568,3.601
2-16,0.0,0.0,0.0,0.127,0.434,1.6,2.065,1.786,0.0,0.0,0.883,25.363,0.0,0.0,0.0,0.0,0.0,1.814,2.548,0.0,0.149,0.0,0.0,15.55,3.371,2.406,0.0,0.713,0.0,0.0,0.0,0.0,0.0,0.377,0.178,2.757,0.0,0.0,0.0,0.0,0.0,0.0,0.114,22.544,0.121,0.0,0.0,0.114,0.492,0.0,0.128,0.0,0.0,0.0,0.145,0.223,0.0,0.0,0.0,0.0,0.6749999999999999,0.0,0.0,0.0,0.109,0.239,0.0,0.0,0.0,0.0,0.0,0.208,0.123,0.175,0.0,0.0,0.0,0.199,0.0,0.0,0.529,0.4929999999999999,0.0,0.0,0.258,0.0,2.456,0.14,0.0,0.0,0.982,2.566,0.0,0.26,0.488,0.0,0.0,0.0,0.0,0.0,0.488,0.0,0.0,0.71,0.0,0.256,0.152,0.0,0.0,0.0,0.0,1.253,0.0,0.0,0.159,0.0,0.0,0.0,0.0,0.0,22.7,74.861,0.0,0.0,0.0,0.0,0.297,1.378,0.604
3-16,0.0,0.0,0.0,0.131,0.5599999999999999,1.284,1.795,1.422,0.0,0.0,0.683,23.615,0.0,0.0,0.0,0.0,0.0,1.262,1.853,0.0,0.549,0.0,0.134,25.498,10.844,1.013,0.0,0.904,0.0,0.0,0.0,0.0,0.0,0.258,0.16,0.0,0.0,0.0,0.0,0.0,0.0,0.0,0.817,8.635,0.0,0.0,0.0,0.0,0.219,0.0,0.0,0.0,0.0,0.0,0.0,0.39,0.0,0.0,0.0,0.0,0.198,0.0,0.0,0.0,0.0,0.985,0.0,0.0,0.0,0.0,0.0,1.335,0.0,0.0,0.0,0.112,0.0,0.134,0.0,0.0,0.0,0.0,0.0,0.0,0.109,0.0,8.922,0.0,0.0,0.0,1.041,0.261,0.134,1.395,0.0,0.0,0.0,0.0,0.0,0.0,0.395,0.0,0.0,1.013,0.0,0.207,0.0,0.157,0.0,0.0,0.0,0.764,0.0,0.0,0.0,0.0,0.0,0.0,0.0,0.0,42.429,41.02799999999999,0.0,0.0,0.0,0.0,8.628,5.457,2.458
4-16,0.11,0.0,0.0,0.107,0.581,0.981,4.573,2.238,0.0,0.0,0.591,16.637,0.0,0.0,0.0,0.0,0.0,0.6499999999999999,1.498,0.0,0.412,0.0,0.0,9.464,20.037,0.0,0.0,0.25,0.0,0.0,0.0,0.0,0.0,0.107,0.286,0.127,0.0,0.0,0.0,0.0,0.0,0.0,1.465,6.672,0.0,0.0,0.0,0.254,0.143,0.0,0.0,0.0,0.0,0.0,0.0,1.134,0.0,0.0,0.0,0.319,0.298,0.0,0.0,0.0,0.383,0.0,0.283,0.0,0.0,0.0,0.169,3.319,0.0,0.0,0.0,0.601,0.0,0.0,0.0,0.0,0.198,0.0,0.0,0.0,0.0,0.0,0.6779999999999999,0.0,0.0,0.0,2.425,1.715,0.37,2.687,0.559,0.0,0.0,0.0,0.0,0.0,0.146,0.0,0.0,15.403,0.0,0.198,0.0,0.0,0.0,0.0,0.0,1.363,0.0,0.0,0.0,0.0,0.0,0.0,0.0,0.0,53.303,37.305,0.0,0.0,0.0,0.0,9.338,0.0,0.0
1-17,0.0,0.0,0.0,0.0,0.47,0.864,0.0,0.11,0.0,0.289,0.998,23.851,0.0,0.0,0.0,0.0,0.0,0.118,0.0,0.0,0.0,0.0,0.0,10.807,34.755,0.0,0.0,0.9970000000000001,0.0,0.0,0.0,0.0,0.124,0.309,0.124,0.0,2.109,0.0,0.0,5.331,0.0,0.0,0.0,4.693,0.0,0.0,0.0,0.0,0.0,0.0,0.0,0.707,0.76,0.0,0.0,0.886,0.0,0.0,0.0,0.0,0.179,0.906,0.0,0.0,0.0,0.0,0.0,0.0,0.0,0.0,0.0,0.0,0.0,0.0,0.0,0.0,0.0,0.0,0.0,0.0,0.354,0.0,0.0,0.0,0.0,0.0,1.238,0.0,0.0,0.0,1.231,3.939,0.0,2.588,0.0,0.0,0.0,0.0,0.0,0.127,0.0,0.0,0.0,0.15,0.0,0.0,0.0,0.0,0.0,0.0,0.0,0.214,0.0,0.0,0.306,0.0,0.0,0.0,0.0,0.0,29.238,48.658,0.0,0.106,0.0,0.0,17.117,0.904,3.633
2-17,0.0,0.0,0.229,0.0,0.425,1.046,0.0,0.194,0.0,0.254,2.019,27.237,0.0,0.0,0.17,0.0,0.0,0.0,0.0,0.0,0.229,0.0,0.0,16.382,28.588,0.0,0.0,0.296,0.0,0.0,0.0,0.0,0.101,0.215,0.162,0.0,0.914,0.0,0.0,1.235,0.128,0.0,0.0,5.180000000000001,0.0,0.0,0.0,0.0,0.184,0.0,0.0,0.796,0.472,0.0,0.118,0.72,0.0,0.0,0.0,0.0,0.159,0.553,0.0,0.0,0.0,0.0,0.0,0.0,0.0,0.0,0.0,0.0,0.0,0.0,0.0,0.0,0.0,0.0,0.0,0.0,0.8170000000000001,0.0,0.0,0.0,0.799,0.165,1.55,0.0,0.0,0.0,1.182,2.568000000000001,0.0,2.36,0.165,0.0,0.0,0.0,0.0,0.158,0.142,0.0,0.0,0.263,0.0,0.0,0.0,0.0,0.0,0.0,0.0,0.8190000000000001,0.0,0.0,0.0,0.0,0.0,0.0,0.0,0.0,27.932,42.749,0.0,0.0,0.0,0.0,25.441,2.16,1.718
3-17,0.0,0.0,0.112,0.0,0.136,0.507,0.0,0.0,0.0,0.0,1.277,20.406,0.0,0.0,0.0,0.0,0.0,0.0,0.0,0.0,0.0,0.0,0.0,24.841,34.983,0.0,0.0,0.257,0.0,0.0,0.0,0.0,0.0,0.122,0.158,0.0,0.473,0.0,0.0,2.327,0.0,0.0,0.0,3.582,0.0,0.117,0.0,0.0,0.0,0.0,0.0,0.369,0.327,0.0,0.182,0.667,0.0,0.0,0.0,0.0,0.14,0.429,0.0,0.0,0.0,0.0,0.0,0.0,0.0,0.0,0.0,0.0,0.0,0.0,0.0,0.0,0.0,0.0,0.0,0.0,0.206,0.0,0.0,0.0,0.0,0.0,1.444,0.0,0.0,0.0,1.455,1.714,0.0,1.896,0.106,0.0,0.0,0.13,0.0,0.0,0.0,0.0,0.0,0.0,0.0,0.0,0.0,0.0,0.0,0.0,0.0,0.189,0.0,0.0,0.575,0.0,0.0,0.0,0.0,0.0,39.317,25.82,1.53,0.0,0.0,0.0,21.941,2.716,8.101
4-17,0.0,0.0,0.107,0.0,1.175,1.355,0.0,0.104,0.148,0.0,1.581,21.211,0.0,0.0,0.0,0.0,0.0,0.0,0.0,0.0,0.0,0.0,0.0,20.735,33.28,0.0,0.0,0.13,0.0,0.0,0.0,0.0,0.112,0.187,0.116,0.0,0.172,0.0,0.0,0.258,0.0,0.0,0.252,8.692,0.0,0.104,0.0,0.0,0.113,0.0,0.0,0.302,0.258,0.0,0.5910000000000001,0.872,0.0,0.0,0.0,0.0,0.433,0.374,0.0,0.0,0.0,0.0,0.0,0.122,0.0,0.0,0.0,0.118,0.0,0.0,0.0,0.0,0.0,0.0,0.0,0.0,0.34,0.0,0.0,0.0,0.166,0.2,1.6,0.0,0.0,0.0,1.156,0.298,0.0,1.431,0.228,0.0,0.0,0.119,0.0,0.0,0.0,0.0,0.0,0.333,0.0,0.0,0.0,0.0,0.0,0.0,0.0,0.499,0.0,0.0,0.296,0.0,0.0,0.0,0.0,0.0,34.78599999999999,49.84999999999999,1.695,0.0,0.0,0.0,11.957,1.289,0.0
1-18,0.0,0.0,0.351,0.0,1.562,0.731,0.0,0.5740000000000001,0.107,0.0,0.997,14.902,0.0,0.0,0.0,0.0,0.0,0.0,0.36,0.0,0.117,0.0,0.0,25.796,30.357,0.0,0.0,0.0,0.0,0.0,0.0,0.0,0.13,0.307,0.269,0.0,0.0,0.0,0.0,0.0,0.0,0.0,0.0,10.279,0.0,0.0,0.0,0.14,0.0,0.0,0.0,0.14,0.187,0.0,0.0,0.533,0.0,0.0,0.0,0.0,1.675,0.13,0.0,0.0,0.895,0.0,0.0,0.0,0.0,0.0,0.0,0.157,0.123,0.0,0.0,0.0,0.0,0.0,0.0,0.0,0.541,0.0,0.0,0.0,0.33,0.227,0.54,0.0,0.0,0.0,1.132,0.864,0.0,2.576,0.117,0.0,0.0,0.0,0.0,0.0,0.17,0.0,0.0,0.872,0.0,0.0,0.0,0.0,0.0,0.0,0.0,1.077,0.0,0.0,1.138,0.0,0.0,0.0,0.0,0.0,25.287,59.374,0.0,0.0,5.836,0.0,4.568000000000001,0.921,2.843
2-18,0.0,0.0,0.0,0.0,0.653,1.123,0.0,0.386,0.0,0.0,1.669,17.106,0.0,0.0,0.0,0.0,0.0,0.0,0.601,0.0,0.468,0.652,0.0,26.281,17.303,0.0,0.0,0.0,0.0,0.0,0.0,0.0,0.311,0.133,0.297,0.0,0.0,0.0,0.0,0.0,0.0,0.0,0.113,14.114,0.0,0.0,0.0,0.176,0.0,0.0,0.0,0.982,0.14,0.0,0.152,0.755,0.0,0.0,0.0,0.0,0.591,0.0,0.0,0.0,0.787,0.0,0.0,0.0,0.0,0.0,0.0,0.224,0.205,0.0,0.0,0.0,0.0,0.0,0.0,0.0,0.578,0.137,0.0,0.0,0.381,0.234,0.614,0.0,0.0,0.0,1.172,3.838,0.0,0.507,0.352,0.0,0.0,0.0,0.0,0.0,1.895,0.0,0.0,0.516,0.0,0.0,0.0,0.0,0.0,0.0,0.0,3.393,0.0,0.0,2.521,0.0,0.0,0.0,0.0,0.0,38.53,32.475,0.0,0.0,1.147,0.0,19.111,1.894,4.321
3-18,0.0,0.0,0.0,0.0,0.85,0.497,0.0,0.243,0.0,0.0,1.293,14.443,0.0,0.0,0.0,0.0,0.0,0.0,0.527,0.0,0.303,0.982,0.0,27.683,18.883,0.0,0.0,0.0,0.0,0.0,0.0,0.0,0.116,0.145,0.0,0.135,0.0,0.0,0.0,0.0,0.126,0.0,0.229,13.516,0.0,0.0,0.0,0.0,0.0,0.0,0.0,1.695,0.0,0.0,0.0,0.436,0.0,0.0,0.0,0.0,0.388,0.0,0.0,0.0,1.15,0.0,0.0,0.0,0.0,0.0,0.103,0.142,0.0,0.0,0.0,0.0,0.0,0.0,0.0,0.0,0.259,0.0,0.0,0.0,0.22,0.0,0.901,0.0,0.0,0.0,1.492,4.826,0.0,0.404,0.155,0.0,0.0,0.0,0.0,0.0,5.592,0.0,0.0,0.355,0.0,0.0,0.0,0.0,0.0,0.0,0.0,0.769,0.0,0.0,1.061,0.0,0.0,0.0,0.0,0.0,27.277,30.987,0.0,0.31,0.0,0.0,16.248,2.563,21.538
4-18,0.0,0.0,0.242,0.0,1.696,1.159,0.0,1.425,0.121,0.0,1.388,21.076,0.0,0.0,0.0,0.0,0.0,0.0,0.717,0.0,0.362,0.718,0.0,16.583,19.096,0.0,0.0,0.0,0.0,0.0,0.0,0.0,0.154,0.109,0.187,0.0,0.0,0.0,0.0,0.0,0.0,0.0,1.047,13.539,0.0,0.29,0.0,0.0,0.0,0.0,0.146,1.603,0.0,0.0,0.147,0.608,0.0,0.0,0.0,0.0,0.999,0.0,0.0,0.0,1.515,0.0,0.0,0.0,0.0,0.0,0.124,1.185,0.0,0.0,0.0,0.0,0.0,0.0,0.0,0.0,0.643,0.0,0.0,0.0,0.637,0.392,0.392,0.0,0.0,0.0,2.207,1.248,0.0,0.406,0.359,0.0,0.0,0.0,0.0,0.0,2.72,0.0,0.197,2.349,0.0,0.0,0.0,0.161,0.0,0.0,0.0,0.892,0.0,0.0,1.262,0.0,0.127,0.0,0.0,0.0,30.358,49.551,0.436,0.513,0.0,0.0,15.77,1.839,0.145
1-19,0.0,0.0,0.0,0.0,0.462,0.0,0.0,0.0,0.0,0.0,2.186,22.116,0.0,0.0,0.0,0.0,0.0,0.108,0.0,0.0,0.0,0.0,0.0,2.645,48.228,0.0,1.212,0.383,0.0,0.0,0.0,0.0,0.0,0.0,0.0,0.0,0.0,0.0,0.0,0.0,0.0,0.0,0.0,1.174,0.0,0.114,0.0,0.0,0.0,0.0,0.0,2.323,0.0,0.0,0.0,0.783,0.0,0.0,0.0,0.125,0.0,1.408,0.0,0.0,0.0,0.0,0.0,0.0,0.0,0.0,0.0,0.0,0.0,0.0,0.0,0.0,0.0,0.0,0.0,0.0,0.131,0.0,0.0,0.0,0.0,0.0,0.178,0.0,0.0,0.0,3.014,0.0,0.0,5.716,0.0,0.0,6.312,0.0,0.0,0.0,0.286,0.342,0.0,0.0,0.0,0.0,0.0,0.0,0.0,0.0,0.0,0.22,0.0,0.0,0.0,0.0,0.0,0.0,0.0,0.0,83.435,0.641,0.0,0.0,0.0,0.0,0.111,9.027,6.785
2-19,0.0,0.0,0.0,0.0,0.0,0.0,0.0,0.0,0.0,0.0,2.289,31.326,0.0,0.0,0.0,0.0,0.0,0.0,0.0,0.0,0.0,0.0,0.0,0.756,55.944,0.0,0.0,0.389,0.0,0.0,0.0,0.0,0.0,0.0,0.0,0.0,0.148,0.0,0.0,0.0,0.0,0.0,0.0,0.198,0.0,0.0,0.0,0.0,0.0,0.0,0.0,1.594,0.0,0.0,0.0,0.186,0.0,0.0,0.0,0.0,0.0,0.473,0.0,0.0,0.0,0.0,0.0,0.0,0.0,0.0,0.0,0.0,0.0,0.0,0.0,0.0,0.0,0.0,0.0,0.0,0.0,0.0,0.0,0.0,0.0,0.0,0.457,0.0,0.0,0.0,0.909,0.0,0.0,3.296,0.0,0.0,1.075,0.0,0.0,0.0,0.191,0.173,0.0,0.0,0.0,0.0,0.0,0.0,0.0,0.0,0.0,0.146,0.0,0.0,0.0,0.0,0.0,0.0,0.0,0.0,63.489,1.184,0.0,0.0,0.0,0.0,0.45,32.329,2.548
3-19,0.0,0.0,0.0,0.0,0.295,0.0,0.0,0.0,0.0,0.0,3.487,32.932,0.0,0.0,0.0,0.0,0.0,0.0,0.0,0.0,0.0,0.0,0.0,3.373,48.966,0.0,0.0,0.0,0.0,0.0,0.0,0.0,0.0,0.0,0.0,0.0,0.0,0.0,0.0,0.0,0.0,0.0,0.0,0.0,0.0,0.0,0.0,0.0,0.0,0.0,0.0,3.359,0.0,0.0,0.0,0.138,0.0,0.0,0.0,0.119,0.0,0.955,0.0,0.0,0.0,0.0,0.0,0.0,0.0,0.0,0.0,0.0,0.0,0.0,0.0,0.0,0.0,0.0,0.0,0.0,0.0,0.0,0.0,0.0,0.0,0.0,0.7860000000000001,0.0,0.0,0.0,1.236,0.0,0.0,1.05,0.0,0.0,1.894,0.0,0.0,0.0,1.042,0.0,0.0,0.0,0.0,0.0,0.0,0.0,0.0,0.0,0.0,0.0,0.0,0.0,0.0,0.0,0.0,0.0,0.0,0.0,59.044,0.0,0.0,0.0,0.0,0.0,0.0,17.015,23.94
1-20,0.0,0.0,0.0,0.0,0.141,0.0,0.0,0.0,0.0,0.0,2.643,23.899,0.0,0.0,0.0,0.0,0.0,0.174,0.0,0.0,0.0,0.0,0.0,11.08,35.444,0.0,0.145,1.108,0.0,0.0,0.0,0.0,0.0,0.445,0.0,0.0,7.234,0.0,0.0,0.351,0.0,0.0,0.0,0.0,0.0,0.0,0.0,0.0,0.0,0.0,0.0,4.799,0.46,0.0,0.0,0.469,0.0,0.0,0.0,0.0,0.0,2.152,0.0,0.0,0.0,0.0,0.0,0.196,0.0,0.0,0.0,0.0,0.0,0.0,0.0,0.0,0.0,0.0,0.0,0.0,0.0,0.0,0.0,0.0,0.0,0.0,0.138,0.0,0.0,0.0,0.7869999999999999,0.0,0.0,7.688,0.0,0.0,0.0,0.141,0.0,0.0,0.0,0.0,0.0,0.0,0.0,0.0,0.0,0.0,0.0,0.0,0.0,0.0,0.0,0.0,0.0,0.0,0.0,0.0,0.0,0.0,54.252,39.067,0.0,0.0,0.0,0.0,0.477,1.814,4.379
2-20,0.0,0.0,0.0,0.0,0.0,0.0,0.0,0.0,0.0,0.0,1.599,18.765,0.0,0.0,0.0,0.0,0.0,0.169,0.0,0.0,0.0,0.0,0.0,8.946,40.678,0.0,0.106,0.677,0.0,0.0,0.0,0.0,0.0,0.366,0.0,0.0,6.545,0.0,0.0,0.0,0.0,0.0,0.0,0.288,0.0,0.467,0.0,0.0,0.0,0.0,0.0,8.009,0.0,0.0,0.192,1.242,0.0,0.0,0.0,0.0,0.0,5.626,0.0,0.0,0.0,0.0,0.0,0.48,0.0,0.0,0.0,0.0,0.0,0.0,0.0,0.0,0.0,0.0,0.0,0.0,0.0,0.0,0.0,0.0,0.0,0.0,0.169,0.0,0.0,0.0,0.734,0.0,0.0,3.563,0.0,0.0,0.482,0.325,0.0,0.0,0.0,0.0,0.0,0.0,0.0,0.0,0.0,0.0,0.0,0.0,0.0,0.0,0.0,0.0,0.0,0.0,0.0,0.0,0.0,0.0,62.154,26.355,0.0,0.0,0.0,0.0,0.317,6.229,4.945
3-20,0.0,0.0,0.0,0.0,0.0,0.0,0.0,0.0,0.0,0.0,3.693,9.915,0.0,0.0,0.0,0.0,0.0,0.213,0.0,0.0,0.0,0.0,0.0,21.441,49.781,0.0,0.0,0.281,0.0,0.0,0.0,0.0,0.152,0.32,0.129,0.0,1.471,0.0,0.0,0.0,0.0,0.0,0.0,0.0,0.0,0.0,0.0,0.0,0.0,0.0,0.0,5.635,0.207,0.0,0.0,0.374,0.0,0.0,0.0,0.0,0.0,3.256,0.0,0.0,0.0,0.0,0.0,0.0,0.0,0.0,0.0,0.0,0.0,0.0,0.0,0.0,0.0,0.0,0.0,0.0,0.0,0.0,0.0,0.0,0.0,0.0,0.487,0.0,0.0,0.0,0.483,0.0,0.0,1.317,0.0,0.0,0.226,0.0,0.0,0.0,0.0,0.148,0.0,0.103,0.0,0.0,0.0,0.0,0.0,0.0,0.0,0.129,0.0,0.0,0.0,0.0,0.0,0.0,0.0,0.0,64.32000000000001,16.413,0.0,0.0,0.0,0.0,0.0,6.045,13.222
1-21,0.0,0.0,0.314,0.0,0.239,1.005,0.185,4.661,0.0,0.0,0.0,28.762,0.0,0.0,0.0,0.824,0.121,0.113,0.853,0.0,0.0,0.0,0.0,9.156,5.113,0.0,0.0,0.0,0.0,0.0,0.0,0.0,0.0,0.137,0.0,0.0,0.0,0.0,0.0,0.0,0.238,0.0,0.0,10.79,0.0,0.0,0.0,0.214,0.7909999999999999,0.0,0.365,14.364,0.0,0.0,0.0,0.0,0.0,0.0,0.0,0.0,0.169,0.0,0.0,0.0,0.18,0.0,0.0,0.0,0.0,0.0,0.0,0.0,0.154,0.0,0.0,0.0,0.0,0.0,0.0,0.0,0.5549999999999999,0.0,0.0,0.0,1.37,0.102,1.827,0.15,0.0,0.0,1.033,7.772,0.319,0.9949999999999999,1.708,0.0,0.0,0.0,0.0,0.0,0.646,0.0,0.0,1.648,0.0,0.125,0.0,0.126,0.0,0.0,0.618,0.497,0.0,0.0,0.432,0.0,0.0,0.0,0.0,0.0,32.983,39.256,0.0,0.0,0.0,0.0,23.484,1.242,2.574
2-21,0.0,0.0,0.5710000000000001,0.0,0.636,2.015,0.146,3.032,0.0,0.0,0.217,21.875,0.0,0.0,0.0,0.449,0.0,0.224,1.05,0.0,0.264,0.0,0.0,4.752,5.707,0.0,0.0,0.154,0.0,0.114,0.0,0.0,0.0,0.0,0.296,0.0,0.0,0.0,0.0,0.0,0.0,0.0,0.106,25.694,0.0,0.0,0.0,0.142,0.181,0.0,0.0,14.427,0.0,0.0,0.0,0.0,0.0,0.0,0.0,0.0,0.0,0.0,0.106,0.122,0.0,0.142,0.0,0.0,0.0,0.0,0.0,0.201,0.0,0.0,0.0,0.0,0.0,0.0,0.0,0.0,0.279,0.0,0.571,0.0,0.282,0.0,0.598,0.107,0.13,0.0,1.059,6.276000000000001,0.6569999999999999,0.571,1.378,0.0,0.0,0.0,0.13,0.421,0.921,0.0,0.0,2.102,0.0,0.142,0.0,0.22,0.0,0.0,0.0,0.54,0.0,0.0,0.479,0.0,0.0,0.0,0.0,0.0,33.951,37.95,0.0,0.0,0.0,0.0,24.782,2.081,0.758
3-21,0.0,0.0,0.487,0.0,0.991,2.623,0.188,1.574,0.0,0.0,0.632,27.989,0.0,0.0,0.306,0.296,0.0,0.0,0.556,0.0,0.403,0.0,0.0,2.743,11.018,0.0,0.0,0.0,0.0,0.208,0.0,0.0,0.0,0.0,0.0,0.0,0.0,0.0,0.0,0.0,0.174,0.285,0.574,24.065,0.0,0.0,0.0,0.356,0.118,0.0,0.0,7.293,0.0,0.0,0.129,0.428,0.0,0.0,0.0,0.0,0.372,0.0,0.0,0.0,1.305,0.0,0.0,0.0,0.0,0.0,0.0,0.386,0.226,0.0,0.115,0.0,0.0,0.0,0.0,0.0,0.61,0.324,0.0,0.0,2.333,0.379,0.32,0.0,0.17,0.0,1.204,3.524,0.511,0.508,1.008,0.0,0.0,0.0,0.0,0.0,0.254,0.0,0.0,1.343,0.0,0.0,0.0,0.191,0.0,0.0,0.101,0.275,0.0,0.0,0.276,0.0,0.0,0.0,0.0,0.0,28.388,45.423,0.0,0.0,0.0,0.0,17.478,0.524,7.911
4-21,0.452,0.0,0.22,0.0,0.8869999999999999,2.555,0.52,1.388,0.0,0.0,0.269,29.681,0.11,0.215,0.155,0.0,0.0,0.0,0.881,0.0,0.0,0.0,0.0,10.358,6.763,0.0,0.0,0.114,0.0,0.0,0.0,0.0,0.0,0.0,0.0,0.0,0.0,0.0,0.0,0.0,0.0,0.333,0.246,16.882,0.0,0.493,0.0,0.256,0.597,0.0,0.0,7.716,0.0,0.0,0.105,0.279,0.0,0.0,0.0,0.0,0.457,0.0,0.0,0.0,1.004,0.0,0.104,0.0,0.0,0.0,0.0,0.343,0.224,0.0,0.0,0.0,0.0,0.137,0.0,0.0,0.446,0.0,0.0,0.0,1.976,0.215,0.329,0.0,0.256,0.0,1.369,4.239,0.698,0.142,1.446,0.0,0.0,0.0,0.0,0.0,0.999,0.0,0.0,2.269,0.0,0.0,0.0,0.0,0.114,0.0,0.114,0.439,0.0,0.0,0.829,0.0,0.0,0.0,0.0,0.0,53.59899999999999,26.762,0.0,1.84,0.0,0.255,15.542,0.95,0.224
1-22,0.0,0.0,0.0,0.0,0.118,0.0,0.0,0.0,0.209,1.048,2.303,22.834,0.0,0.0,0.0,0.0,0.0,0.0,0.0,0.0,0.0,0.0,0.0,19.223,39.272,0.0,0.0,0.129,0.0,0.0,0.0,0.0,0.572,0.3,0.138,0.0,0.34,0.0,0.0,0.0,0.0,0.0,0.0,0.109,0.0,0.0,0.0,0.0,0.0,0.0,0.0,0.166,1.498,0.0,0.0,0.303,0.0,0.0,0.0,0.0,0.903,0.113,0.0,0.0,0.274,0.0,0.0,0.0,0.0,0.0,0.0,0.0,0.0,0.0,0.0,0.0,0.0,0.0,0.0,0.0,0.0,0.0,0.0,0.0,0.0,0.0,3.096,0.0,0.0,0.0,1.681,0.143,0.0,3.59,0.0,0.0,0.0,0.0,0.0,0.0,0.0,0.0,0.0,0.297,0.0,0.0,0.0,0.0,0.0,0.0,0.0,0.6,0.0,0.0,0.511,0.0,0.0,0.0,0.0,0.0,72.03499999999998,20.525,0.228,0.0,0.0,0.0,0.26,4.188,2.236
2-22,0.0,0.0,0.0,0.0,0.154,0.0,0.0,0.102,0.405,0.964,4.031,26.133,0.0,0.0,0.0,0.0,0.0,0.0,0.0,0.0,0.0,0.0,0.0,6.180000000000001,47.22,0.0,0.0,0.259,0.0,0.0,0.0,0.0,0.226,0.5780000000000001,0.0,0.0,0.62,0.0,0.0,0.0,0.0,0.0,0.0,0.173,0.0,0.16,0.0,0.0,0.0,0.0,0.0,0.204,1.485,0.0,0.0,0.0,0.0,0.0,0.0,0.0,1.889,0.187,0.0,0.0,0.0,0.322,0.0,0.0,0.0,0.0,0.0,0.0,0.0,0.0,0.0,0.0,0.0,0.0,0.0,0.0,0.127,0.0,0.0,0.0,0.0,0.0,2.766,0.0,0.0,0.0,1.448,0.143,0.0,3.219,0.0,0.0,0.0,0.0,0.0,0.0,0.0,0.0,0.0,0.0,0.0,0.0,0.0,0.0,0.0,0.0,0.0,0.233,0.0,0.0,0.0,0.0,0.0,0.0,0.0,0.0,33.773,41.914,0.0,0.0,0.0,0.0,8.396,2.68,13.237
3-22,0.0,0.0,0.0,0.0,0.242,0.0,0.0,0.0,0.0,0.0,2.019,31.264,0.0,0.0,0.0,0.0,0.0,0.0,0.0,0.0,0.0,0.0,0.0,0.37,57.051,0.0,0.474,0.0,0.0,0.0,0.0,0.0,0.171,0.0,0.0,0.0,0.0,0.0,0.0,0.0,0.0,0.0,0.0,1.611,0.0,0.0,0.0,0.0,0.0,0.0,0.0,0.0,0.408,0.0,0.0,0.412,0.0,0.0,0.0,0.0,0.0,0.0,0.0,0.0,0.175,0.0,0.0,0.0,0.0,0.0,0.0,3.047,0.0,0.0,0.0,0.0,0.0,0.0,0.0,0.0,0.0,0.0,0.0,0.0,0.0,0.455,0.0,0.0,0.0,0.0,1.312,0.0,0.0,0.274,0.0,0.0,0.0,0.0,0.0,0.0,0.0,0.0,0.0,0.332,0.0,0.0,0.0,0.0,0.0,0.0,0.0,0.0,0.0,0.0,0.0,0.0,0.0,0.0,0.0,0.0,19.698,7.846,0.0,0.0,0.0,0.0,0.328,0.0,72.127
4-22,0.0,0.0,0.0,0.0,0.171,0.0,0.0,0.0,0.0,0.0,2.957,33.879,0.0,0.0,0.0,0.0,0.0,0.0,0.0,0.0,0.0,0.0,0.0,1.537,52.497,0.0,0.0,0.0,0.0,0.0,0.0,0.0,0.0,0.0,0.0,0.0,0.0,0.0,0.0,0.0,0.0,0.0,0.0,0.342,0.0,0.0,0.0,0.0,0.0,0.0,0.0,0.0,0.126,0.0,0.0,0.704,0.0,0.0,0.0,0.0,0.0,0.11,0.0,0.0,0.211,0.0,0.0,0.0,0.0,0.0,0.0,0.78,0.0,0.0,0.0,0.0,0.0,0.0,0.0,0.0,0.0,0.0,0.0,0.0,0.0,0.203,3.469,0.0,0.0,0.0,0.8939999999999999,0.0,0.0,0.6950000000000001,0.0,0.0,0.0,0.11,0.0,0.0,0.0,0.0,0.0,0.346,0.0,0.0,0.0,0.0,0.0,0.0,0.0,0.313,0.0,0.0,0.0,0.0,0.0,0.0,0.0,0.0,76.075,21.614,0.0,0.0,0.0,0.0,0.366,1.882,0.0
1-23,0.0,0.0,0.127,0.0,0.0,0.837,0.159,22.481,0.0,0.0,0.779,21.269,0.0,0.0,0.118,0.0,0.0,0.235,0.42,0.0,0.133,0.169,0.0,5.868,13.347,0.0,0.146,0.307,0.0,0.0,0.153,0.0,0.0,1.571,0.222,0.0,0.0,0.0,0.0,0.0,0.0,0.123,0.0,9.011,0.0,0.0,0.0,0.0,0.334,0.0,0.0,1.491,0.176,0.0,0.0,0.176,0.0,0.0,0.0,0.0,0.4320000000000001,0.146,0.0,0.0,0.0,0.192,0.0,0.0,0.0,0.0,0.0,0.161,0.0,0.0,0.0,0.0,0.0,0.0,0.0,0.0,0.302,0.0,0.0,0.0,0.224,0.127,2.524,0.0,0.0,0.0,4.331,0.803,0.0,2.515,0.366,0.0,0.0,0.0,0.0,0.172,5.234,0.0,0.0,0.42,0.0,0.0,0.0,0.17,0.0,0.0,0.0,1.208,0.0,0.0,0.422,0.0,0.0,0.0,0.0,0.0,51.133,24.044,0.0,0.547,0.0,0.0,18.417,3.086,2.35
2-23,0.0,0.0,0.158,0.0,0.0,0.303,0.0,43.377,0.0,0.0,1.253,18.724,0.0,0.0,0.113,0.0,0.0,0.0,0.318,0.0,0.0,0.0,0.0,12.626,6.379,0.0,0.0,0.182,0.0,0.0,0.0,0.0,0.0,0.825,0.0,0.0,0.0,0.0,0.4,0.0,0.0,0.0,0.0,2.982,0.0,0.0,0.0,0.0,0.176,0.0,0.0,0.239,0.0,0.0,0.0,0.0,0.0,0.0,0.0,0.0,0.205,0.0,0.0,0.0,0.23,0.129,0.0,0.0,0.0,0.0,0.0,0.0,0.0,0.0,0.0,0.0,0.0,0.0,0.0,0.0,0.0,0.0,0.0,0.0,0.0,0.129,3.149,0.0,0.0,0.0,1.955,0.139,0.0,0.881,0.11,0.0,0.0,0.0,0.0,0.0,3.478,0.17,0.0,0.0,0.0,0.0,0.0,0.0,0.0,0.0,0.0,0.359,0.0,0.0,0.0,0.0,0.0,0.0,0.0,0.0,37.96,39.248,0.0,0.0,0.0,0.0,20.638,1.94,0.215
3-23,0.0,0.0,0.116,0.0,0.164,0.5840000000000001,0.0,31.552,0.0,0.0,0.862,16.718,0.0,0.0,0.272,0.0,0.0,0.0,0.239,0.0,0.0,0.0,0.0,10.765,10.823,0.0,0.209,0.0,0.0,0.0,0.0,0.0,0.0,0.682,0.0,0.0,0.0,0.0,0.19,0.0,0.0,0.0,0.223,9.585,0.0,0.0,0.0,0.145,0.0,0.0,0.13,1.084,0.0,0.0,0.0,0.279,0.0,0.0,0.0,0.108,0.339,0.0,0.0,0.0,0.358,0.0,0.0,0.0,0.0,0.0,0.0,0.119,0.0,0.0,0.0,0.0,0.0,0.0,0.0,0.0,0.242,0.0,0.0,0.0,0.201,0.0,1.665,0.0,0.0,0.0,4.098,0.439,0.0,1.103,0.268,0.0,0.0,0.0,0.0,0.0,3.799,0.0,0.0,0.3089999999999999,0.0,0.0,0.0,0.0,0.0,0.0,0.0,1.2,0.0,0.0,0.0,0.0,0.0,0.0,0.0,0.0,36.976,36.041,0.608,0.601,0.0,0.0,21.312,3.316,1.147
4-23,0.0,0.0,0.235,0.0,0.193,0.8130000000000001,0.133,17.048,0.0,0.0,0.903,25.802,0.0,0.0,0.162,0.0,0.0,0.169,0.621,0.0,0.123,0.271,0.0,9.629,14.56,0.0,1.697,0.0,0.0,0.0,0.0,0.0,0.0,1.179,0.166,0.0,0.0,0.0,0.965,0.0,0.0,0.214,0.115,7.559,0.0,0.142,0.0,0.0,0.277,0.0,0.0,1.284,0.0,0.0,0.0,0.277,0.0,0.0,0.0,0.0,0.432,0.0,0.0,0.0,0.145,0.0,0.0,0.0,0.0,0.0,0.0,0.325,0.0,0.0,0.0,0.0,0.0,0.0,0.0,0.0,1.094,0.0,0.0,0.0,0.44,0.0,0.5840000000000001,0.0,0.0,0.0,3.936999999999999,1.176,0.124,1.185,0.5,0.0,0.0,0.0,0.0,0.178,3.009,0.0,0.0,0.375,0.0,0.0,0.0,0.0,0.0,0.0,0.0,0.798,0.0,0.0,0.169,0.0,0.0,0.0,0.0,0.0,21.449,66.85,0.0,0.0,0.0,0.0,11.214,0.0,0.26
1-24,0.0,0.0,0.0,0.0,0.642,0.883,0.616,2.784,0.0,0.0,1.218,19.758,0.0,0.0,0.0,0.283,0.0,0.124,0.9600000000000001,0.0,0.0,1.169,0.0,7.779000000000001,16.791,0.0,0.0,0.319,0.0,0.0,0.0,0.0,0.0,0.0,0.287,0.0,0.0,0.0,0.0,0.0,0.152,0.0,0.0,6.746,0.0,0.0,0.0,0.0,0.237,0.0,0.0,3.174,0.0,0.0,0.0,0.12,0.0,0.0,0.0,0.0,0.729,0.0,0.0,0.0,0.0,0.131,0.0,0.0,0.0,0.0,0.0,0.471,0.0,0.0,0.0,0.149,0.0,0.0,0.0,0.11,0.156,0.0,0.0,0.0,0.0,0.0,5.236000000000001,0.0,0.0,0.0,2.324,17.418,1.169,2.851,2.161,0.0,0.0,0.0,0.0,0.17,0.272,0.0,0.0,0.348,0.0,0.0,0.0,0.0,0.0,0.0,0.0,0.885,0.0,0.0,0.11,0.0,0.0,0.0,0.0,0.0,55.867,27.759,0.0,0.0,0.0,0.0,10.947,0.538,4.721
2-24,0.0,0.0,0.0,0.108,1.011,1.087,0.983,1.608,0.0,0.0,2.561,20.085,0.0,0.0,0.0,0.186,0.0,0.117,0.8350000000000001,0.0,0.0,1.212,0.0,5.952,17.579,0.0,0.0,0.132,0.0,0.0,0.0,0.0,0.0,0.0,0.524,0.0,0.0,0.0,0.0,0.0,0.0,0.0,0.0,7.042,0.0,0.0,0.0,0.206,0.6100000000000001,0.0,0.0,1.488,0.0,0.0,0.0,0.136,0.0,0.0,0.0,0.0,1.1,0.0,0.0,0.0,0.159,0.202,0.0,0.0,0.0,0.0,0.206,0.949,0.0,0.0,0.0,0.33,0.182,0.0,0.0,0.0,0.124,0.0,0.0,0.0,0.0,0.132,6.617,0.0,0.0,0.0,1.64,14.885,1.049,2.456,2.261,0.0,0.0,0.0,0.0,0.12,0.357,0.0,0.0,0.804,0.0,0.0,0.0,0.0,0.0,0.0,0.548,1.728,0.0,0.0,0.0,0.0,0.0,0.0,0.0,0.0,43.248,34.989,0.0,0.0,0.0,0.0,15.819,1.966,3.978
3-24,0.0,0.0,0.0,0.0,0.344,0.836,0.183,1.495,0.0,0.0,0.947,14.922,0.0,0.0,0.0,0.139,0.0,0.0,0.139,0.0,0.0,0.447,0.0,11.418,24.824,0.0,0.0,0.257,0.0,0.0,0.0,0.0,0.0,0.0,0.242,0.0,0.0,0.0,0.0,0.0,0.132,0.0,0.0,3.989,0.0,0.191,0.0,0.169,0.125,0.0,0.0,2.992,0.0,0.0,0.0,0.169,0.0,0.0,0.0,0.0,0.169,0.0,0.0,0.0,0.0,0.249,0.0,0.0,0.0,0.0,0.0,0.389,0.0,0.0,0.0,0.286,0.0,0.0,0.0,0.0,0.0,0.0,0.0,0.0,0.0,0.0,8.316,0.0,0.0,0.0,2.001,19.644,0.785,1.335,0.851,0.0,0.0,0.0,0.0,0.0,0.301,0.0,0.0,1.012,0.0,0.0,0.0,0.0,0.0,0.0,0.0,0.425,0.0,0.0,0.194,0.0,0.0,0.0,0.0,0.0,57.658,17.155,0.0,0.0,0.0,0.0,15.372,0.746,8.875
1-25,0.0,0.0,0.184,0.0,5.405,2.739,0.0,1.98,0.0,0.0,1.072,24.55,0.0,0.0,0.0,0.0,0.0,0.216,1.876,0.0,0.0,0.0,0.0,16.02,8.5,0.0,0.0,0.883,0.0,0.0,0.0,0.0,0.0,0.175,0.0,0.0,0.599,0.0,0.0,0.0,0.0,0.0,0.0,15.393,0.0,0.0,0.0,0.0,0.166,0.0,0.0,3.591,0.821,0.0,0.0,0.148,0.0,0.0,0.0,0.0,0.0,0.185,0.0,0.0,0.0,0.0,0.0,0.0,0.0,0.0,0.0,0.0,0.0,0.0,0.0,0.16,0.0,0.0,0.0,0.0,1.135,0.0,0.106,0.0,0.104,0.147,0.764,0.0,0.0,0.0,6.915999999999999,2.525,0.0,0.261,0.554,0.0,0.0,0.0,0.0,0.166,0.0,0.0,0.0,0.497,0.0,0.127,0.0,0.0,0.0,0.0,0.0,1.001,0.0,0.0,0.0,0.0,0.0,0.0,0.0,0.0,68.284,7.550999999999999,0.0,0.0,0.0,0.0,17.981,3.196,2.978
2-25,0.0,0.0,0.515,0.0,2.927,3.989,0.0,5.797,0.0,0.165,0.448,20.817,0.168,0.0,0.113,0.0,0.0,0.43,1.205,0.0,0.0,0.0,0.0,3.548,10.081,0.0,0.0,0.979,0.0,0.0,0.0,0.0,0.0,0.427,0.0,0.0,2.026,0.0,0.0,0.0,0.0,0.193,0.0,15.103,0.0,0.0,0.0,0.124,0.285,0.0,0.0,2.377,4.672,0.0,0.0,0.0,0.0,0.0,0.0,0.0,0.0,0.209,0.0,0.0,0.0,0.0,0.0,0.0,0.0,0.0,0.0,0.0,0.129,0.241,0.0,0.209,0.0,0.0,0.112,0.0,3.022,0.0,0.568,0.0,0.365,0.175,0.8390000000000001,0.0,0.0,0.0,10.111,2.386,0.0,0.297,1.418,0.0,0.0,0.0,0.0,0.349,0.292,0.0,0.0,0.294,0.0,0.336,0.0,0.117,0.0,0.0,0.0,0.988,0.0,0.0,0.0,0.0,0.0,0.0,0.0,0.0,61.871,17.877,0.0,0.0,0.0,0.0,16.826,1.965,1.46
3-25,0.0,0.0,0.319,0.0,3.534,1.991,0.0,1.469,0.0,0.184,0.8320000000000001,22.648,0.0,0.0,0.0,0.0,0.0,0.236,2.496,0.0,0.0,0.123,0.0,20.984,6.606,0.0,0.0,0.667,0.0,0.0,0.0,0.0,0.0,0.161,0.0,0.0,2.271,0.0,0.0,0.0,0.0,0.0,0.0,15.868,0.0,0.0,0.0,0.0,0.229,0.0,0.0,2.48,1.076,0.0,0.0,0.169,0.0,0.0,0.0,0.0,0.0,0.175,0.0,0.0,0.0,0.0,0.0,0.0,0.0,0.0,0.0,0.0,0.0,0.0,0.0,0.0,0.0,0.0,0.0,0.0,0.4320000000000001,0.0,0.135,0.0,0.394,0.15,1.652,0.0,0.0,0.0,7.391,1.877,0.0,0.229,0.593,0.0,0.0,0.0,0.0,0.0,0.341,0.0,0.0,0.685,0.0,0.0,0.0,0.0,0.0,0.0,0.0,0.673,0.0,0.0,0.0,0.0,0.0,0.0,0.0,0.0,60.095,10.338,0.0,0.0,0.0,0.0,24.855,3.855,0.856
4-25,0.0,0.0,0.262,0.0,4.052,2.292,0.0,1.276,0.0,0.5830000000000001,0.552,15.319,0.0,0.0,0.0,0.0,0.0,0.489,0.478,0.0,0.0,0.0,0.0,28.465,8.464,0.0,0.0,0.893,0.0,0.0,0.0,0.0,0.0,0.165,0.0,0.0,1.504,0.0,0.0,0.0,0.0,0.149,0.0,16.059,0.0,0.0,0.0,0.0,0.305,0.0,0.0,3.759,0.466,0.0,0.126,0.219,0.0,0.0,0.0,0.0,0.0,0.595,0.0,0.0,0.0,0.0,0.0,0.0,0.0,0.0,0.0,0.0,0.0,0.0,0.0,0.0,0.0,0.0,0.0,0.184,0.407,0.0,0.133,0.0,0.603,0.301,1.121,0.0,0.0,0.0,4.77,2.412,0.0,0.38,0.607,0.0,0.0,0.0,0.0,0.0,0.274,0.0,0.0,0.54,0.0,0.0,0.353,0.223,0.0,0.0,0.0,0.654,0.0,0.0,0.0,0.0,0.0,0.0,0.0,0.0,53.071,21.699,0.0,0.0,0.0,0.0,21.601,3.508,0.119
1-26,0.0,0.0,0.0,0.0,0.446,1.925,0.231,0.0,0.0,0.0,0.386,33.353,0.0,0.0,0.0,0.0,0.0,2.596,0.248,0.0,0.0,0.0,0.0,0.0,6.761,3.277,0.0,2.797,0.0,2.167,0.0,0.0,0.0,0.0,0.0,0.0,0.267,0.0,0.0,0.0,0.0,0.0,0.0,1.559,0.0,0.0,0.0,0.0,0.0,0.0,0.0,36.245,0.0,0.0,0.0,0.0,0.0,0.0,0.0,0.0,0.0,0.645,0.0,0.0,0.0,0.0,0.0,0.0,0.0,0.0,0.0,0.251,0.0,0.0,0.0,0.0,0.0,0.0,0.0,0.0,0.235,0.0,0.0,0.0,0.0,0.0,0.0,0.0,0.0,0.293,1.154,0.0,0.0,3.104,0.0,0.0,0.0,0.0,0.0,0.0,0.458,0.0,0.0,0.0,0.0,0.183,0.0,0.178,0.0,0.0,0.0,0.5369999999999999,0.0,0.0,0.0,0.0,0.0,0.0,0.0,0.0,63.557,29.064,0.0,0.0,0.729,0.0,0.408,1.03,5.212
2-26,0.0,0.0,0.0,0.116,0.363,0.996,0.0,0.261,0.0,0.0,0.486,6.879,0.0,0.0,0.0,0.0,0.0,3.0,0.402,0.0,0.0,0.0,0.0,47.48,6.428,5.771,0.0,3.404,0.0,3.43,0.0,0.0,0.0,0.167,0.0,0.0,0.487,0.0,0.0,0.0,0.0,0.0,0.0,5.552,0.0,0.0,0.0,0.0,0.0,0.0,0.0,7.022,0.0,0.0,0.0,0.103,0.0,0.0,0.0,0.0,0.0,1.926,0.0,0.0,0.0,0.0,0.0,0.0,0.0,0.0,0.0,0.107,0.0,0.0,0.0,0.0,0.0,0.0,0.0,0.0,0.0,0.0,0.0,0.0,0.0,0.0,0.0,0.0,0.0,0.0,2.366,0.0,0.0,1.051,0.0,0.0,0.0,0.0,0.0,0.0,0.267,0.0,0.0,0.0,0.0,0.225,0.0,0.234,0.0,0.0,0.0,0.451,0.0,0.0,0.0,0.0,0.0,0.0,0.0,0.0,60.94,33.259,0.0,0.0,1.14,0.0,1.257,2.881,0.524
3-26,0.0,0.0,0.326,0.136,2.853,1.944,0.198,0.165,0.0,0.0,3.237,14.008,0.0,0.0,0.0,0.0,0.0,3.075,0.594,0.0,0.0,0.0,0.0,18.905,9.255,6.291,0.0,4.338,0.0,0.207,0.0,0.0,0.0,0.14,0.0,0.0,0.0,0.0,0.0,0.0,0.0,0.0,0.173,7.757,0.0,0.0,0.0,0.0,0.0,0.0,0.0,12.111,0.0,0.0,0.0,0.0,0.0,0.0,0.0,0.0,0.0,2.023,0.0,0.0,0.0,0.169,0.0,0.0,0.0,0.0,0.0,0.247,0.0,0.0,0.0,0.0,0.0,0.0,0.376,0.0,0.355,0.0,0.0,0.0,0.0,0.0,0.186,0.0,0.0,0.248,3.516,0.0,0.0,3.038,0.0,0.0,0.0,0.314,0.0,0.0,1.948,0.0,0.0,0.0,0.0,0.256,0.0,0.421,0.0,0.0,0.0,0.694,0.0,0.0,0.0,0.0,0.0,0.0,0.0,0.0,69.865,18.929,0.0,0.0,0.753,0.0,1.917,6.618,1.916
4-26,0.0,0.0,0.0,0.107,1.256,1.753,0.181,0.0,0.0,0.0,1.349,11.591,0.0,0.0,0.0,0.0,0.0,4.489,0.975,0.0,0.0,0.0,0.0,29.94,7.749,4.324000000000001,0.0,2.217,0.0,0.0,0.0,0.0,0.0,0.181,0.0,0.0,0.5509999999999999,0.0,0.0,0.0,0.0,0.0,0.0,4.65,0.0,0.0,0.0,0.0,0.177,0.0,0.0,15.256,0.0,0.0,0.0,0.247,0.0,0.0,0.0,0.0,0.0,2.361,0.0,0.0,0.0,0.0,0.0,0.0,0.0,0.0,0.0,0.141,0.0,0.0,0.0,0.0,0.0,0.0,0.308,0.0,0.308,0.0,0.0,0.0,0.251,0.0,0.0,0.0,0.0,0.761,3.247,0.0,0.0,2.189,0.0,0.0,0.0,0.0,0.0,0.0,0.88,0.0,0.0,0.169,0.0,0.411,0.0,0.629,0.0,0.0,0.0,0.44,0.0,0.0,0.0,0.0,0.0,0.0,0.0,0.0,72.727,22.616,0.0,0.0,0.466,0.0,0.818,3.021,0.351
1-27,0.0,0.0,0.0,0.0,0.0,0.0,0.0,0.152,0.0,0.0,2.375,30.042,0.0,0.0,0.0,0.0,0.0,0.0,0.0,0.0,0.0,0.0,0.0,6.138,48.719,0.0,0.0,0.378,0.0,0.0,0.0,0.0,0.0,0.0,0.0,0.0,0.0,0.0,0.0,0.0,0.0,0.0,0.0,0.136,0.0,0.0,0.0,0.0,0.0,0.0,0.0,0.738,1.473,0.0,0.206,0.561,0.0,0.0,0.0,0.0,0.0,0.713,0.0,0.0,0.0,0.0,0.0,0.0,0.0,0.0,0.0,0.0,0.0,0.0,0.0,0.0,0.0,0.0,0.0,0.0,0.0,0.0,0.0,0.0,0.0,0.0,0.7,0.0,0.0,0.0,1.68,0.0,0.0,2.667,0.0,0.0,2.468,0.202,0.0,0.0,0.0,0.0,0.0,0.0,0.0,0.0,0.0,0.0,0.0,0.0,0.0,0.0,0.0,0.0,0.0,0.0,0.0,0.0,0.0,0.0,86.248,1.892,0.0,0.0,0.0,0.0,1.431,3.016,7.412999999999999
2-27,0.0,0.0,0.0,0.0,0.0,0.0,0.0,0.0,0.0,0.0,1.043,28.003,0.0,0.0,0.0,0.0,0.0,0.0,0.0,0.0,0.0,0.0,0.0,1.598,57.282,0.0,0.0,0.443,0.0,0.0,0.0,0.0,0.0,0.0,0.0,0.0,0.0,0.0,0.0,0.0,0.0,0.0,0.0,0.153,0.0,0.0,0.0,0.0,0.0,0.0,0.0,1.622,1.21,0.0,0.133,0.0,0.0,0.0,0.0,0.0,0.0,0.913,0.0,0.0,0.0,0.0,0.0,0.0,0.0,0.0,0.0,0.0,0.0,0.0,0.0,0.0,0.0,0.0,0.0,0.0,0.0,0.0,0.0,0.0,0.0,0.0,0.123,0.0,0.0,0.0,1.221,0.0,0.0,2.446,0.0,0.0,2.778,0.0,0.0,0.0,0.0,0.358,0.0,0.0,0.0,0.0,0.0,0.0,0.0,0.0,0.0,0.242,0.0,0.0,0.0,0.0,0.0,0.0,0.0,0.0,78.616,2.217,0.0,0.0,0.0,0.0,3.085,6.38,9.704
3-27,0.0,0.0,0.0,0.0,0.0,0.0,0.0,0.0,0.0,0.0,2.815,25.44,0.0,0.0,0.0,0.0,0.0,0.0,0.0,0.0,0.0,0.0,0.0,7.884,50.48,0.0,0.0,0.212,0.0,0.0,0.0,0.0,0.0,0.0,0.0,0.0,0.0,0.0,0.0,0.0,0.0,0.0,0.0,0.0,0.0,0.0,0.0,0.0,0.0,0.0,0.0,1.545,0.227,0.0,0.123,0.106,0.0,0.0,0.0,0.0,0.0,0.9219999999999999,0.0,0.0,0.0,0.0,0.0,0.0,0.0,0.0,0.0,0.0,0.0,0.0,0.0,0.0,0.0,0.0,0.0,0.0,0.0,0.0,0.0,0.0,0.0,0.0,1.042,0.0,0.0,0.0,1.156,0.0,0.0,4.319,0.0,0.0,3.075,0.0,0.0,0.0,0.261,0.0,0.0,0.0,0.0,0.0,0.0,0.0,0.0,0.0,0.0,0.0,0.0,0.0,0.0,0.0,0.0,0.0,0.0,0.0,83.778,0.0,0.0,0.0,0.0,0.0,0.0,13.339,2.883
4-27,0.0,0.0,0.0,0.0,0.0,0.0,0.0,0.0,0.0,0.0,2.72,26.962,0.0,0.0,0.0,0.0,0.0,0.122,0.0,0.0,0.0,0.0,0.0,6.601,54.674,0.0,0.0,0.174,0.0,0.0,0.0,0.0,0.0,0.0,0.0,0.0,0.0,0.0,0.0,0.0,0.0,0.0,0.0,0.0,0.0,0.0,0.0,0.0,0.0,0.0,0.0,1.078,0.576,0.0,0.0,0.0,0.0,0.0,0.0,0.0,0.0,0.596,0.0,0.0,0.0,0.0,0.0,0.0,0.0,0.0,0.0,0.0,0.0,0.0,0.0,0.0,0.0,0.0,0.0,0.0,0.0,0.0,0.0,0.0,0.0,0.0,0.544,0.0,0.0,0.0,1.072,0.0,0.0,1.574,0.0,0.0,2.551,0.0,0.0,0.0,0.217,0.0,0.0,0.174,0.0,0.0,0.0,0.0,0.0,0.0,0.0,0.0,0.0,0.0,0.0,0.0,0.0,0.0,0.0,0.0,87.94500000000001,1.803,0.0,0.0,0.0,0.0,0.342,9.911000000000001,0.0
1-28,0.0,0.0,0.0,0.0,0.107,0.0,0.0,0.0,0.0,0.0,1.529,32.778,0.0,0.0,0.0,0.0,0.0,0.0,0.0,0.0,0.0,0.0,0.0,6.372,40.63,0.0,0.107,0.879,0.0,0.0,0.0,0.0,0.136,0.411,0.0,0.0,1.709,0.0,0.0,0.357,0.0,0.0,0.0,0.48,0.0,0.191,0.0,0.0,0.0,0.0,0.0,1.114,1.283,0.0,0.0,0.259,0.0,0.0,0.0,0.0,0.0,0.602,0.0,0.0,0.0,0.0,0.0,0.0,0.0,0.0,0.0,0.0,0.0,0.0,0.0,0.0,0.0,0.0,0.0,0.0,0.0,0.0,0.0,0.0,0.0,0.0,1.781,0.0,0.0,0.0,1.57,0.0,0.0,6.51,0.0,0.0,0.0,0.0,0.0,0.0,0.0,0.0,0.0,0.194,0.0,0.0,0.0,0.0,0.0,0.0,0.0,0.123,0.0,0.0,0.199,0.0,0.0,0.0,0.0,0.0,48.565,38.404,0.118,0.0,0.0,0.0,3.34,5.379,3.951
2-28,0.0,0.0,0.0,0.0,1.607,7.982,0.0,0.629,0.0,0.0,0.9510000000000001,0.421,0.0,0.0,0.0,0.0,0.0,0.0,0.0,0.0,0.0,0.0,0.0,0.232,0.7859999999999999,0.0,0.0,0.0,0.0,0.181,0.0,0.0,0.0,0.0,0.0,0.0,0.0,0.0,0.0,0.0,0.0,0.0,0.0,85.527,0.0,0.0,0.0,0.0,0.0,0.0,0.0,0.0,0.0,0.0,0.0,0.0,0.0,0.0,0.0,0.0,0.0,0.0,0.0,0.0,0.0,0.0,0.0,0.0,0.0,0.0,0.0,0.0,0.0,0.0,0.0,0.0,0.0,0.0,0.0,0.0,0.0,0.0,0.0,0.694,0.0,0.0,0.0,0.0,0.0,0.0,0.254,0.215,0.0,0.0,0.0,0.0,0.0,0.0,0.0,0.0,0.0,0.0,0.0,0.523,0.0,0.0,0.0,0.0,0.0,0.0,0.0,0.0,0.0,0.0,0.0,0.0,0.0,0.0,0.0,0.0,25.931,56.60099999999999,0.486,0.0,0.0,0.0,12.576,4.297000000000001,0.0
3-28,0.0,0.0,0.0,0.0,0.0,0.0,0.0,0.0,0.0,0.111,3.997,24.442,0.0,0.0,0.0,0.0,0.0,0.0,0.0,0.0,0.0,0.0,0.0,8.128,52.878,0.0,0.0,0.494,0.0,0.0,0.0,0.0,0.0,0.454,0.0,0.0,0.63,0.0,0.0,0.921,0.0,0.0,0.0,0.3,0.0,0.0,0.0,0.0,0.0,0.0,0.0,0.7200000000000001,0.454,0.0,0.106,0.251,0.0,0.0,0.0,0.0,0.0,0.365,0.0,0.0,0.0,0.0,0.0,0.0,0.0,0.0,0.0,0.0,0.0,0.0,0.0,0.0,0.0,0.0,0.0,0.0,0.0,0.0,0.0,0.0,0.0,0.0,1.652,0.0,0.0,0.0,1.192,0.0,0.0,1.953,0.0,0.0,0.0,0.0,0.0,0.0,0.0,0.0,0.0,0.0,0.0,0.0,0.0,0.0,0.0,0.0,0.0,0.127,0.0,0.0,0.0,0.0,0.0,0.0,0.0,0.0,24.185,57.495,0.517,0.0,0.0,0.0,12.861,4.709,0.0
4-28,0.0,0.0,0.0,0.0,0.0,0.0,0.0,0.0,0.0,0.113,1.93,19.073,0.0,0.0,0.0,0.0,0.0,0.0,0.0,0.0,0.0,0.0,0.0,12.929,55.443,0.0,0.0,0.565,0.0,0.0,0.0,0.0,0.0,0.426,0.0,0.0,0.505,0.0,0.0,2.899,0.0,0.0,0.0,0.335,0.0,0.0,0.0,0.0,0.0,0.0,0.0,0.554,0.441,0.0,0.0,0.192,0.0,0.0,0.0,0.0,0.0,0.226,0.0,0.0,0.0,0.0,0.0,0.0,0.0,0.0,0.0,0.0,0.0,0.0,0.0,0.0,0.0,0.0,0.0,0.0,0.0,0.0,0.0,0.0,0.0,0.0,1.138,0.0,0.0,0.0,0.415,0.0,0.0,2.278,0.0,0.0,0.0,0.0,0.0,0.0,0.0,0.0,0.0,0.0,0.0,0.0,0.0,0.0,0.0,0.0,0.0,0.0,0.0,0.0,0.0,0.0,0.0,0.0,0.0,0.0,33.164,60.369,0.0,0.0,0.0,0.0,3.641,2.638,0.188
1-29,0.0,0.0,0.0,0.0,0.606,0.6940000000000001,0.394,6.861999999999999,0.0,0.182,1.252,29.818,0.0,0.0,0.0,0.0,0.0,0.216,0.795,0.0,3.575,0.123,0.0,11.375,9.221,0.0,0.0,0.242,0.0,0.0,0.0,0.0,0.0,0.647,0.0,0.119,0.119,0.0,0.0,0.0,0.0,0.0,0.0,9.087,0.0,0.0,0.0,0.0,0.0,0.0,0.0,1.349,1.568,0.0,0.0,0.171,0.0,0.0,0.0,0.0,0.0,0.0,0.0,0.0,0.386,0.0,0.0,0.0,0.0,0.0,0.0,0.0,0.0,0.0,0.0,0.0,0.0,0.0,0.234,0.0,0.0,0.0,0.0,0.0,0.204,0.0,0.467,0.0,0.0,0.0,7.866000000000001,5.436,0.175,1.773,0.8360000000000001,0.0,0.0,0.0,0.0,0.372,1.873,0.0,0.0,0.5569999999999999,0.0,0.0,0.0,0.134,0.0,0.0,0.0,0.587,0.0,0.0,0.529,0.0,0.0,0.0,0.0,0.0,55.68300000000001,19.456,0.0,0.649,0.0,0.0,19.946,1.758,1.978
2-29,0.0,0.0,0.0,0.0,0.521,0.841,0.147,0.143,0.0,0.0,3.208,27.945,0.0,0.0,0.0,0.0,0.0,0.0,0.0,0.0,16.348,0.0,0.0,0.667,16.982,0.0,0.0,0.0,0.0,0.0,0.0,0.291,0.448,0.0,2.457,0.0,0.0,0.0,0.0,0.148,0.0,0.0,0.348,23.923,0.0,0.0,0.0,0.153,0.0,0.0,0.0,0.0,0.0,0.0,0.266,0.148,0.113,0.0,0.0,0.0,0.247,0.0,0.0,0.0,0.6809999999999999,0.0,0.0,0.0,0.0,0.0,0.0,0.602,0.0,0.0,0.0,0.0,0.0,0.0,0.0,0.0,0.0,0.0,0.0,0.0,0.0,0.129,0.67,0.0,0.0,0.0,0.937,0.261,0.0,0.154,0.0,0.0,0.0,0.0,0.0,0.0,0.0,0.0,0.0,0.219,0.0,0.0,0.0,0.0,0.0,0.0,0.0,0.0,0.0,0.0,0.354,0.0,0.0,0.0,0.0,0.0,59.514,20.837,0.0,1.41,0.0,0.0,15.448,2.241,0.164
3-29,0.0,0.0,0.0,0.0,1.002,0.716,0.233,8.882,0.0,0.191,1.163,32.659,0.0,0.0,0.105,0.0,0.0,0.131,1.03,0.0,0.142,0.0,0.0,5.897,14.362,0.0,0.0,0.334,0.0,0.0,0.0,0.0,0.0,1.24,0.0,0.0,0.0,0.0,0.0,0.0,0.0,0.0,0.238,4.342,0.0,0.0,0.0,0.0,0.0,0.0,0.167,1.975,1.729,0.0,0.0,0.116,0.0,0.0,0.0,0.105,0.0,0.187,0.0,0.0,0.327,0.0,0.0,0.0,0.0,0.0,0.0,0.0,0.0,0.0,0.0,0.0,0.0,0.0,0.258,0.0,0.165,0.0,0.0,0.0,0.171,0.0,2.104,0.0,0.0,0.0,7.422,5.025,0.122,1.152,0.366,0.0,0.0,0.0,0.114,0.251,2.195,0.0,0.0,0.87,0.0,0.0,0.0,0.114,0.0,0.0,0.0,1.072,0.0,0.0,0.42,0.0,0.0,0.0,0.0,0.0,63.663,18.059,0.0,1.198,0.0,0.0,14.799,1.652,0.21
4-29,0.0,0.0,0.0,0.0,0.6020000000000001,0.823,0.408,11.765,0.0,0.0,1.307,32.397,0.0,0.0,0.0,0.0,0.0,0.0,0.701,0.0,0.0,0.133,0.0,5.845,18.593,0.0,0.0,0.0,0.0,0.0,0.0,0.0,0.0,0.766,0.0,0.0,0.0,0.0,0.0,0.0,0.0,0.0,0.0,2.48,0.0,0.0,0.0,0.0,0.0,0.0,0.0,0.8879999999999999,1.573,0.0,0.0,0.148,0.0,0.0,0.0,0.0,0.0,0.0,0.0,0.0,0.145,0.0,0.0,0.0,0.0,0.0,0.0,0.0,0.0,0.0,0.0,0.0,0.0,0.0,0.129,0.492,0.0,0.0,0.0,0.0,0.122,0.0,0.9109999999999999,0.0,0.0,0.0,6.592,5.699999999999999,0.194,1.837,0.396,0.0,0.0,0.0,0.0,0.346,1.737,0.0,0.0,0.8150000000000001,0.0,0.0,0.0,0.152,0.0,0.0,0.0,0.797,0.0,0.0,0.0,0.0,0.0,0.0,0.0,0.0,58.997,22.2,0.0,0.389,0.0,0.0,17.474,0.847,0.0
1-30,0.0,0.0,0.351,0.0,1.767,1.455,1.21,5.484,0.0,0.0,0.0,20.127,0.0,0.0,0.0,0.0,0.0,0.145,1.024,0.0,0.0,0.0,0.0,21.259,8.122,0.0,0.0,0.247,0.0,0.0,0.0,0.0,0.0,0.193,0.0,0.0,0.0,0.0,0.0,0.0,0.0,0.0,0.0,16.217,0.0,0.0,0.0,0.19,0.648,0.0,0.117,0.97,0.152,0.0,0.26,0.142,0.0,0.0,0.0,0.0,0.537,0.0,0.0,0.0,0.0,0.0,0.0,0.0,0.0,0.0,0.0,0.0,0.139,0.0,0.0,0.0,0.0,0.139,0.0,0.0,0.9480000000000001,0.0,0.0,0.0,0.199,0.136,7.556,0.0,0.0,0.0,1.593,3.075,0.0,0.363,0.711,0.0,0.0,0.0,0.913,0.0,0.322,0.0,0.0,0.177,0.0,0.107,0.0,0.0,0.0,0.0,0.0,1.823,0.0,0.0,0.0,0.0,0.0,0.159,0.0,0.0,51.096,15.842,0.0,0.0,0.0,0.0,25.549,3.859,3.398
2-30,0.0,0.0,0.454,0.0,2.914,2.532,0.637,2.628,0.0,0.0,0.146,32.116,0.0,0.0,0.0,0.0,0.0,0.317,0.371,0.0,0.0,0.12,0.0,11.46,9.195,0.0,0.0,0.234,0.0,0.0,0.0,0.0,0.0,0.168,0.0,0.0,0.0,0.0,0.0,0.0,0.0,0.168,0.0,14.213,0.0,0.0,0.0,0.152,0.289,0.0,0.19,1.884,0.501,0.0,0.237,0.159,0.0,0.0,0.0,0.0,0.389,0.0,0.0,0.0,0.0,0.0,0.0,0.0,0.0,0.0,0.0,0.0,0.197,0.114,0.0,0.168,0.0,0.0,0.0,0.0,1.267,0.0,0.244,0.0,0.149,0.221,1.262,0.121,0.101,0.0,4.768,3.809,0.0,0.162,1.024,0.0,0.0,0.0,1.766,0.193,0.923,0.0,0.0,0.6559999999999999,0.0,0.222,0.0,0.0,0.0,0.0,0.0,0.336,0.0,0.0,0.0,0.0,0.0,0.0,0.0,0.0,40.491,17.942,0.0,0.0,0.0,0.0,37.236,3.649,0.6829999999999999
3-30,0.0,0.0,0.38,0.0,5.180000000000001,2.978,0.241,3.054,0.0,0.0,0.759,18.935,0.0,0.0,0.0,0.0,0.0,0.248,0.759,0.0,0.0,0.0,0.0,10.553,10.695,0.0,0.0,0.46,0.0,0.0,0.0,0.0,0.0,0.13,0.0,0.0,0.0,0.0,0.0,0.0,0.0,0.116,0.0,20.422,0.0,0.0,0.0,0.0,0.161,0.0,0.0,3.851,0.463,0.0,0.129,0.111,0.0,0.0,0.0,0.0,0.0,0.156,0.0,0.0,0.0,0.0,0.0,0.0,0.0,0.0,0.0,0.0,0.0,0.0,0.0,0.127,0.0,0.0,0.0,0.0,0.698,0.0,0.333,0.0,0.116,0.756,2.977,0.0,0.0,0.0,5.18,4.956,0.0,0.645,0.606,0.0,0.0,0.0,0.648,0.0,0.608,0.0,0.0,0.513,0.0,0.0,0.0,0.134,0.0,0.0,0.0,0.972,0.0,0.0,0.0,0.0,0.0,0.0,0.0,0.0,80.11399999999999,4.004,0.0,0.0,0.0,0.0,12.971,2.912,0.0
4-30,0.0,0.0,0.139,0.0,4.42,3.253,0.197,1.872,0.0,0.0,1.506,29.346,0.0,0.0,0.0,0.0,0.0,0.214,2.199,0.0,0.0,0.0,0.0,7.172000000000001,9.209999999999999,0.0,0.0,0.268,0.0,0.0,0.0,0.0,0.0,0.317,0.0,0.0,0.0,0.0,0.0,0.0,0.13,0.0,0.0,16.346,0.0,0.0,0.0,0.165,0.286,0.0,0.183,4.758,0.286,0.0,0.192,0.335,0.0,0.0,0.0,0.0,0.0,0.393,0.0,0.0,0.0,0.0,0.0,0.0,0.0,0.0,0.0,0.134,0.0,0.0,0.0,0.0,0.0,0.0,0.0,0.0,0.5,0.0,0.0,0.0,0.183,0.269,3.535,0.0,0.0,0.0,0.8089999999999999,6.613,0.0,0.827,0.599,0.0,0.0,0.0,0.0,0.0,0.366,0.0,0.0,0.7639999999999999,0.0,0.112,0.0,0.259,0.0,0.0,0.0,0.9920000000000001,0.0,0.0,0.0,0.0,0.0,0.0,0.0,0.0,73.852,8.245999999999999,0.0,0.0,0.0,0.0,14.874,3.029,0.0
1-31,0.0,0.0,0.0,0.0,0.0,0.0,0.0,0.0,0.0,0.0,1.089,35.406,0.0,0.0,0.0,0.0,0.0,0.0,0.0,0.0,0.0,0.0,0.0,6.786,41.296,0.0,0.0,0.991,0.0,0.0,0.0,0.0,0.127,0.334,0.0,0.0,2.417,0.0,0.0,0.0,0.0,0.0,0.0,0.0,0.0,0.0,0.0,0.0,0.0,0.0,0.0,1.394,0.0,0.0,0.0,0.0,0.0,0.0,0.0,0.0,0.0,0.334,0.0,0.0,0.0,0.0,0.0,0.131,0.0,0.0,0.0,0.0,0.0,0.0,0.0,0.0,0.0,0.0,0.0,0.0,0.162,0.0,0.0,0.0,0.0,0.0,0.406,0.0,0.0,0.0,1.13,0.0,0.0,6.046,0.0,0.0,0.244,0.241,0.0,0.0,0.0,0.0,0.0,0.0,0.0,0.0,0.0,0.0,0.0,0.0,0.0,0.987,0.0,0.0,0.0,0.0,0.0,0.0,0.0,0.0,12.613,82.033,0.0,0.397,0.0,0.0,0.124,1.11,3.679
2-31,0.0,0.0,0.0,0.0,0.0,0.0,0.0,0.0,0.0,0.0,2.237,32.048,0.0,0.0,0.0,0.0,0.0,0.0,0.0,0.0,0.0,0.0,0.0,1.086,45.828,0.0,0.0,0.657,0.0,0.0,0.137,0.0,0.0,0.308,0.0,0.0,0.288,0.0,0.0,0.0,0.0,0.0,0.0,0.0,0.0,0.101,0.0,0.0,0.0,0.0,0.0,1.637,0.0,0.0,0.0,0.0,0.0,0.0,0.0,0.0,0.0,1.302,0.0,0.0,0.0,0.0,0.0,0.0,0.0,0.0,0.0,0.0,0.0,0.0,0.0,0.0,0.0,0.0,0.0,0.0,0.0,0.0,0.0,0.0,0.0,0.0,3.474,0.0,0.0,0.0,1.629,0.0,0.0,5.345000000000001,0.0,0.0,1.72,0.376,0.0,0.0,0.0,0.483,0.0,0.0,0.0,0.0,0.0,0.0,0.0,0.0,0.0,0.9039999999999999,0.0,0.0,0.0,0.0,0.0,0.0,0.0,0.0,40.441,43.255,0.0,0.0,0.0,0.0,0.198,13.038,3.068
3-31,0.0,0.0,0.0,0.0,0.0,0.0,0.0,0.0,0.0,0.0,2.582,22.024,0.0,0.0,0.0,0.0,0.0,0.0,0.0,0.0,0.0,0.0,0.0,12.632,49.98,0.0,0.0,0.317,0.0,0.0,0.0,0.0,0.0,0.319,0.0,0.0,0.112,0.0,0.0,0.0,0.0,0.0,0.0,0.0,0.0,0.0,0.0,0.0,0.0,0.0,0.0,0.887,0.0,0.0,0.0,0.229,0.0,0.0,0.0,0.0,0.0,1.073,0.0,0.0,0.0,0.0,0.0,0.0,0.0,0.0,0.0,0.0,0.0,0.0,0.0,0.0,0.0,0.0,0.0,0.0,0.0,0.0,0.0,0.0,0.0,0.0,2.227,0.0,0.0,0.0,0.461,0.0,0.0,4.251,0.0,0.0,0.948,0.144,0.0,0.0,0.0,0.273,0.0,0.0,0.0,0.0,0.0,0.0,0.0,0.0,0.0,1.118,0.0,0.0,0.0,0.0,0.0,0.0,0.0,0.0,58.922,31.88,0.0,0.0,0.0,0.0,0.0,8.872,0.218
4-31,0.0,0.0,0.0,0.0,0.0,0.0,0.0,0.0,0.0,0.0,2.809,35.89299999999999,0.0,0.0,0.0,0.0,0.0,0.0,0.0,0.0,0.0,0.0,0.0,9.757,43.92,0.0,0.0,0.182,0.0,0.0,0.0,0.0,0.153,0.0,0.0,0.0,0.0,0.0,0.0,0.0,0.138,0.0,0.0,0.0,0.0,0.0,0.0,0.0,0.0,0.0,0.0,1.053,0.0,0.0,0.0,0.238,0.0,0.0,0.0,0.152,0.0,0.487,0.0,0.0,0.0,0.0,0.0,0.0,0.0,0.0,0.0,0.0,0.0,0.0,0.0,0.0,0.0,0.0,0.0,0.0,0.0,0.0,0.0,0.0,0.0,0.0,2.604,0.0,0.0,0.0,0.681,0.0,0.0,1.098,0.0,0.0,0.346,0.115,0.0,0.0,0.0,0.0,0.0,0.0,0.0,0.0,0.0,0.0,0.0,0.0,0.0,0.0,0.0,0.0,0.0,0.0,0.0,0.0,0.0,0.0,29.825,58.03899999999999,0.0,0.0,0.0,0.0,0.256,11.796,0.0
1-32,0.0,0.0,0.13,0.0,0.697,1.271,0.164,2.312,0.0,0.0,0.0,15.225,0.0,0.0,0.164,0.298,0.0,0.114,0.835,0.0,0.0,0.0,0.0,19.208,5.901000000000001,0.0,0.0,0.305,0.0,0.0,0.0,0.0,0.0,0.0,0.134,0.0,0.0,0.0,0.0,0.0,0.0,0.0,0.0,11.066,0.399,0.0,0.0,0.339,0.322,0.0,0.0,2.747,0.0,0.0,0.0,0.0,0.0,0.0,0.0,0.0,0.472,0.0,0.0,0.0,0.0,0.107,0.0,0.0,0.0,0.0,0.0,0.0,0.0,0.0,0.0,0.0,0.0,0.0,0.0,0.0,0.749,0.0,0.0,0.0,0.9189999999999999,0.0,9.932,0.412,0.0,0.0,1.507,5.742999999999999,0.0,1.685,1.32,0.0,0.0,0.0,10.387,0.204,2.125,0.0,0.0,0.9209999999999998,0.0,0.111,0.0,0.101,0.0,0.0,0.0,0.761,0.0,0.0,0.631,0.0,0.0,0.0,0.0,0.0,56.873,17.528,0.0,0.11,0.0,0.0,16.065,5.623,3.146
2-32,0.0,0.0,0.111,0.0,0.675,1.567,0.173,2.856,0.0,0.333,0.232,20.593,0.0,0.0,0.428,0.427,0.0,0.128,0.684,0.0,0.0,0.182,0.0,15.072,11.184,0.0,0.0,0.19,0.0,0.0,0.0,0.0,0.0,0.119,0.168,0.0,0.0,0.0,0.0,0.0,0.198,0.0,0.0,10.882,0.213,0.0,0.0,0.267,0.358,0.0,0.0,1.672,0.0,0.0,0.124,0.158,0.0,0.0,0.0,0.0,0.694,0.0,0.0,0.0,0.294,0.0,0.0,0.0,0.0,0.0,0.0,0.192,0.0,0.0,0.0,0.0,0.0,0.19,0.0,0.0,0.857,0.0,0.0,0.0,0.297,0.191,7.402,0.398,0.0,0.0,1.495,4.396,0.0,1.598,1.61,0.0,0.0,0.0,5.49,0.193,1.477,0.0,0.0,1.852,0.0,0.195,0.0,0.117,0.0,0.0,0.0,0.9430000000000001,0.0,0.0,0.0,0.0,0.0,0.0,0.0,0.0,49.3,27.349,0.0,1.006,0.0,0.0,17.697,4.023,0.624
3-32,0.0,0.0,0.0,0.0,0.858,0.985,0.112,2.577,0.0,0.0,0.748,17.573,0.0,0.0,0.297,0.0,0.0,0.131,0.471,0.0,0.133,0.0,0.0,29.397,10.245,0.0,0.0,0.307,0.0,0.0,0.0,0.0,0.0,0.0,0.0,0.0,0.0,0.0,0.0,0.0,0.0,0.0,0.498,10.404,0.0,0.0,0.0,0.0,0.161,0.0,0.0,1.618,0.0,0.0,0.0,0.158,0.0,0.0,0.0,0.0,0.193,0.0,0.0,0.0,0.0,0.106,0.0,0.0,0.0,0.0,0.0,0.168,0.0,0.0,0.0,0.0,0.0,0.0,0.103,0.0,0.33,0.0,0.0,0.0,0.354,0.0,5.079999999999999,0.272,0.0,0.0,2.312,3.84,0.0,0.784,1.006,0.0,0.0,0.0,4.707,0.144,1.588,0.0,0.0,0.803,0.0,0.0,0.0,0.123,0.0,0.0,0.0,0.403,0.0,0.0,0.0,0.0,0.0,0.0,0.0,0.0,57.251,23.078,0.0,0.0,0.0,0.0,15.692,3.827,0.0
4-32,0.0,0.0,0.123,0.0,1.561,1.121,0.0,1.309,0.0,0.0,0.429,20.165,0.0,0.0,0.172,0.0,0.0,0.117,0.937,0.0,0.0,0.0,0.0,26.546,9.111,0.0,0.0,0.257,0.0,0.0,0.0,0.0,0.0,0.156,0.0,0.0,0.0,0.0,0.0,0.0,0.0,0.0,0.111,7.326000000000001,0.152,0.0,0.0,0.0,0.0,0.0,0.0,2.6,0.0,0.0,0.0,0.178,0.0,0.0,0.0,0.0,0.184,0.0,0.0,0.0,0.165,0.0,0.0,0.0,0.0,0.0,0.0,0.152,0.0,0.0,0.0,0.0,0.0,0.0,0.0,0.786,0.511,0.0,0.0,0.0,1.53,0.114,3.222,0.317,0.0,0.0,1.83,4.988,0.0,2.307,1.381,0.0,0.0,0.0,2.192,0.234,3.811,0.0,0.0,1.628,0.0,0.114,0.0,0.121,0.0,0.0,0.0,0.76,0.0,0.0,0.0,0.0,0.0,0.0,0.0,0.0,54.142,21.609,0.0,0.0,0.0,0.0,19.192,5.057,0.0
2-32',0.0,0.0,0.0,0.0,16.219,1.612,0.0,0.0,0.0,0.0,22.633,5.029,0.0,0.0,0.0,0.0,0.0,0.0,0.0,0.0,0.362,0.0,0.0,0.0,17.341,0.0,0.882,0.0,0.0,0.0,0.0,0.0,0.0,0.0,0.0,0.0,0.0,0.0,0.0,0.0,0.0,0.0,0.401,34.149,0.0,0.0,0.0,0.0,0.0,0.0,0.0,0.0,0.0,0.0,0.0,0.0,0.0,0.0,0.0,0.0,0.0,0.0,0.0,0.0,0.0,0.0,0.0,0.0,0.0,0.0,0.0,0.811,0.0,0.0,0.0,0.0,0.0,0.0,0.0,0.0,0.0,0.0,0.0,0.0,0.0,0.0,0.0,0.0,0.0,0.0,0.258,0.0,0.0,0.0,0.0,0.0,0.0,0.0,0.0,0.0,0.0,0.0,0.0,0.0,0.0,0.0,0.0,0.0,0.0,0.0,0.0,0.0,0.0,0.0,0.0,0.928,0.0,0.0,0.0,0.0,41.798,22.762,0.0,0.0,0.0,0.0,12.386,12.663,9.465
3-32',0.0,0.0,0.0,0.0,0.334,0.186,0.0,0.0,0.0,0.0,23.699,12.985,0.0,0.0,0.0,0.0,0.0,0.0,0.0,0.0,0.0,0.0,0.0,0.0,19.816,0.0,34.805,0.0,0.0,0.0,0.0,0.0,0.0,0.0,0.0,0.0,0.0,0.0,0.0,0.0,0.0,0.0,0.0,4.845,0.0,0.0,0.0,0.0,0.0,0.0,0.0,0.0,0.0,0.0,0.0,0.0,0.0,0.0,0.0,0.0,0.0,0.0,0.0,0.0,0.0,0.0,0.0,0.0,0.0,0.0,0.0,3.111,0.0,0.0,0.0,0.0,0.0,0.0,0.0,0.0,0.0,0.0,0.0,0.0,0.0,0.0,0.0,0.0,0.0,0.0,0.0,0.0,0.0,0.0,0.0,0.0,0.0,0.0,0.0,0.0,0.0,0.0,0.0,0.0,0.0,0.0,0.0,0.0,0.0,0.0,0.0,0.112,0.797,0.0,0.0,0.353,0.0,0.0,0.0,0.414,53.943,20.986,0.0,0.0,0.0,0.0,0.0,11.153,12.354
4-32',0.0,0.0,0.0,0.0,1.176,0.269,0.0,0.0,0.0,0.0,12.09,30.276,0.0,0.0,0.0,0.0,0.0,0.0,0.0,0.0,0.0,0.0,0.0,0.0,23.327,0.0,12.748,0.0,0.0,0.0,0.0,0.0,0.0,0.0,0.0,0.0,0.0,0.0,0.0,0.0,0.0,0.0,0.0,15.501,0.0,0.0,0.0,0.0,0.0,0.0,0.0,0.0,0.0,0.0,0.0,0.0,0.0,0.0,0.0,0.0,0.0,0.0,0.0,0.0,0.0,0.0,0.0,0.0,0.0,0.0,0.0,4.021,0.0,0.0,0.0,0.0,0.0,0.0,0.0,0.0,0.0,0.0,0.0,0.0,0.0,0.0,0.127,0.0,0.0,0.0,0.0,0.0,0.0,0.0,0.0,0.0,0.0,0.0,0.0,0.0,0.0,0.0,0.0,0.0,0.0,0.0,0.0,0.0,0.0,0.0,0.0,0.343,0.0,0.0,0.375,0.0,0.0,0.0,0.0,0.0,66.585,24.181,0.0,0.0,0.0,0.0,4.012,1.476,3.37
1-33,0.0,0.0,0.224,0.0,1.561,0.743,0.897,2.16,0.0,0.0,0.615,10.686,0.0,0.0,0.0,0.23,0.0,0.204,1.412,0.0,0.171,0.742,0.0,10.656,2.096,0.0,0.0,0.0,0.0,0.0,0.0,0.0,0.188,0.0,0.56,0.0,0.0,0.0,0.0,0.0,0.0,0.0,0.0,9.429,0.0,0.0,0.0,0.104,0.149,0.0,0.0,0.0,0.586,0.0,0.0,1.48,0.0,0.0,0.0,0.0,0.0,0.0,0.0,0.0,0.0,0.849,0.0,0.0,0.0,0.0,0.0,0.0,0.0,0.0,0.0,0.0,0.176,0.0,0.207,0.0,0.44,0.0,0.0,0.0,0.142,0.0,1.431,0.0,0.0,0.0,1.574,9.018,0.69,0.46,1.066,0.0,0.0,0.0,0.0,0.146,32.859,0.0,0.0,0.774,0.0,0.227,0.0,0.0,0.0,0.0,0.217,4.032,0.0,0.0,0.869,0.0,0.0,0.0,0.0,0.296,31.785,16.79,0.0,25.006,0.0,0.0,14.992,1.864,8.339
2-33,0.0,0.994,0.0,0.0,1.366,0.637,1.593,2.007,0.0,0.0,0.55,15.958,0.0,0.0,0.0,0.116,0.0,0.287,3.658,0.0,0.652,0.667,0.0,0.315,2.752,0.0,0.0,0.0,0.0,0.0,0.0,0.0,0.456,0.0,0.9480000000000001,0.138,0.0,0.0,0.0,0.0,0.0,0.0,0.0,11.813,0.0,0.0,0.0,0.247,0.113,0.0,0.0,0.0,0.367,0.0,0.0,0.333,0.0,0.0,0.0,0.196,0.293,0.0,0.0,0.0,0.138,0.0,0.0,0.0,0.0,0.0,0.0,0.0,0.0,0.0,0.0,0.0,0.187,0.0,0.477,0.0,0.273,0.287,0.0,0.0,0.0,0.116,0.205,0.114,0.0,0.0,0.921,8.339,0.802,0.107,1.345,0.0,0.0,0.0,0.0,0.233,32.382,0.0,0.0,0.303,0.0,0.336,0.0,0.0,0.0,0.0,0.428,5.602,0.0,0.0,0.543,0.0,0.0,0.0,0.0,0.259,22.416,14.733,0.0,2.127,0.0,0.0,9.85,3.078,46.979
3-33,0.0,4.753,0.12,0.0,1.204,0.65,0.8540000000000001,3.207,0.0,0.0,1.231,11.736,0.0,0.0,0.0,0.107,0.0,0.248,2.81,0.0,0.9079999999999999,0.615,0.0,1.946,3.111,0.0,0.0,0.0,0.0,0.0,0.0,0.0,0.135,0.0,0.5680000000000001,0.0,0.0,0.0,0.0,0.0,0.0,0.0,0.703,8.375,0.0,0.0,0.0,0.257,0.477,0.0,0.0,0.0,0.389,0.0,0.0,0.214,0.0,0.0,0.0,0.157,0.173,0.0,0.0,0.0,0.333,0.0,0.0,0.0,0.0,0.0,0.0,0.0,0.0,0.0,0.0,0.0,0.448,0.0,0.358,0.0,0.195,0.154,0.0,0.0,0.0,0.0,0.556,0.145,0.0,0.0,2.386,9.513,0.691,0.11,0.995,0.0,0.0,0.0,0.0,0.182,31.043,0.0,0.0,1.803,0.0,0.195,0.204,0.0,0.0,0.0,0.317,4.644,0.0,0.0,0.475,0.0,0.0,0.0,0.0,0.273,45.139,27.524,0.0,7.970000000000001,0.0,0.0,15.355,2.556,0.7090000000000001
4-33,0.0,1.042,0.0,0.0,1.042,1.913,0.0,1.496,0.0,0.0,2.956,29.818,0.0,0.0,0.0,0.517,0.0,0.208,1.269,0.0,0.244,1.13,0.0,3.082,6.649,0.0,0.0,0.0,0.0,0.0,0.0,0.0,0.0,0.0,0.277,0.0,0.0,0.0,0.0,0.0,0.0,0.0,0.748,9.976,0.0,0.0,0.0,0.0,0.136,0.0,0.0,0.0,0.182,0.0,0.166,0.335,0.0,0.0,0.0,0.0,0.184,0.0,0.0,0.0,0.169,0.146,0.0,0.0,0.0,0.0,0.0,0.112,0.0,0.0,0.0,0.0,0.434,0.0,0.205,0.0,0.161,0.0,0.0,0.0,0.0,0.0,0.623,0.0,0.107,0.0,4.246,3.635,0.59,0.668,1.177,0.0,0.0,0.0,0.0,0.102,18.571,0.0,0.0,0.141,0.0,0.0,0.0,0.0,0.0,0.0,0.213,4.199,0.0,0.0,0.369,0.0,0.0,0.0,0.0,0.0,63.283,22.262,0.0,0.895,0.0,0.0,11.173,2.004,0.0
1-34,0.0,0.0,0.0,0.0,0.0,0.0,0.0,0.223,0.0,0.0,0.743,31.252,0.0,0.0,0.0,0.0,0.0,0.0,0.0,0.0,0.0,0.0,0.0,17.2,38.715,0.0,0.0,0.206,0.0,0.0,0.0,0.0,0.0,0.279,0.229,0.0,0.0,0.0,0.0,0.0,0.0,0.0,0.0,0.134,0.0,0.0,0.0,0.0,0.0,0.0,0.0,0.768,0.248,0.0,0.0,0.424,0.0,0.0,0.0,0.0,0.0,0.0,0.0,0.0,0.0,0.0,0.0,0.0,0.0,0.0,0.0,0.0,0.0,0.0,0.0,0.0,0.0,0.0,0.0,0.0,0.0,0.0,0.0,0.0,0.0,0.0,0.415,0.126,0.0,0.0,2.474,0.0,0.0,3.538,0.0,0.0,0.312,0.0,0.0,0.0,0.381,0.235,0.0,0.0,0.0,0.0,0.0,0.0,0.0,0.0,0.0,1.322,0.0,0.0,0.0,0.0,0.0,0.0,0.0,0.0,30.708,55.724,0.0,0.138,0.0,0.0,10.828,0.756,1.847
2-34,0.0,0.0,0.0,0.0,0.0,0.0,0.0,0.452,0.0,0.0,1.103,34.0,0.0,0.0,0.0,0.0,0.0,0.126,0.0,0.0,0.0,0.0,0.0,10.294,43.116,0.0,0.221,0.395,0.0,0.0,0.129,0.0,0.0,0.181,0.0,0.0,0.0,0.0,0.0,0.0,0.0,0.0,0.0,0.0,0.0,0.0,0.0,0.0,0.0,0.0,0.0,1.24,0.0,0.0,0.0,0.0,0.0,0.0,0.0,0.0,0.0,0.239,0.0,0.0,0.0,0.0,0.0,0.0,0.0,0.0,0.0,0.0,0.0,0.0,0.0,0.0,0.0,0.0,0.0,0.0,0.0,0.0,0.0,0.0,0.0,0.0,1.104,0.0,0.0,0.0,1.796,0.0,0.0,3.368999999999999,0.0,0.0,0.196,0.0,0.0,0.0,0.158,0.312,0.0,0.0,0.0,0.0,0.0,0.0,0.0,0.0,0.0,0.76,0.0,0.0,0.0,0.0,0.0,0.0,0.0,0.0,31.451,56.698,0.0,0.525,0.0,0.0,9.012,1.728,0.586
3-34,0.0,0.0,0.0,0.0,0.0,0.0,0.0,0.308,0.0,0.0,3.47,38.604,0.0,0.0,0.0,0.0,0.0,0.0,0.0,0.0,0.0,0.0,0.0,9.782,33.163,0.0,2.725,0.286,0.0,0.0,0.0,0.0,0.0,0.72,0.0,0.0,0.0,0.0,0.0,0.0,0.0,0.0,0.0,0.118,0.0,0.0,0.0,0.0,0.0,0.0,0.0,1.353,0.21,0.0,0.0,0.171,0.0,0.0,0.0,0.0,0.0,0.402,0.0,0.0,0.109,0.0,0.0,0.0,0.0,0.0,0.0,0.0,0.0,0.0,0.0,0.0,0.0,0.0,0.0,0.0,0.0,0.0,0.0,0.0,0.0,0.0,2.371,0.0,0.0,0.0,2.055,0.0,0.0,1.686,0.195,0.0,0.0,0.0,0.0,0.0,0.606,0.272,0.0,0.192,0.0,0.0,0.0,0.168,0.0,0.0,0.0,0.299,0.0,0.0,0.0,0.0,0.0,0.0,0.0,0.0,8.584,67.737,0.0,0.812,0.0,0.0,21.429,0.162,1.275
4-34,0.0,0.0,0.0,0.0,0.0,0.0,0.0,0.689,0.0,0.0,2.278,49.03599999999999,0.0,0.0,0.0,0.0,0.0,0.158,0.0,0.0,0.0,0.0,0.0,0.722,28.091,0.0,3.999,0.294,0.0,0.0,0.0,0.0,0.0,0.8130000000000001,0.0,0.0,0.0,0.0,0.0,0.0,0.0,0.0,0.0,0.0,0.0,0.0,0.0,0.0,0.0,0.0,0.0,0.884,0.798,0.0,0.0,0.199,0.0,0.0,0.0,0.0,0.0,0.263,0.0,0.0,0.0,0.0,0.0,0.0,0.0,0.0,0.0,0.0,0.0,0.0,0.0,0.0,0.0,0.0,0.289,0.0,0.0,0.0,0.0,0.0,0.0,0.0,2.312,0.0,0.0,0.0,1.778,0.148,0.0,2.174,0.256,0.0,0.0,0.0,0.0,0.152,1.572,0.176,0.0,0.64,0.0,0.0,0.0,0.246,0.182,0.0,0.0,1.103,0.0,0.0,0.0,0.0,0.0,0.0,0.0,0.0,32.714,51.997,0.0,1.528,0.0,0.0,10.797,2.927,0.0
