SampleID,BAC_P::Acetothermia,BAC_P::Acidobacteriota,BAC_P::Actinobacteriota,BAC_P::Armatimonadota,BAC_P::Bacteroidota,BAC_P::Bdellovibrionota,BAC_P::CK-2C2-2,BAC_P::Caldatribacteriota,BAC_P::Caldisericota,BAC_P::Calditrichota,BAC_P::Campilobacterota,BAC_P::Chloroflexi,BAC_P::Cloacimonadota,BAC_P::Coprothermobacterota,BAC_P::Cyanobacteria,BAC_P::Dadabacteria,BAC_P::Deinococcota,BAC_P::Dependentiae,BAC_P::Desulfobacterota,BAC_P::Elusimicrobiota,BAC_P::Fermentibacterota,BAC_P::Fibrobacterota,BAC_P::Firmicutes,BAC_P::Fusobacteriota,BAC_P::Gemmatimonadota,BAC_P::Halanaerobiaeota,BAC_P::Hydrogenedentes,BAC_P::Hydrothermae,BAC_P::LCP-89,BAC_P::Latescibacterota,BAC_P::MBNT15,BAC_P::Marinimicrobia_(SAR406_clade),BAC_P::Myxococcota,BAC_P::NB1-j,BAC_P::NKB15,BAC_P::Nitrospirota,BAC_P::Patescibacteria,BAC_P::Planctomycetota,BAC_P::Proteobacteria,BAC_P::Spirochaetota,BAC_P::Sumerlaeota,BAC_P::Sva0485,BAC_P::Synergistota,BAC_P::TA06,BAC_P::Thermotogota,BAC_P::Verrucomicrobiota,BAC_P::WPS-2,BAC_P::WS1,BAC_P::Zixibacteria,BAC_P::unidentified,ARC_P::Aenigmarchaeota,ARC_P::Asgardarchaeota,ARC_P::Crenarchaeota,ARC_P::Cryptomycota,ARC_P::Euryarchaeota,ARC_P::Halobacterota,ARC_P::Holozoa,ARC_P::Micrarchaeota,ARC_P::Mollusca,ARC_P::Nanoarchaeota,ARC_P::Thermoplasmatota,ARC_P::Vertebrata,ARC_P::unidentified
1-1,0.0,0.0,2.929,0.0,21.441,0.0,0.0,0.872,0.0,0.0,0.0,0.0,8.534,0.0,0.0,0.0,0.0,0.0,0.135,0.0,0.0,0.215,60.914,0.0,0.0,0.0,0.0,0.0,0.0,0.0,0.0,0.0,0.0,0.0,0.0,0.0,0.135,0.0,0.473,1.949,0.0,0.0,1.061,0.0,0.323,0.867,0.0,0.0,0.0,0.0,0.0,0.0,0.204,0.0,0.159,95.725,0.0,0.0,0.0,0.0,1.399,0.0,2.511
2-1,0.0,0.0,2.223,0.0,19.316,0.0,0.0,1.322,0.0,0.0,0.0,0.0,5.275,0.0,0.0,0.0,0.0,0.0,0.0,0.0,0.0,0.0,64.059,0.0,0.0,0.0,0.0,0.0,0.0,0.0,0.0,0.0,0.0,0.0,0.0,0.0,0.115,0.0,4.667,1.338,0.0,0.0,0.842,0.0,0.141,0.517,0.0,0.0,0.0,0.0,0.0,0.0,0.0,0.0,0.674,91.614,0.0,0.0,0.0,0.0,1.742,0.0,5.971
3-1,0.0,0.0,2.66,0.0,19.81,0.0,0.0,0.223,0.0,0.0,0.0,0.0,8.643,0.0,0.0,0.0,0.0,0.0,0.0,0.0,0.0,0.0,65.363,0.0,0.0,0.0,0.0,0.0,0.0,0.0,0.0,0.0,0.0,0.0,0.0,0.0,0.0,0.0,0.451,1.593,0.0,0.0,0.467,0.0,0.105,0.433,0.0,0.0,0.0,0.0,0.0,0.0,0.0,0.0,0.0,9.52,0.0,0.0,0.0,0.0,0.224,0.0,90.256
4-1,0.0,0.0,4.567,0.0,18.526,0.0,0.0,2.565,0.0,0.0,0.0,0.127,2.703,0.0,0.0,0.0,0.0,0.0,0.212,0.0,0.0,0.0,60.36799999999999,0.0,0.0,0.0,0.0,0.0,0.0,0.0,0.0,0.0,0.0,0.0,0.0,0.0,0.0,0.0,8.444,0.469,0.0,0.0,1.068,0.0,0.471,0.191,0.0,0.0,0.0,0.0,0.0,0.0,0.0,0.0,0.0,99.247,0.0,0.0,0.0,0.0,0.387,0.0,0.301
1-2,0.0,0.0,0.9410000000000001,0.0,33.63,0.0,0.0,0.424,0.246,0.0,0.0,1.965,11.439,0.0,0.0,0.0,0.0,0.0,3.026,0.0,0.0,0.0,33.759,0.0,0.0,0.0,0.0,0.0,0.0,0.0,0.0,0.0,0.0,0.0,0.0,0.0,0.0,0.181,3.836,0.3,0.0,0.0,2.847,0.0,5.744,0.366,0.0,0.146,0.0,1.048,0.0,0.0,0.193,0.0,9.49,86.74900000000001,0.0,0.0,0.0,1.166,0.994,0.0,1.408
2-2,0.0,0.336,1.124,0.0,28.731,0.247,0.0,0.634,0.342,0.0,0.0,1.208,14.888,0.0,0.0,0.0,0.0,0.151,3.25,0.0,0.0,0.0,32.076,0.0,0.282,0.0,0.124,0.0,0.0,0.0,0.0,0.0,0.212,0.0,0.0,0.0,0.368,0.656,6.572,0.362,0.0,0.0,2.139,0.0,4.551,0.5690000000000001,0.0,0.187,0.0,0.8310000000000001,0.0,0.0,0.0,0.0,12.678,84.20100000000001,0.0,0.0,0.0,1.789,0.914,0.0,0.418
3-2,0.0,0.137,0.829,0.0,20.418,0.0,0.0,0.338,0.528,0.0,0.0,1.917,22.348,0.0,0.0,0.0,0.0,0.0,3.412,0.834,0.0,0.0,32.486,0.0,0.0,0.0,0.108,0.0,0.0,0.0,0.0,0.222,0.0,0.0,0.0,0.0,0.0,0.156,4.015,0.5589999999999999,0.0,0.0,2.853,0.0,6.63,0.9600000000000001,0.0,0.173,0.0,0.8290000000000001,0.0,0.0,0.607,0.0,12.028,85.156,0.0,0.0,0.0,0.663,1.464,0.0,0.0
4-2,0.0,0.471,2.108,0.0,25.538,0.0,0.0,0.5449999999999999,0.523,0.0,0.0,1.003,15.025,0.0,0.0,0.0,0.0,0.0,4.018,0.0,0.0,0.0,28.355,0.0,0.0,0.0,0.165,0.0,0.0,0.0,0.0,0.171,0.0,0.0,0.0,0.0,0.0,0.397,6.472,0.6869999999999999,0.0,0.0,2.741,0.0,9.699,0.698,0.0,0.273,0.0,0.823,0.0,0.0,0.163,0.0,8.225,91.524,0.0,0.0,0.0,0.0,0.0,0.0,0.0
1-3,0.0,0.414,1.963,0.156,25.081,0.0,0.0,0.333,0.742,0.0,0.0,1.923,17.62,0.0,0.0,0.0,0.0,2.1,5.519,0.0,0.0,0.0,15.366,0.0,0.0,0.0,0.42,0.0,0.0,0.0,0.0,0.0,0.0,0.0,0.0,0.0,0.174,1.175,11.596,2.915,0.0,0.0,6.313,0.0,2.699,1.824,0.0,0.0,0.0,1.07,0.0,0.0,0.663,0.0,21.419,53.749,0.0,0.0,0.0,0.348,0.5449999999999999,0.0,23.278
2-3,0.0,0.228,1.225,0.472,24.745,0.104,0.0,0.319,0.864,0.0,0.0,0.655,25.723,0.0,0.0,0.0,0.0,0.739,5.415,0.0,0.0,0.0,14.857,0.0,0.0,0.0,0.159,0.0,0.0,0.0,0.0,0.0,0.0,0.0,0.0,0.0,0.128,0.542,9.984,2.119,0.0,0.0,5.119,0.0,3.613,1.785,0.0,0.0,0.0,1.002,0.0,0.0,0.0,0.0,27.643,71.187,0.0,0.0,0.0,0.0,1.021,0.0,0.149
3-3,0.0,0.264,2.072,0.211,23.636,0.0,0.0,0.391,0.5990000000000001,0.0,0.0,1.147,17.619,0.0,0.0,0.0,0.0,0.892,6.66,0.0,0.0,0.0,15.01,0.0,0.0,0.0,0.257,0.0,0.0,0.0,0.0,0.0,0.0,0.0,0.0,0.0,0.0,0.615,12.909,2.008,0.0,0.0,8.109,0.0,3.502,1.481,0.0,0.0,0.0,2.179,0.0,0.0,0.513,0.0,24.799,68.68599999999999,0.0,0.0,0.0,0.213,1.011,0.0,4.723
4-3,0.0,0.0,3.833,0.0,24.888,0.0,0.0,0.248,0.462,0.0,0.112,1.136,10.101,0.0,0.0,0.0,0.0,1.089,4.294,0.0,0.0,0.0,16.941,0.0,0.0,0.0,0.17,0.0,0.0,0.0,0.0,0.0,0.0,0.0,0.0,0.0,0.324,1.56,21.093,2.182,0.0,0.0,6.016,0.0,2.632,1.148,0.0,0.15,0.0,1.177,0.0,0.0,0.269,0.0,24.844,73.902,0.0,0.0,0.0,0.217,0.395,0.0,0.303
1-3b,0.0,0.354,2.685,0.0,23.126,0.0,0.0,0.329,0.797,0.0,0.0,2.087,18.009,0.0,0.134,0.0,0.0,1.804,6.927,0.0,0.0,0.0,14.619,0.0,0.0,0.0,0.423,0.0,0.0,0.0,0.0,0.0,0.0,0.0,0.0,0.0,0.186,1.082,10.944,2.506,0.0,0.0,7.495,0.0,2.976,1.54,0.0,0.0,0.0,1.445,0.0,0.0,0.652,0.0,30.17,64.859,0.0,0.0,0.0,0.337,1.207,0.0,2.773
1-4,0.0,1.56,1.035,0.291,27.865,0.0,0.0,0.0,0.5710000000000001,0.0,0.0,6.306999999999999,8.251000000000001,0.0,0.0,0.0,0.0,0.0,4.683,0.0,0.0,0.0,22.615,0.0,0.0,0.0,0.293,0.0,0.0,0.0,0.0,0.0,0.0,0.0,0.0,0.0,0.596,0.5720000000000001,15.263,5.427,0.0,0.0,0.77,0.0,0.996,1.526,0.0,0.0,0.0,0.869,0.0,0.0,0.55,0.0,21.259,70.014,0.0,0.0,0.0,0.671,5.255,0.0,2.222
2-4,0.0,0.897,0.877,0.764,23.606,0.0,0.0,0.0,0.369,0.0,0.0,12.184,11.198,0.0,0.0,0.0,0.0,0.0,3.712,0.0,0.0,0.0,25.377,0.0,0.0,0.0,0.0,0.0,0.0,0.0,0.0,0.0,0.0,0.0,0.0,0.0,0.125,0.233,12.841,4.294,0.0,0.0,0.804,0.0,0.831,0.407,0.0,0.17,0.0,0.802,0.0,0.0,0.0,0.0,17.385,77.869,0.0,0.0,0.0,0.479,4.181,0.0,0.0
3-4,0.0,0.544,1.054,0.473,21.664,0.0,0.0,0.0,0.543,0.0,0.0,3.489,16.347,0.0,0.0,0.0,0.0,0.0,5.081,0.109,0.869,0.0,25.184,0.0,0.0,0.0,0.136,0.0,0.0,0.0,0.0,0.0,0.0,0.0,0.0,0.0,0.0,0.431,13.75,4.739,0.0,0.0,1.524,0.0,1.288,0.997,0.0,0.128,0.0,1.176,0.0,0.0,0.34,0.0,19.365,77.25800000000001,0.0,0.0,0.0,0.0,2.922,0.0,0.0
4-4,0.0,0.364,1.977,0.535,21.948,0.0,0.0,0.0,0.33,0.0,0.0,3.083,17.499,0.0,0.0,0.0,0.0,0.0,4.191000000000001,0.827,0.296,0.0,22.548,0.0,0.0,0.0,0.235,0.0,0.0,0.0,0.0,0.0,0.0,0.0,0.0,0.0,0.216,0.399,15.33,4.609,0.0,0.0,1.32,0.0,1.59,1.388,0.0,0.0,0.0,0.956,0.0,0.0,0.324,0.0,22.429,73.716,0.0,0.164,0.0,0.0,3.184,0.0,0.136
1-5,0.0,0.918,1.755,0.208,25.745,0.0,0.0,0.0,0.347,0.0,0.0,0.839,23.733,0.0,0.0,0.0,0.0,0.204,6.492,0.0,0.0,0.0,12.778,0.0,0.173,0.0,0.608,0.0,0.0,0.0,0.0,0.0,0.0,0.0,0.0,0.0,0.219,0.365,14.949,4.012,0.0,0.0,1.915,0.0,1.221,1.994,0.0,0.216,0.0,0.845,0.0,0.0,0.845,0.0,28.474,63.397,0.0,0.573,0.0,0.8340000000000001,2.979,0.0,2.896
2-5,0.0,1.15,2.275,0.278,28.095,0.176,0.112,0.193,0.471,0.0,0.143,1.683,11.636,0.0,0.0,0.0,0.0,0.141,6.441,0.0,0.0,0.0,12.652,0.0,0.135,0.0,0.362,0.0,0.0,0.0,0.0,0.122,0.133,0.0,0.0,0.0,0.624,1.417,18.045,5.472,0.0,0.0,1.223,0.198,2.479,2.515,0.0,0.0,0.104,1.126,0.0,0.0,2.976,0.0,16.19,72.907,0.0,1.659,0.0,1.87,3.539,0.0,0.8570000000000001
3-5,0.0,0.443,1.128,0.176,25.184,0.0,0.0,0.192,0.3099999999999999,0.0,0.0,0.793,20.842,0.0,0.0,0.0,0.0,0.0,5.312,0.0,0.0,0.0,15.868,0.0,0.0,0.0,0.404,0.0,0.0,0.0,0.0,0.171,0.0,0.0,0.0,0.0,0.0,0.406,11.139,2.694,0.0,0.0,3.897,0.0,6.935,2.568,0.0,0.257,0.0,0.725,0.202,0.0,1.322,0.0,27.607,65.102,0.0,1.198,0.0,1.388,2.834,0.0,0.347
4-5,0.0,0.207,1.941,0.0,24.648,0.0,0.0,0.279,0.38,0.0,0.0,1.215,6.262,0.0,0.0,0.0,0.0,0.0,4.562,0.0,0.0,0.0,15.441,0.0,0.0,0.0,0.471,0.0,0.0,0.0,0.0,0.486,0.232,0.0,0.0,0.0,0.21,0.406,20.835,1.756,0.0,0.0,6.037,0.0,10.748,2.289,0.0,0.442,0.0,0.638,0.129,0.0,0.594,0.0,22.945,74.564,0.0,0.437,0.0,0.0,1.202,0.0,0.0
1-6,0.0,0.0,0.45,0.0,27.379,0.0,0.0,0.933,0.0,0.0,0.0,0.15,3.842,0.0,0.0,0.0,0.0,0.0,2.044,0.0,4.523,0.125,57.253,0.0,0.0,0.0,0.0,0.0,0.0,0.0,0.0,0.0,0.0,0.0,0.0,0.0,0.0,0.0,0.971,0.173,0.0,0.0,1.087,0.0,0.0,0.957,0.0,0.0,0.0,0.0,0.0,0.0,0.78,0.0,22.894,69.938,0.0,0.111,0.0,0.264,1.491,0.0,4.524
2-6,0.0,0.0,0.966,0.0,31.887,0.0,0.0,0.641,0.0,0.0,0.0,0.3,0.9410000000000001,0.0,0.0,0.0,0.0,0.0,1.557,0.0,1.863,0.0,57.586,0.0,0.0,0.0,0.0,0.0,0.0,0.0,0.0,0.0,0.0,0.0,0.0,0.0,0.145,0.152,1.415,0.478,0.0,0.0,0.567,0.0,0.0,1.219,0.0,0.125,0.0,0.0,0.0,0.0,1.08,0.0,16.611,79.847,0.0,0.0,0.0,0.0,2.46,0.0,0.0
3-6,0.0,0.0,0.293,0.0,37.916,0.0,0.0,0.73,0.0,0.0,0.0,0.48,0.327,0.0,0.0,0.0,0.0,0.0,1.351,0.0,4.843,0.0,47.983,0.0,0.0,0.0,0.0,0.0,0.0,0.0,0.0,0.0,0.0,0.0,0.0,0.0,0.0,0.186,0.637,2.875,0.0,0.0,0.904,0.0,0.0,1.054,0.0,0.0,0.0,0.123,0.0,0.0,1.183,0.0,22.913,65.25800000000001,0.0,0.0,0.0,0.575,3.853,0.0,6.218
4-6,0.0,0.0,0.626,0.0,34.646,0.0,0.0,1.223,0.0,0.0,0.0,0.259,0.452,0.0,0.0,0.0,0.0,0.0,0.615,0.0,6.461,0.0,53.348,0.0,0.0,0.0,0.0,0.0,0.0,0.0,0.0,0.0,0.0,0.0,0.0,0.0,0.0,0.0,0.5479999999999999,0.293,0.0,0.0,0.348,0.0,0.0,0.719,0.0,0.122,0.0,0.0,0.0,0.0,0.5489999999999999,0.0,22.222,76.343,0.0,0.0,0.0,0.0,0.488,0.0,0.398
1-7,0.0,4.504,1.937,1.117,31.499,0.148,0.0,0.0,3.581,0.0,0.0,5.27,1.838,0.0,0.0,0.0,0.0,0.117,8.01,0.0,0.0,0.0,8.024,0.0,0.307,0.0,0.264,0.0,0.0,0.104,0.0,0.0,0.386,0.0,0.173,0.253,0.45,1.566,21.814,4.987,0.0,0.0,0.5,0.187,0.333,1.179,0.0,0.0,0.0,1.025,0.0,0.12,0.8350000000000001,0.0,14.823,73.206,0.0,0.0,0.0,2.73,4.179,0.0,4.109
2-7,0.0,2.543,1.597,0.902,22.998,0.221,0.247,0.167,3.834,0.0,0.0,3.065,6.957,0.0,0.0,0.0,0.0,0.0,7.505,0.0,0.0,0.0,9.441,0.0,0.191,0.0,0.0,0.0,0.0,0.0,0.0,0.0,0.0,0.0,0.0,0.267,0.247,0.714,11.021,19.783,0.0,0.0,0.791,0.127,0.811,3.649,0.0,0.0,0.0,2.181,0.0,0.0,4.296,0.0,12.901,64.797,0.0,0.0,0.0,1.978,15.838,0.0,0.189
3-7,0.0,2.053,1.328,1.193,14.01,0.123,0.196,0.242,1.581,0.0,0.0,4.416,18.477,0.0,0.0,0.0,0.0,0.0,6.199,0.0,0.0,0.0,15.442,0.0,0.0,0.0,0.345,0.0,0.0,0.0,0.0,0.0,0.0,0.0,0.0,0.0,0.222,0.5549999999999999,9.976,12.961,0.178,0.0,0.642,0.0,2.813,4.255,0.0,0.157,0.0,2.211,0.0,0.0,4.714,0.0,20.705,69.682,0.0,0.0,0.0,1.4,2.078,0.0,1.421
4-7,0.0,1.79,2.045,0.5710000000000001,25.489,0.0,0.0,0.693,0.56,0.0,0.0,1.937,16.988,0.0,0.0,0.0,0.0,0.0,5.633999999999999,0.0,0.0,0.0,17.817,0.0,0.0,0.0,0.505,0.0,0.0,0.0,0.0,0.0,0.0,0.0,0.0,0.0,0.242,0.913,12.56,5.943,0.112,0.0,1.356,0.0,2.789,0.759,0.0,0.414,0.0,0.211,0.0,0.0,0.0,0.0,23.193,75.925,0.0,0.0,0.0,0.0,0.881,0.0,0.0
1-8,0.0,1.155,0.844,0.7150000000000001,24.105,0.0,0.196,0.17,0.707,0.0,0.0,9.822,9.119,0.0,0.0,0.0,0.0,0.0,9.67,0.0,0.0,0.0,26.092,0.0,0.0,0.0,0.351,0.0,0.0,0.0,0.0,0.0,0.0,0.0,0.0,0.0,0.0,0.373,5.854,2.204,0.0,0.0,2.624,0.0,3.179,0.971,0.0,0.0,0.0,1.431,0.0,0.0,0.828,0.0,13.683,77.56700000000001,0.0,0.0,0.0,0.163,4.691,0.0,3.019
2-8,0.0,0.5710000000000001,0.416,0.819,20.731,0.0,0.214,0.101,0.389,0.0,0.0,18.248,10.937,0.0,0.0,0.0,0.0,0.0,2.765,0.0,0.0,0.0,20.699,0.0,0.0,0.0,0.361,0.0,0.0,0.0,0.0,0.214,0.0,0.0,0.0,0.0,0.0,0.225,2.943,13.249,0.0,0.0,1.192,0.0,3.771,0.982,0.0,0.14,0.0,0.862,0.0,0.0,1.139,0.0,16.493,70.553,0.0,0.0,0.0,0.548,11.266,0.0,0.0
3-8,0.0,0.671,0.349,0.8,18.504,0.0,0.0,0.103,0.7619999999999999,0.0,0.0,23.722,15.162,0.0,0.0,0.0,0.0,0.0,3.816,0.0,0.0,0.245,16.8,0.0,0.0,0.0,0.168,0.0,0.0,0.0,0.0,0.198,0.0,0.0,0.0,0.0,0.228,0.215,3.601,4.467000000000001,0.0,0.0,2.669,0.0,5.779,0.762,0.0,0.0,0.0,0.556,0.0,0.0,0.0,0.0,18.247,77.143,0.0,0.0,0.0,0.552,3.133,0.0,0.925
4-8,0.0,0.938,1.071,0.759,17.643,0.0,0.0,0.134,0.49,0.0,0.0,12.724,19.971,0.0,0.0,0.0,0.0,0.0,7.949000000000001,0.0,0.0,0.0,19.665,0.0,0.0,0.0,0.152,0.0,0.0,0.0,0.0,0.0,0.0,0.0,0.0,0.0,0.4299999999999999,0.212,4.934,1.982,0.146,0.0,4.046,0.0,4.237,1.438,0.0,0.0,0.0,0.765,0.0,0.0,0.489,0.0,18.902,79.98599999999999,0.0,0.419,0.0,0.0,0.0,0.0,0.141
1-9,0.0,0.0,0.279,0.0,32.653,0.0,0.0,0.156,0.0,0.0,0.0,0.0,0.827,0.0,0.0,0.0,0.0,0.0,0.0,0.0,0.0,0.0,60.781,0.0,0.0,1.061,0.0,0.0,0.0,0.0,0.0,0.0,0.0,0.0,0.0,0.0,0.0,0.0,1.325,0.14,0.0,0.0,1.599,0.0,0.935,0.242,0.0,0.0,0.0,0.0,0.0,0.0,0.0,0.0,0.144,91.379,0.0,0.0,0.0,0.0,2.876,0.0,5.532
2-9,0.0,0.0,0.135,0.0,43.274,0.0,0.0,0.204,0.0,0.0,0.0,0.0,0.0,0.0,0.0,0.0,0.0,0.0,0.0,0.0,0.0,0.0,48.727,0.0,0.0,1.182,0.0,0.0,0.0,0.0,0.0,0.0,0.0,0.0,0.0,0.0,0.0,0.0,0.179,0.0,0.0,0.0,3.463,0.0,2.741,0.0,0.0,0.0,0.0,0.0,0.0,0.0,0.225,0.0,0.0,83.16099999999999,0.0,0.0,0.0,0.0,13.6,0.0,3.013
3-9,0.0,0.0,0.345,0.0,27.269,0.0,0.0,0.0,0.0,0.0,0.0,0.0,11.241,0.0,0.0,0.0,0.0,0.0,0.0,0.0,0.0,0.0,56.526,0.0,0.0,0.0,0.0,0.0,0.0,0.0,0.0,0.0,0.0,0.0,0.0,0.0,0.105,0.0,0.0,0.745,0.0,0.0,1.181,0.0,2.348,0.15,0.0,0.0,0.0,0.0,0.0,0.0,0.0,0.0,0.0,20.339,0.0,0.0,0.0,0.0,8.616,0.0,70.99600000000001
4-9,0.0,0.0,0.188,0.0,24.31,0.0,0.0,0.0,0.0,0.0,0.0,0.0,1.11,0.0,0.0,0.0,0.0,0.0,0.0,0.0,0.0,0.0,70.05199999999999,0.0,0.0,0.0,0.0,0.0,0.0,0.0,0.0,0.0,0.0,0.0,0.0,0.0,0.732,0.0,0.0,1.419,0.0,0.0,1.343,0.0,0.372,0.152,0.0,0.0,0.0,0.0,0.0,0.0,0.17,0.0,1.407,86.145,0.0,0.0,0.0,0.0,11.967,0.0,0.268
1-10,5.548,2.082,2.503,1.296,30.075,0.0,0.0,0.792,1.546,0.0,0.0,1.224,20.503,0.0,0.0,0.0,0.0,0.0,9.281,0.0,0.0,0.0,6.403,0.0,0.212,0.0,0.471,0.0,0.0,0.0,0.0,0.0,0.0,0.0,0.0,0.0,0.0,0.166,6.788,7.868,0.0,0.0,0.328,0.213,0.7949999999999999,0.639,0.0,0.0,0.0,0.756,0.0,0.642,4.534,0.0,27.767,50.798,0.0,0.0,0.0,0.199,2.884,0.0,13.175
2-10,0.211,6.018,2.336,0.943,10.511,0.0,0.114,0.404,2.672,0.0,0.0,1.753,19.545,0.0,0.0,0.0,0.0,0.159,8.24,0.0,0.0,0.0,8.904,0.0,0.249,0.0,0.728,0.255,0.0,0.0,0.0,0.49,0.449,0.0,0.0,0.0,0.528,0.532,8.905000000000001,23.251,0.11,0.107,0.286,0.0,0.221,1.27,0.0,0.114,0.121,0.4390000000000001,0.0,0.0,0.158,0.0,36.2,56.997,0.0,0.0,0.0,0.0,5.394,0.0,1.253
3-10,0.524,2.86,2.347,1.271,9.562,0.0,0.135,0.54,2.451,0.0,0.0,1.752,18.347,0.0,0.0,0.0,0.0,0.0,9.212,0.0,0.0,0.0,10.678,0.0,0.0,0.0,0.758,0.0,0.0,0.0,0.0,0.727,0.0,0.0,0.0,0.0,0.413,0.385,10.247,24.98,0.223,0.131,0.175,0.0,1.152,0.279,0.0,0.147,0.0,0.449,0.0,0.0,0.552,0.0,21.587,61.069,0.0,0.0,0.0,0.0,5.446,0.0,11.346
4-10,0.126,1.505,2.256,0.629,3.118,0.0,0.0,0.9380000000000001,0.654,0.0,0.0,0.249,33.025,13.986,0.0,0.0,0.0,0.0,0.775,0.0,0.0,0.0,23.234,0.0,0.0,0.0,0.252,0.0,0.0,0.0,0.0,0.0,0.0,0.0,0.0,0.0,1.243,0.224,12.155,0.32,0.0,0.0,1.43,0.0,2.693,0.125,0.0,0.503,0.0,0.0,0.0,0.0,0.0,0.0,5.491,90.824,0.0,0.0,0.0,0.0,3.098,0.0,0.573
1-11,1.105,2.539,2.725,0.547,13.88,0.271,0.401,0.0,1.702,0.0,0.0,2.095,3.242,0.0,0.0,0.113,0.0,0.305,8.957,0.0,0.0,0.0,15.887,0.0,0.753,0.0,0.11,0.0,0.0,0.241,0.0,0.122,0.305,0.133,0.0,0.0,0.131,1.009,27.967,2.247,0.261,0.0,0.195,0.558,5.246,1.829,0.0,0.108,0.146,4.463,0.0,0.115,2.204,0.0,18.857,70.743,0.0,0.0,0.0,0.355,3.306,0.0,4.418
2-11,7.904,1.749,1.247,0.401,12.153,0.101,0.0,0.172,2.133,1.046,0.0,1.359,9.595,0.0,0.0,0.138,0.0,0.108,5.311,0.0,0.0,0.0,4.322,0.0,0.33,0.0,0.0,0.0,0.0,0.0,0.0,0.431,0.402,0.0,0.0,0.22,0.126,1.777,25.453,8.217,0.163,0.129,0.26,1.166,6.714,1.576,0.0,0.0,0.0,4.675,0.0,0.0,8.575,0.0,20.16,66.186,0.0,0.0,0.0,0.0,3.653,0.0,1.426
3-11,2.743,3.026,0.896,0.397,20.232,0.0,0.0,0.0,1.037,0.0,0.162,0.595,9.524,0.0,0.0,0.0,0.0,0.162,7.578,0.0,0.103,0.0,6.273,0.0,0.362,0.0,0.14,0.0,0.0,0.0,0.0,0.0,0.275,0.0,0.0,0.55,0.0,1.278,28.679,5.548,0.0,0.0,0.255,1.825,4.12,1.922,0.0,0.0,0.0,1.626,0.0,0.0,4.543,0.0,10.221,56.424,0.0,0.194,0.0,1.371,2.149,0.0,25.097
4-11,4.199,2.346,2.143,1.02,13.133,0.0,0.0,0.289,1.639,0.0,0.0,1.025,16.385,0.0,0.0,0.0,0.0,0.0,6.098,0.0,0.0,0.0,12.035,0.0,0.165,0.0,0.623,0.0,0.0,0.0,0.0,0.0,0.0,0.0,0.0,0.0,0.0,1.028,19.759,7.144000000000001,0.0,0.0,0.352,0.0,8.341999999999999,1.322,0.0,0.131,0.0,0.468,0.0,0.0,2.848,0.0,12.235,84.158,0.0,0.0,0.0,0.0,0.661,0.0,0.0
1-11b,13.999,2.12,3.502,0.275,13.382,0.0,0.0,0.216,1.021,0.0,0.0,1.985,0.6739999999999999,0.0,0.0,0.538,0.0,0.0,9.794,0.103,0.0,0.0,3.593,0.0,0.914,0.0,0.283,0.0,0.0,0.26,0.0,0.0,0.639,0.277,0.0,0.25,0.0,1.139,23.206,2.356,0.0,0.0,0.145,9.872,4.542999999999999,1.507,0.0,0.0,0.103,2.326,0.0,0.0,3.949,0.0,14.887,72.136,0.0,0.0,0.0,1.234,3.792,0.0,4.002
1-12,0.0,0.0,0.0,0.0,41.585,0.0,0.0,0.7870000000000001,0.0,0.0,0.0,0.0,2.621,0.0,0.0,0.0,0.0,0.68,0.577,0.0,0.0,0.127,49.079,0.0,0.0,0.0,0.0,0.0,0.0,0.0,0.0,0.0,0.0,0.0,0.0,0.0,0.0,0.0,0.149,2.884,0.0,0.0,0.753,0.0,0.0,0.583,0.0,0.0,0.0,0.0,0.0,0.0,0.0,0.0,0.216,93.785,0.0,0.0,0.0,0.0,3.816,0.0,2.059
2-12,0.0,0.0,0.183,0.0,29.873,0.0,0.0,1.387,0.0,0.0,0.0,0.0,2.156,0.0,0.0,0.0,0.0,1.498,0.318,0.0,0.0,0.0,57.557,0.0,0.0,0.0,0.0,0.0,0.0,0.0,0.0,0.0,0.0,0.0,0.0,0.0,0.0,0.0,0.291,4.079,0.0,0.0,1.84,0.0,0.0,0.47,0.0,0.0,0.0,0.0,0.0,0.0,0.0,0.0,0.169,96.84800000000001,0.0,0.891,0.0,0.0,1.674,0.0,0.361
3-12,0.0,0.0,0.0,0.0,25.365,0.0,0.0,0.26,0.0,0.0,0.0,0.0,0.521,0.0,0.0,0.0,0.0,0.313,0.393,0.0,0.0,0.0,69.8,0.0,0.0,0.0,0.0,0.0,0.0,0.0,0.0,0.0,0.0,0.0,0.0,0.0,0.0,0.101,0.0,1.955,0.0,0.0,0.98,0.0,0.0,0.242,0.0,0.0,0.0,0.0,0.0,0.0,0.0,0.0,0.218,82.959,0.0,0.389,0.0,0.0,3.313,0.0,13.119
4-12,0.0,0.0,0.114,0.0,21.071,0.0,0.0,0.403,0.0,0.0,0.0,0.0,0.564,0.0,0.0,0.0,0.0,1.002,0.226,0.0,0.0,0.0,71.99,0.0,0.0,0.0,0.0,0.0,0.0,0.0,0.0,0.246,0.0,0.0,0.0,0.0,0.0,0.0,0.0,2.431,0.0,0.0,0.773,0.0,0.0,0.96,0.0,0.0,0.0,0.0,0.0,0.0,0.0,0.0,0.358,89.318,0.0,0.0,0.0,0.0,10.149,0.0,0.175
1-13,0.0,0.0,0.523,0.0,22.835,0.0,0.0,1.232,0.303,0.0,0.0,7.771,5.811,0.0,0.0,0.0,0.0,0.0,1.053,0.0,0.0,0.0,43.003,0.0,0.0,0.0,0.0,0.0,0.0,0.0,0.0,1.612,0.0,0.0,0.0,0.0,0.0,0.0,1.571,0.541,0.0,0.0,5.873,0.0,4.598999999999999,1.181,0.0,0.496,0.0,1.156,0.0,0.0,0.652,0.0,13.639,80.908,0.0,0.0,0.0,0.491,1.39,0.0,2.921
2-13,0.0,0.0,0.618,0.0,25.762,0.0,0.0,1.407,0.249,0.0,0.146,7.858000000000001,2.201,0.0,0.0,0.0,0.0,0.0,1.155,0.0,0.0,0.0,44.025,0.162,0.0,0.0,0.0,0.0,0.0,0.0,0.0,1.639,0.0,0.0,0.0,0.0,0.152,0.143,2.539,1.409,0.0,0.0,3.428,0.0,5.042,0.897,0.0,0.0,0.0,0.926,0.0,0.0,0.93,0.0,16.736,79.711,0.0,0.0,0.0,0.0,2.066,0.0,0.558
3-13,0.0,0.0,0.398,0.0,17.183,0.0,0.0,0.667,0.738,0.0,0.0,28.39,2.951,0.0,0.0,0.0,0.0,0.0,0.5750000000000001,0.297,0.0,0.0,29.134,0.0,0.0,0.0,0.0,0.0,0.0,0.0,0.0,1.75,0.0,0.0,0.0,0.0,0.16,0.14,1.096,3.132,0.0,0.0,2.639,0.0,7.774,1.257,0.0,0.156,0.0,1.338,0.0,0.0,0.908,0.0,14.244,51.098,0.0,0.0,0.0,3.95,2.795,0.0,27.004
4-13,0.0,0.0,0.772,0.0,18.079,0.0,0.0,0.844,0.842,0.0,0.0,31.726,4.975,0.0,0.0,0.0,0.0,0.0,1.006,0.0,0.0,0.0,20.005,0.0,0.0,0.0,0.0,0.0,0.0,0.0,0.0,2.459,0.0,0.0,0.0,0.0,0.0,0.12,0.903,2.444,0.0,0.0,5.308,0.0,6.712,1.746,0.0,0.458,0.0,1.208,0.0,0.0,1.0,0.0,7.246,90.65599999999999,0.0,0.0,0.0,1.037,0.0,0.0,0.0
1-14,0.0,0.0,0.0,0.0,32.123,0.0,0.0,0.112,0.0,0.0,0.0,0.0,0.646,0.0,0.0,0.0,0.0,0.0,0.0,0.0,0.0,0.0,65.54899999999999,0.0,0.0,0.0,0.0,0.0,0.0,0.0,0.0,0.0,0.0,0.0,0.0,0.0,0.0,0.0,0.0,0.0,0.0,0.0,1.017,0.0,0.137,0.0,0.0,0.0,0.0,0.0,0.0,0.0,0.118,0.0,0.0,74.853,0.0,0.0,0.0,0.123,13.319,0.0,11.499
2-14,0.0,0.0,0.0,0.0,27.336,0.0,0.0,0.0,0.0,0.0,0.0,0.0,0.963,0.0,0.0,0.0,0.0,0.0,0.0,0.0,0.0,0.0,68.657,0.0,0.0,0.0,0.0,0.0,0.0,0.0,0.0,0.0,0.0,0.0,0.0,0.0,0.226,0.0,0.123,0.51,0.0,0.0,1.539,0.0,0.468,0.103,0.0,0.0,0.0,0.0,0.0,0.0,0.0,0.0,0.245,81.56700000000001,0.0,0.0,0.0,0.0,17.095,0.0,1.093
3-14,0.0,0.0,0.324,0.0,22.028,0.0,0.0,0.0,0.0,0.0,0.0,0.0,6.794,0.0,0.0,0.0,0.0,0.0,0.0,0.0,0.0,0.0,66.503,0.0,0.0,0.0,0.0,0.0,0.0,0.0,0.0,0.0,0.0,0.0,0.0,0.0,0.0,0.0,0.0,1.833,0.0,0.0,1.356,0.0,0.425,0.48,0.0,0.0,0.0,0.0,0.0,0.0,0.0,0.0,0.0,62.031,0.0,0.0,0.0,1.213,34.06,0.0,2.697
4-14,0.0,0.0,0.517,0.0,21.355,0.0,0.0,0.0,0.0,0.0,0.0,0.0,6.508999999999999,0.0,0.0,0.0,0.0,0.0,0.0,0.0,0.0,0.0,65.244,0.0,0.0,0.0,0.0,0.0,0.0,0.0,0.0,0.0,0.0,0.0,0.0,0.0,0.0,0.0,0.0,0.0,0.0,0.0,1.785,0.0,4.239,0.117,0.0,0.0,0.0,0.0,0.0,0.0,0.0,0.0,0.226,95.441,0.0,0.0,0.0,0.0,4.282999999999999,0.0,0.0
1-15,0.0,2.628,1.808,0.339,23.288,0.17,0.0,0.345,0.709,0.0,0.0,2.129,10.72,0.0,0.0,0.0,0.0,0.245,7.079,0.0,0.0,0.0,13.329,0.0,0.133,0.0,0.184,0.0,0.0,0.0,0.0,0.0,0.785,0.0,0.0,0.138,0.531,0.981,23.82,3.362,0.3070000000000001,0.0,1.185,0.0,4.011,1.067,0.0,0.0,0.0,0.192,0.0,0.0,0.658,0.0,25.136,66.15,0.0,0.0,0.0,0.215,2.94,0.0,4.752
2-15,0.0,2.23,1.414,0.327,28.936,0.178,0.0,0.665,0.536,0.0,0.116,1.867,15.279,0.0,0.0,0.0,0.0,0.316,7.941,0.0,0.0,0.133,14.034,0.0,0.0,0.0,0.16,0.0,0.0,0.0,0.0,0.0,0.0,0.0,0.0,0.0,0.698,1.35,11.866,4.806,0.502,0.0,1.557,0.0,2.882,1.478,0.0,0.0,0.102,0.227,0.0,0.0,0.627,0.0,24.03,63.912,0.0,0.0,0.0,0.0,2.608,0.0,8.823
3-15,0.0,0.685,0.993,0.0,32.921,0.0,0.0,0.479,0.172,0.0,0.0,0.639,16.878,0.0,0.0,0.0,0.0,0.339,9.725,0.0,0.0,0.5930000000000001,17.95,0.0,0.0,0.0,0.0,0.0,0.0,0.0,0.0,0.0,0.0,0.0,0.0,0.0,0.0,0.448,10.216,1.188,0.389,0.0,2.526,0.0,2.08,1.1,0.0,0.0,0.0,0.23,0.0,0.0,0.328,0.0,13.991,57.399,0.0,0.0,0.0,0.0,1.333,0.0,26.948
4-15,0.0,0.768,1.449,0.119,27.127,0.0,0.0,0.798,0.233,0.0,0.0,0.962,11.229,0.0,0.0,0.0,0.0,0.712,13.032,0.0,0.0,0.266,20.31,0.0,0.0,0.0,0.276,0.0,0.0,0.0,0.0,0.0,0.0,0.0,0.19,0.0,0.153,0.646,6.846,1.713,0.226,0.0,5.995,0.0,5.288,1.112,0.0,0.126,0.0,0.17,0.0,0.0,0.0,0.0,14.451,83.899,0.0,0.0,0.0,0.0,1.651,0.0,0.0
1-16,0.0,0.646,0.728,0.0,23.096,2.001,0.0,0.633,0.5579999999999999,0.0,0.0,0.6529999999999999,10.038,0.687,0.0,0.0,0.0,0.376,1.434,0.0,0.0,0.0,4.923,0.0,0.103,0.0,0.252,0.0,0.0,0.0,0.0,0.0,0.247,0.0,0.0,0.0,0.16,0.464,47.077,1.969,0.0,0.0,0.422,0.0,0.298,2.709,0.104,0.0,0.0,0.129,0.0,0.0,0.408,0.0,1.147,92.09,0.0,0.0,0.0,0.246,2.568,0.0,3.538
2-16,0.0,3.02,0.803,0.16,25.922,0.0,0.0,1.814,2.548,0.0,0.149,2.026,15.55,2.406,0.0,0.0,0.0,0.0,6.197,0.0,0.0,0.0,6.181,0.114,0.152,0.0,0.492,0.0,0.0,0.0,0.0,0.239,0.4929999999999999,0.0,0.0,0.123,0.341,0.581,24.144,3.264,0.14,0.0,0.982,0.0,0.488,0.954,0.152,0.0,0.0,0.145,0.0,0.0,0.159,0.0,0.297,97.561,0.0,0.0,0.0,0.0,1.378,0.0,0.604
3-16,0.0,2.259,0.767,0.246,23.791,0.112,0.0,1.262,1.853,0.0,0.5660000000000001,1.422,25.498,1.013,0.0,0.0,0.0,0.0,0.633,0.0,0.0,0.0,15.674,0.817,0.0,0.0,0.219,0.0,0.0,0.0,0.0,0.985,0.0,0.0,0.0,0.0,0.279,0.131,9.919,9.182,0.0,0.0,1.041,0.0,0.395,1.445,0.0,0.157,0.0,0.202,0.0,0.0,0.0,0.0,8.628,83.457,0.0,0.0,0.0,0.0,5.457,0.0,2.458
4-16,0.0,5.015,0.873,0.6,16.64,0.611,0.0,0.6499999999999999,1.498,0.0,0.438,2.238,9.464,0.0,0.0,0.0,0.0,0.0,3.057,0.0,0.0,0.0,27.221,1.465,0.0,0.0,0.143,0.0,0.0,0.0,0.0,0.0,0.0,0.0,0.169,0.0,0.513,0.224,7.653,1.427,0.0,0.0,2.425,0.0,0.146,16.875,0.0,0.0,0.0,0.484,0.0,0.0,0.0,0.0,9.338,90.608,0.0,0.0,0.0,0.0,0.0,0.0,0.0
1-17,0.0,0.0,0.667,0.0,24.016,0.0,0.0,0.878,0.0,0.0,0.0,0.11,10.807,0.0,0.0,0.0,0.0,0.289,4.303,0.0,5.331,0.0,43.453,0.0,0.0,0.0,0.0,0.0,0.0,0.0,0.0,0.0,0.0,0.0,0.0,0.0,0.0,0.368,5.556999999999999,1.469,0.0,0.0,1.231,0.0,0.0,1.048,0.0,0.0,0.0,0.13,0.0,0.0,0.306,0.0,17.117,77.92699999999999,0.0,0.0,0.0,0.106,0.904,0.0,3.602
2-17,0.0,0.215,0.87,0.277,28.188,0.0,0.0,0.5469999999999999,0.0,0.0,0.229,0.222,16.382,0.0,0.0,0.0,0.0,0.254,3.049,0.0,1.235,0.128,36.004,0.0,0.0,0.0,0.184,0.0,0.0,0.0,0.0,0.0,0.0,0.0,0.0,0.0,0.269,0.878,6.226,1.787,0.0,0.0,1.182,0.0,0.142,1.109,0.0,0.0,0.0,0.3910000000000001,0.0,0.0,0.0,0.0,25.441,70.681,0.0,0.0,0.0,0.0,2.16,0.0,1.718
3-17,0.0,0.0,0.29,0.0,20.635,0.0,0.0,0.382,0.0,0.0,0.0,0.112,24.841,0.0,0.0,0.0,0.0,0.0,2.103,0.0,2.327,0.0,40.151,0.0,0.0,0.0,0.0,0.0,0.0,0.0,0.0,0.0,0.0,0.0,0.0,0.0,0.19,0.232,4.089,1.646,0.0,0.0,1.455,0.0,0.0,0.805,0.0,0.0,0.0,0.0,0.0,0.0,0.575,0.0,21.941,65.137,0.0,1.53,0.0,0.0,2.716,0.0,8.101
4-17,0.0,0.0,1.342,0.18,21.968,0.0,0.0,0.302,0.0,0.0,0.0,0.11,20.735,0.0,0.0,0.0,0.0,0.0,0.754,0.0,0.258,0.0,38.166,0.252,0.0,0.0,0.113,0.0,0.0,0.0,0.0,0.0,0.0,0.0,0.0,0.0,0.352,0.34,10.047,2.101,0.0,0.0,1.156,0.0,0.0,1.241,0.0,0.0,0.0,0.129,0.0,0.0,0.296,0.0,11.957,84.636,0.0,1.695,0.0,0.0,1.289,0.0,0.0
1-18,0.0,0.227,1.946,0.227,15.355,0.0,0.0,0.187,0.36,0.0,0.117,0.5740000000000001,25.796,0.0,0.0,0.0,0.0,0.0,1.38,0.0,0.0,0.0,34.884,0.0,0.0,0.0,0.0,0.0,0.0,0.0,0.0,0.0,0.0,0.0,0.0,0.123,0.227,0.541,11.01,3.11,0.0,0.0,1.132,0.0,0.17,1.405,0.0,0.0,0.0,0.784,0.0,0.0,6.974,0.0,4.568000000000001,84.661,0.0,0.0,0.0,0.0,0.921,0.0,2.843
2-18,0.0,0.195,0.809,0.142,17.765,0.0,0.0,0.179,0.601,0.0,0.468,0.432,26.281,0.0,0.0,0.0,0.0,0.0,4.849,0.0,0.0,0.0,21.323,0.113,0.0,0.0,0.0,0.0,0.0,0.0,0.0,0.0,0.154,0.0,0.0,0.205,0.432,0.588,15.237,1.992,0.0,0.0,1.172,0.0,1.895,1.928,0.0,0.0,0.0,2.828,0.0,0.0,3.668,0.0,19.111,71.005,0.0,0.0,0.0,0.0,1.894,0.0,4.321
3-18,0.0,0.0,0.9309999999999999,0.0,14.785,0.0,0.0,0.0,0.527,0.0,0.303,0.259,27.683,0.0,0.0,0.0,0.0,0.0,5.321999999999999,0.0,0.0,0.126,23.166,0.229,0.0,0.0,0.0,0.0,0.0,0.0,0.0,0.0,0.0,0.0,0.103,0.0,0.0,0.259,14.013,2.439,0.0,0.0,1.492,0.0,5.592,1.847,0.0,0.0,0.0,0.252,0.0,0.0,1.076,0.0,16.248,58.287,0.0,0.0,0.0,0.31,2.563,0.0,21.515
4-18,0.0,0.0,1.953,0.113,22.068,0.0,0.0,0.0,0.717,0.0,0.362,1.425,16.583,0.0,0.197,0.0,0.0,0.0,1.977,0.0,0.0,0.0,24.241,1.047,0.0,0.0,0.0,0.0,0.0,0.0,0.0,0.0,0.0,0.0,0.124,0.0,0.899,0.716,14.698,2.906,0.0,0.0,2.207,0.0,2.72,3.843,0.0,0.161,0.0,0.483,0.0,0.0,1.262,0.0,15.77,79.909,0.127,0.436,0.0,0.513,1.839,0.0,0.145
1-19,0.0,0.0,1.674,0.0,22.18,0.0,0.0,0.108,0.0,0.0,0.0,0.0,2.645,0.0,0.0,0.0,0.0,0.0,0.0,0.0,0.0,0.0,67.476,0.0,0.0,0.0,0.0,0.0,0.0,0.0,0.0,0.0,0.0,0.0,0.0,0.0,0.114,0.131,1.216,0.178,0.0,0.0,3.014,0.0,0.286,0.908,0.0,0.0,0.0,0.0,0.0,0.0,0.0,0.0,0.111,84.076,0.0,0.0,0.0,0.0,9.027,0.0,6.785
2-19,0.0,0.0,0.0,0.0,31.389,0.0,0.0,0.0,0.0,0.0,0.0,0.0,0.756,0.0,0.0,0.0,0.0,0.0,0.0,0.0,0.0,0.0,65.637,0.0,0.0,0.0,0.0,0.0,0.0,0.0,0.0,0.0,0.0,0.0,0.0,0.0,0.0,0.0,0.198,0.457,0.0,0.0,0.909,0.0,0.191,0.186,0.0,0.0,0.0,0.0,0.0,0.0,0.0,0.0,0.45,64.673,0.0,0.0,0.0,0.0,32.329,0.0,2.548
3-19,0.0,0.0,0.295,0.0,32.993,0.0,0.0,0.0,0.0,0.0,0.0,0.0,3.373,0.0,0.0,0.0,0.0,0.0,0.0,0.0,0.0,0.0,59.881,0.0,0.0,0.0,0.0,0.0,0.0,0.0,0.0,0.0,0.0,0.0,0.0,0.0,0.0,0.0,0.0,0.7860000000000001,0.0,0.0,1.236,0.0,1.042,0.257,0.0,0.0,0.0,0.0,0.0,0.0,0.0,0.0,0.0,59.044,0.0,0.0,0.0,0.0,17.015,0.0,23.94
1-20,0.0,0.0,0.286,0.0,23.899,0.0,0.0,0.634,0.0,0.0,0.0,0.0,11.08,0.0,0.0,0.0,0.0,0.0,0.0,0.0,0.351,0.0,61.876,0.0,0.0,0.0,0.0,0.0,0.0,0.0,0.0,0.0,0.0,0.0,0.0,0.0,0.0,0.0,0.117,0.138,0.0,0.0,0.7869999999999999,0.0,0.0,0.5349999999999999,0.0,0.0,0.0,0.0,0.0,0.0,0.0,0.0,0.477,93.319,0.0,0.0,0.0,0.0,1.814,0.0,4.379
2-20,0.0,0.0,0.168,0.0,18.957,0.0,0.0,0.24,0.0,0.0,0.0,0.0,8.946,0.0,0.0,0.0,0.0,0.0,0.0,0.0,0.0,0.0,68.515,0.0,0.0,0.0,0.0,0.0,0.0,0.0,0.0,0.0,0.0,0.0,0.0,0.0,0.482,0.0,0.288,0.169,0.0,0.0,0.734,0.0,0.0,1.319,0.0,0.0,0.0,0.0,0.0,0.0,0.0,0.0,0.317,88.509,0.0,0.0,0.0,0.0,6.229,0.0,4.945
3-20,0.0,0.0,0.0,0.0,9.931000000000001,0.0,0.0,0.42,0.0,0.0,0.0,0.0,21.441,0.0,0.0,0.0,0.0,0.0,0.281,0.0,0.0,0.0,66.30199999999999,0.0,0.0,0.0,0.0,0.0,0.0,0.0,0.0,0.0,0.0,0.0,0.0,0.0,0.0,0.0,0.0,0.554,0.0,0.0,0.483,0.0,0.0,0.496,0.0,0.0,0.0,0.0,0.0,0.0,0.0,0.0,0.0,80.733,0.0,0.0,0.0,0.0,6.045,0.0,13.222
1-21,0.0,1.1,0.739,0.216,30.573,0.0,0.121,0.113,0.853,0.0,0.0,4.79,9.156,0.0,0.0,0.0,0.0,0.0,9.842,0.0,0.0,0.238,20.76,0.0,0.0,0.0,0.7909999999999999,0.0,0.0,0.0,0.0,0.0,0.0,0.0,0.0,0.154,0.296,0.629,11.795,3.0,0.15,0.0,1.033,0.0,0.646,1.883,0.0,0.126,0.0,0.427,0.0,0.0,0.432,0.0,23.484,72.244,0.0,0.0,0.0,0.0,1.242,0.0,2.569
2-21,0.0,0.533,2.341,0.134,22.232,0.0,0.0,0.224,1.05,0.0,0.264,3.123,4.752,0.0,0.0,0.0,0.114,0.0,8.662,0.0,0.0,0.0,21.351,0.106,0.122,0.0,0.181,0.0,0.0,0.0,0.106,0.142,0.0,0.0,0.0,0.0,0.0,0.279,27.709,1.121,0.107,0.13,1.059,0.0,0.921,2.243,0.0,0.22,0.0,0.473,0.0,0.0,0.479,0.0,24.782,71.901,0.0,0.0,0.0,0.0,2.081,0.0,0.758
3-21,0.0,0.9510000000000001,1.652,0.285,30.479,0.0,0.0,0.0,0.556,0.0,0.403,1.574,2.743,0.0,0.0,0.0,0.208,0.0,5.179,0.0,0.0,0.174,20.028,0.574,0.0,0.0,0.118,0.0,0.0,0.0,0.0,0.0,0.324,0.0,0.0,0.226,0.48,0.725,26.688,2.293,0.0,0.17,1.204,0.0,0.254,1.844,0.0,0.191,0.0,0.181,0.0,0.0,0.276,0.0,17.478,73.81099999999999,0.0,0.0,0.0,0.0,0.524,0.0,7.911
4-21,0.0,1.05,1.175,0.333,31.799,0.11,0.0,0.105,0.881,0.0,0.0,1.388,10.358,0.0,0.0,0.0,0.0,0.0,6.479,0.0,0.0,0.0,15.594,0.246,0.0,0.0,0.597,0.0,0.0,0.0,0.0,0.0,0.0,0.0,0.0,0.224,1.73,0.61,19.437,1.872,0.0,0.256,1.369,0.0,0.999,2.635,0.0,0.0,0.0,0.229,0.0,0.255,0.829,0.0,15.542,80.361,0.0,0.0,0.0,1.84,0.95,0.0,0.224
1-22,0.0,0.0,0.252,0.15,22.929,0.0,0.0,1.527,0.0,0.0,0.0,0.0,19.223,0.0,0.0,0.0,0.0,1.048,0.878,0.0,0.0,0.0,46.526,0.0,0.0,0.0,0.0,0.0,0.0,0.0,0.0,0.0,0.0,0.0,0.0,0.0,0.0,0.0,0.109,4.273,0.0,0.0,1.681,0.0,0.0,0.625,0.0,0.0,0.0,0.436,0.0,0.0,0.516,0.0,0.26,92.55999999999999,0.0,0.228,0.0,0.0,4.188,0.0,2.236
2-22,0.0,0.0,0.215,0.0,26.191,0.0,0.0,1.515,0.0,0.0,0.0,0.102,6.180000000000001,0.0,0.0,0.0,0.0,0.964,0.463,0.0,0.0,0.0,56.905,0.0,0.0,0.0,0.0,0.0,0.0,0.0,0.0,0.322,0.0,0.0,0.0,0.0,0.215,0.133,0.173,4.707,0.0,0.0,1.448,0.0,0.0,0.14,0.0,0.0,0.0,0.151,0.0,0.0,0.0,0.0,8.396,75.68700000000001,0.0,0.0,0.0,0.0,2.68,0.0,13.237
3-22,0.0,0.0,0.725,0.0,31.264,0.0,0.0,0.408,0.0,0.0,0.0,0.0,0.37,0.0,0.0,0.0,0.0,0.0,0.327,0.0,0.0,0.0,62.391,0.0,0.0,0.0,0.0,0.0,0.0,0.0,0.0,0.0,0.0,0.0,0.0,0.0,0.455,0.0,1.611,0.203,0.0,0.0,1.312,0.0,0.0,0.787,0.0,0.0,0.0,0.0,0.0,0.0,0.0,0.0,0.328,27.544,0.0,0.0,0.0,0.0,0.0,0.0,72.127
4-22,0.0,0.0,0.245,0.0,33.912,0.0,0.0,0.126,0.0,0.0,0.0,0.0,1.537,0.0,0.0,0.0,0.0,0.0,0.146,0.0,0.0,0.0,57.645,0.0,0.0,0.0,0.0,0.0,0.0,0.0,0.0,0.0,0.0,0.0,0.0,0.0,0.284,0.0,0.391,3.717,0.0,0.0,0.8939999999999999,0.0,0.0,1.066,0.0,0.0,0.0,0.0,0.0,0.0,0.0,0.0,0.366,97.68900000000001,0.0,0.0,0.0,0.0,1.882,0.0,0.0
1-23,0.0,0.357,0.597,0.345,21.499,0.0,0.0,0.411,0.42,0.0,0.133,22.58,5.868,0.0,0.0,0.0,0.0,0.0,1.522,0.0,0.0,0.0,20.812,0.0,0.0,0.0,0.334,0.0,0.0,0.0,0.0,0.192,0.0,0.0,0.0,0.0,0.173,0.42,9.847999999999999,2.971,0.0,0.0,4.331,0.0,5.234,0.774,0.0,0.17,0.0,0.616,0.0,0.0,0.422,0.0,18.417,75.33800000000001,0.0,0.0,0.0,0.547,3.086,0.0,2.189
2-23,0.0,0.16,0.237,0.11,18.866,0.0,0.0,0.0,0.318,0.0,0.0,43.377,12.626,0.0,0.0,0.0,0.0,0.0,0.375,0.4,0.0,0.0,10.139,0.0,0.0,0.0,0.176,0.0,0.0,0.0,0.0,0.129,0.0,0.0,0.0,0.0,0.185,0.0,3.285,3.584,0.0,0.0,1.955,0.0,3.478,0.122,0.0,0.0,0.0,0.186,0.0,0.0,0.0,0.0,20.638,77.208,0.0,0.0,0.0,0.0,1.94,0.0,0.215
3-23,0.0,0.507,0.489,0.302,17.094,0.0,0.0,0.0,0.239,0.0,0.0,31.552,10.765,0.0,0.0,0.0,0.0,0.0,0.845,0.19,0.0,0.0,14.856,0.223,0.0,0.0,0.0,0.0,0.0,0.0,0.0,0.0,0.0,0.0,0.0,0.0,0.101,0.242,10.169,2.362,0.0,0.0,4.098,0.0,3.799,0.696,0.0,0.0,0.0,0.857,0.0,0.0,0.0,0.0,21.312,73.017,0.0,0.608,0.0,0.601,3.316,0.0,1.147
4-23,0.0,0.436,2.303,0.265,26.335,0.0,0.0,0.214,0.621,0.0,0.123,17.132,9.629,0.0,0.0,0.0,0.0,0.0,2.038,0.965,0.0,0.0,19.574,0.115,0.0,0.0,0.277,0.0,0.0,0.0,0.0,0.0,0.12,0.0,0.0,0.0,0.262,1.112,8.372,1.179,0.0,0.0,3.936999999999999,0.0,3.009,0.974,0.0,0.0,0.0,0.684,0.0,0.0,0.169,0.0,11.214,88.369,0.0,0.0,0.0,0.0,0.0,0.0,0.19
1-24,0.0,0.8490000000000001,1.025,0.0,19.85,0.149,0.0,0.188,0.9600000000000001,0.0,0.0,2.784,7.779000000000001,0.0,0.0,0.0,0.0,0.0,21.18,0.0,0.0,0.152,25.015,0.0,0.0,0.0,0.237,0.0,0.0,0.0,0.0,0.131,0.0,0.0,0.0,0.0,0.0,0.291,7.629,6.337000000000001,0.0,0.0,2.324,0.0,0.272,1.718,0.0,0.0,0.0,0.644,0.0,0.0,0.11,0.0,10.947,83.765,0.0,0.0,0.0,0.0,0.538,0.0,4.582
2-24,0.0,1.883,1.275,0.191,20.128,0.33,0.0,0.117,0.8350000000000001,0.0,0.0,1.624,5.952,0.0,0.0,0.0,0.0,0.0,18.719,0.0,0.0,0.0,25.375,0.0,0.0,0.0,0.6100000000000001,0.0,0.0,0.0,0.0,0.202,0.0,0.0,0.206,0.0,0.183,0.14,8.129,8.062,0.0,0.0,1.64,0.0,0.357,2.4,0.0,0.0,0.0,1.387,0.0,0.0,0.0,0.0,15.819,78.237,0.0,0.0,0.0,0.0,1.966,0.0,3.978
3-24,0.0,0.396,0.344,0.0,14.922,0.286,0.0,0.0,0.139,0.0,0.0,1.495,11.418,0.0,0.0,0.0,0.0,0.0,21.522,0.0,0.0,0.132,30.81,0.0,0.0,0.0,0.125,0.0,0.0,0.0,0.0,0.249,0.0,0.0,0.0,0.0,0.191,0.0,4.825,8.624,0.0,0.0,2.001,0.0,0.301,1.628,0.0,0.0,0.0,0.359,0.0,0.0,0.194,0.0,15.372,74.882,0.0,0.0,0.0,0.0,0.746,0.0,8.806000000000001
1-25,0.0,0.211,5.988,0.421,24.654,0.201,0.0,1.037,1.876,0.0,0.0,2.01,16.02,0.0,0.0,0.0,0.0,0.0,3.171,0.0,0.0,0.0,15.82,0.0,0.0,0.0,0.166,0.0,0.0,0.0,0.0,0.0,0.125,0.0,0.0,0.0,0.147,1.192,18.132,0.847,0.0,0.0,6.915999999999999,0.0,0.0,0.738,0.0,0.0,0.0,0.0,0.0,0.0,0.0,0.0,17.981,75.83500000000001,0.0,0.0,0.0,0.0,3.196,0.0,2.978
2-25,0.0,0.306,4.695,0.712,21.343,0.377,0.0,5.101999999999999,1.205,0.0,0.0,6.049,3.548,0.0,0.0,0.0,0.0,0.165,4.109999999999999,0.0,0.0,0.0,17.138,0.0,0.0,0.0,0.285,0.0,0.0,0.0,0.0,0.0,0.102,0.0,0.0,0.129,0.244,3.145,19.092,0.9490000000000001,0.0,0.0,10.111,0.0,0.292,0.483,0.0,0.117,0.0,0.0,0.0,0.0,0.0,0.0,16.826,79.748,0.0,0.0,0.0,0.0,1.965,0.0,1.46
3-25,0.0,0.0,4.112,0.224,23.079,0.0,0.0,1.312,2.496,0.0,0.0,1.521,20.984,0.0,0.0,0.0,0.0,0.184,2.522,0.0,0.0,0.0,13.859,0.0,0.0,0.0,0.229,0.0,0.0,0.0,0.0,0.0,0.0,0.0,0.0,0.0,0.15,0.466,17.866,1.712,0.0,0.0,7.391,0.0,0.341,1.015,0.0,0.0,0.0,0.0,0.0,0.0,0.0,0.0,24.855,70.43299999999999,0.0,0.0,0.0,0.0,3.855,0.0,0.856
4-25,0.0,0.137,4.494,0.345,16.048,0.0,0.0,0.9550000000000001,0.478,0.0,0.0,1.276,28.465,0.0,0.0,0.0,0.0,0.5830000000000001,3.042,0.0,0.0,0.0,16.798,0.0,0.0,0.0,0.305,0.0,0.0,0.0,0.0,0.0,0.0,0.0,0.0,0.0,0.321,0.63,18.359,1.121,0.0,0.0,4.77,0.0,0.274,0.833,0.353,0.223,0.0,0.0,0.0,0.0,0.0,0.0,21.601,74.77,0.0,0.0,0.0,0.0,3.508,0.0,0.119
1-26,0.0,0.278,0.708,0.244,33.368,0.0,0.0,2.596,0.248,0.0,0.0,0.0,0.0,3.277,0.0,0.0,2.167,0.0,0.0,0.0,0.0,0.0,51.07,0.0,0.0,0.0,0.0,0.0,0.0,0.0,0.0,0.0,0.0,0.0,0.0,0.0,0.0,0.263,3.484,0.0,0.0,0.0,1.154,0.0,0.458,0.135,0.0,0.178,0.0,0.147,0.0,0.0,0.729,0.0,0.408,92.62100000000001,0.0,0.0,0.0,0.0,1.03,0.0,5.212
2-26,0.0,0.212,0.648,0.306,6.91,0.0,0.0,3.0,0.402,0.0,0.0,0.373,47.48,5.771,0.0,0.0,3.43,0.0,0.0,0.0,0.0,0.0,21.373,0.0,0.0,0.0,0.0,0.0,0.0,0.0,0.0,0.0,0.0,0.0,0.0,0.0,0.0,0.117,6.548,0.0,0.0,0.0,2.366,0.0,0.267,0.168,0.0,0.234,0.0,0.0,0.0,0.0,1.14,0.0,1.257,94.199,0.0,0.0,0.0,0.0,2.881,0.0,0.524
3-26,0.0,0.334,3.435,0.31,14.107,0.0,0.0,3.096,0.594,0.0,0.0,0.165,18.905,6.291,0.0,0.0,0.207,0.0,0.0,0.0,0.0,0.0,35.174,0.173,0.0,0.0,0.0,0.0,0.0,0.0,0.0,0.169,0.0,0.0,0.0,0.0,0.0,0.731,9.701,0.223,0.0,0.0,3.516,0.0,1.948,0.0,0.0,0.421,0.0,0.297,0.0,0.0,0.753,0.0,1.917,88.794,0.0,0.0,0.0,0.0,6.618,0.0,1.916
4-26,0.0,0.366,1.758,0.288,11.895,0.0,0.0,4.489,0.975,0.0,0.0,0.148,29.94,4.324000000000001,0.0,0.0,0.0,0.0,0.107,0.0,0.0,0.0,33.034,0.0,0.0,0.0,0.177,0.0,0.0,0.0,0.0,0.0,0.0,0.0,0.0,0.0,0.0,0.616,6.403,0.0,0.0,0.0,3.247,0.0,0.88,0.47,0.0,0.629,0.0,0.0,0.0,0.0,0.466,0.0,0.818,95.343,0.0,0.0,0.0,0.0,3.021,0.0,0.351
1-27,0.0,0.0,0.0,0.0,30.248,0.0,0.0,1.55,0.0,0.0,0.0,0.152,6.138,0.0,0.0,0.0,0.0,0.0,0.0,0.0,0.0,0.0,58.406,0.0,0.0,0.0,0.0,0.0,0.0,0.0,0.0,0.0,0.0,0.0,0.0,0.0,0.0,0.0,0.136,0.734,0.0,0.0,1.68,0.0,0.0,0.6910000000000001,0.0,0.0,0.0,0.0,0.0,0.0,0.0,0.0,1.431,88.14,0.0,0.0,0.0,0.0,3.016,0.0,7.412999999999999
2-27,0.0,0.0,0.0,0.0,28.136,0.0,0.0,1.282,0.0,0.0,0.0,0.0,1.598,0.0,0.0,0.0,0.0,0.0,0.0,0.0,0.0,0.0,67.243,0.0,0.0,0.0,0.0,0.0,0.0,0.0,0.0,0.0,0.0,0.0,0.0,0.0,0.0,0.0,0.153,0.123,0.0,0.0,1.221,0.0,0.0,0.0,0.0,0.0,0.0,0.0,0.0,0.0,0.0,0.0,3.085,80.833,0.0,0.0,0.0,0.0,6.38,0.0,9.704
3-27,0.0,0.0,0.0,0.0,25.563,0.0,0.0,0.264,0.0,0.0,0.0,0.0,7.884,0.0,0.0,0.0,0.0,0.0,0.0,0.0,0.0,0.0,63.535,0.0,0.0,0.0,0.0,0.0,0.0,0.0,0.0,0.0,0.0,0.0,0.0,0.0,0.0,0.0,0.0,1.042,0.0,0.0,1.156,0.0,0.261,0.152,0.0,0.0,0.0,0.0,0.0,0.0,0.0,0.0,0.0,83.778,0.0,0.0,0.0,0.0,13.339,0.0,2.883
4-27,0.0,0.0,0.0,0.0,27.01,0.0,0.0,0.698,0.0,0.0,0.0,0.0,6.601,0.0,0.0,0.0,0.0,0.0,0.0,0.0,0.0,0.0,63.504,0.0,0.0,0.0,0.0,0.0,0.0,0.0,0.0,0.0,0.0,0.0,0.0,0.0,0.0,0.0,0.0,0.544,0.0,0.0,1.072,0.0,0.217,0.264,0.0,0.0,0.0,0.0,0.0,0.0,0.0,0.0,0.342,89.748,0.0,0.0,0.0,0.0,9.911000000000001,0.0,0.0
1-28,0.0,0.0,0.252,0.0,32.778,0.0,0.0,1.342,0.0,0.0,0.0,0.0,6.372,0.0,0.0,0.0,0.0,0.0,0.206,0.0,0.357,0.0,53.693,0.0,0.0,0.0,0.0,0.0,0.0,0.0,0.0,0.0,0.0,0.0,0.0,0.0,0.191,0.0,0.51,1.844,0.0,0.0,1.57,0.0,0.0,0.487,0.0,0.0,0.0,0.0,0.0,0.0,0.199,0.0,3.34,86.969,0.0,0.118,0.0,0.0,5.379,0.0,3.951
2-28,0.0,0.0,2.301,0.0,0.421,0.0,0.0,0.0,0.0,0.0,0.0,0.629,0.232,0.0,0.0,0.0,0.181,0.0,0.215,0.0,0.0,0.0,1.737,0.0,0.0,0.0,0.0,0.0,0.0,0.0,0.0,0.0,0.0,0.0,0.0,0.0,0.0,0.0,93.509,0.0,0.0,0.0,0.254,0.0,0.0,0.523,0.0,0.0,0.0,0.0,0.0,0.0,0.0,0.0,12.576,82.532,0.0,0.486,0.0,0.0,4.297000000000001,0.0,0.0
3-28,0.0,0.0,0.0,0.0,24.548,0.0,0.0,0.4979999999999999,0.0,0.0,0.0,0.0,8.128,0.0,0.0,0.0,0.0,0.111,0.222,0.0,0.921,0.0,61.532,0.0,0.0,0.0,0.0,0.0,0.0,0.0,0.0,0.0,0.0,0.0,0.0,0.0,0.0,0.0,0.313,1.771,0.0,0.0,1.192,0.0,0.0,0.378,0.0,0.0,0.0,0.0,0.0,0.0,0.0,0.0,12.861,81.68,0.0,0.517,0.0,0.0,4.709,0.0,0.0
4-28,0.0,0.0,0.109,0.0,19.103,0.0,0.0,0.471,0.0,0.0,0.0,0.0,12.929,0.0,0.0,0.0,0.0,0.113,0.132,0.0,2.899,0.0,61.927,0.0,0.0,0.0,0.0,0.0,0.0,0.0,0.0,0.0,0.0,0.0,0.0,0.0,0.0,0.0,0.335,1.221,0.0,0.0,0.415,0.0,0.0,0.245,0.0,0.0,0.0,0.0,0.0,0.0,0.0,0.0,3.641,93.533,0.0,0.0,0.0,0.0,2.638,0.0,0.188
1-29,0.0,0.52,1.201,0.0,30.022,0.0,0.0,1.784,0.795,0.0,3.575,6.928999999999999,11.375,0.0,0.0,0.0,0.0,0.182,6.663,0.0,0.0,0.0,14.659,0.0,0.0,0.0,0.0,0.0,0.0,0.0,0.0,0.0,0.0,0.0,0.0,0.0,0.0,0.234,9.781,0.8530000000000001,0.0,0.0,7.866000000000001,0.0,1.873,0.866,0.0,0.134,0.0,0.587,0.0,0.0,0.529,0.0,19.946,75.159,0.0,0.0,0.0,0.649,1.758,0.0,1.958
2-29,0.0,0.33,0.5569999999999999,0.0,28.285,0.0,0.0,0.0,0.0,0.0,16.348,0.143,0.667,0.0,0.0,0.0,0.0,0.0,3.556,0.0,0.148,0.0,21.108,0.348,0.0,0.0,0.0,0.0,0.113,0.0,0.0,0.0,0.0,0.0,0.0,0.0,0.159,0.0,24.764,1.652,0.0,0.0,0.937,0.0,0.0,0.367,0.0,0.0,0.0,0.0,0.0,0.0,0.354,0.0,15.448,80.351,0.0,0.0,0.0,1.41,2.241,0.0,0.164
3-29,0.0,0.452,1.378,0.0,33.029,0.0,0.0,1.86,1.03,0.0,0.142,8.981,5.897,0.0,0.0,0.0,0.0,0.191,5.73,0.0,0.0,0.0,20.766,0.238,0.0,0.0,0.0,0.0,0.0,0.0,0.0,0.0,0.0,0.0,0.0,0.0,0.18,0.457,5.058,2.431,0.0,0.0,7.422,0.0,2.195,1.16,0.0,0.114,0.0,0.76,0.0,0.0,0.42,0.0,14.799,81.72200000000001,0.0,0.0,0.0,1.198,1.652,0.0,0.21
4-29,0.0,0.507,1.047,0.0,32.618,0.0,0.0,1.672,0.701,0.0,0.0,11.857,5.845,0.0,0.0,0.0,0.0,0.0,6.447,0.0,0.0,0.0,23.697,0.0,0.0,0.0,0.0,0.0,0.0,0.0,0.0,0.0,0.0,0.0,0.0,0.0,0.0,0.636,3.303,1.056,0.0,0.0,6.592,0.0,1.737,1.134,0.0,0.152,0.0,0.6930000000000001,0.0,0.0,0.0,0.0,17.474,81.28999999999999,0.0,0.0,0.0,0.389,0.847,0.0,0.0
1-30,0.0,2.436,2.279,1.245,20.728,0.0,0.0,0.297,1.024,0.0,0.0,5.595,21.259,0.0,0.0,0.0,0.0,0.0,3.915,0.0,0.0,0.0,10.144,0.0,0.0,0.0,0.648,0.0,0.0,0.0,0.0,0.0,0.0,0.0,0.0,0.139,0.345,0.9480000000000001,17.672,8.181,0.0,0.0,1.593,0.0,0.322,0.319,0.0,0.0,0.0,0.474,0.0,0.0,0.0,0.159,25.549,66.938,0.0,0.0,0.0,0.0,3.859,0.0,3.398
2-30,0.0,2.752,4.027,0.352,32.774,0.2,0.0,0.8180000000000001,0.371,0.0,0.0,2.742,11.46,0.0,0.0,0.0,0.0,0.0,4.909,0.0,0.0,0.0,11.865,0.0,0.0,0.0,0.289,0.0,0.0,0.0,0.0,0.0,0.0,0.0,0.0,0.197,0.268,1.292,16.745,1.737,0.121,0.101,4.768,0.0,0.923,0.9349999999999999,0.0,0.0,0.0,0.0,0.0,0.0,0.0,0.0,37.236,58.433,0.0,0.0,0.0,0.0,3.649,0.0,0.6829999999999999
3-30,0.0,1.033,6.026,0.446,19.225,0.159,0.0,0.7110000000000001,0.759,0.0,0.0,3.086,10.553,0.0,0.0,0.0,0.0,0.0,5.562,0.0,0.0,0.0,17.402,0.0,0.0,0.0,0.161,0.0,0.0,0.0,0.0,0.0,0.0,0.0,0.0,0.0,0.777,0.724,23.4,2.977,0.0,0.0,5.18,0.0,0.608,0.7060000000000001,0.0,0.134,0.0,0.0,0.0,0.0,0.0,0.0,12.971,84.118,0.0,0.0,0.0,0.0,2.912,0.0,0.0
4-30,0.0,0.465,4.787,0.625,29.904,0.169,0.0,0.5,2.199,0.0,0.0,1.921,7.172000000000001,0.0,0.0,0.0,0.0,0.0,7.234000000000001,0.0,0.0,0.13,17.775,0.0,0.0,0.0,0.286,0.0,0.0,0.0,0.0,0.0,0.0,0.0,0.0,0.0,0.287,0.5,19.599,3.562,0.0,0.0,0.8089999999999999,0.0,0.366,1.175,0.0,0.259,0.0,0.0,0.0,0.0,0.0,0.0,14.874,82.098,0.0,0.0,0.0,0.0,3.029,0.0,0.0
1-31,0.0,0.0,0.0,0.0,35.45099999999999,0.0,0.0,0.0,0.0,0.0,0.0,0.0,6.786,0.0,0.0,0.0,0.0,0.0,0.127,0.0,0.0,0.0,55.525,0.0,0.0,0.0,0.0,0.0,0.0,0.0,0.0,0.0,0.0,0.0,0.0,0.0,0.0,0.162,0.0,0.406,0.0,0.0,1.13,0.0,0.0,0.11,0.0,0.0,0.0,0.0,0.0,0.0,0.0,0.0,0.124,94.64599999999999,0.0,0.0,0.0,0.397,1.11,0.0,3.679
2-31,0.0,0.0,0.0,0.0,32.048,0.0,0.0,0.0,0.0,0.0,0.0,0.0,1.086,0.0,0.0,0.0,0.0,0.0,0.0,0.0,0.0,0.0,61.279,0.0,0.0,0.0,0.0,0.0,0.0,0.0,0.0,0.0,0.0,0.0,0.0,0.0,0.101,0.0,0.0,3.474,0.0,0.0,1.629,0.0,0.0,0.121,0.0,0.0,0.0,0.0,0.0,0.0,0.0,0.0,0.198,83.696,0.0,0.0,0.0,0.0,13.038,0.0,3.068
3-31,0.0,0.0,0.0,0.0,22.024,0.0,0.0,0.0,0.0,0.0,0.0,0.0,12.632,0.0,0.0,0.0,0.0,0.0,0.0,0.0,0.0,0.0,62.024,0.0,0.0,0.0,0.0,0.0,0.0,0.0,0.0,0.0,0.0,0.0,0.0,0.0,0.0,0.0,0.0,2.227,0.0,0.0,0.461,0.0,0.0,0.285,0.0,0.0,0.0,0.0,0.0,0.0,0.0,0.0,0.0,90.802,0.0,0.0,0.0,0.0,8.872,0.0,0.218
4-31,0.0,0.0,0.0,0.0,35.92599999999999,0.0,0.0,0.0,0.0,0.0,0.0,0.0,9.757,0.0,0.0,0.0,0.0,0.0,0.179,0.0,0.0,0.138,50.182,0.0,0.0,0.0,0.0,0.0,0.0,0.0,0.0,0.0,0.0,0.0,0.0,0.0,0.0,0.0,0.0,2.604,0.0,0.0,0.681,0.0,0.0,0.431,0.0,0.0,0.0,0.0,0.0,0.0,0.0,0.0,0.256,87.864,0.0,0.0,0.0,0.0,11.796,0.0,0.0
1-32,0.0,11.054,1.142,0.228,16.244,0.0,0.0,0.114,0.835,0.0,0.0,2.359,19.208,0.0,0.0,0.0,0.0,0.0,7.354,0.0,0.0,0.0,10.758,0.0,0.412,0.0,0.322,0.0,0.0,0.0,0.0,0.107,0.0,0.0,0.0,0.0,0.0,0.776,12.337,10.756,0.412,0.0,1.507,0.0,2.125,1.022,0.0,0.101,0.0,0.379,0.0,0.0,0.655,0.0,16.065,74.401,0.0,0.0,0.0,0.11,5.623,0.0,3.146
2-32,0.0,6.375,1.196,0.376,21.036,0.0,0.0,0.168,0.684,0.0,0.0,2.92,15.072,0.0,0.0,0.0,0.0,0.333,6.631,0.0,0.0,0.198,15.325,0.0,0.213,0.0,0.358,0.0,0.0,0.0,0.0,0.0,0.0,0.0,0.0,0.0,0.443,0.923,12.449,8.857000000000001,0.398,0.0,1.495,0.0,1.477,2.212,0.0,0.117,0.0,0.222,0.0,0.0,0.0,0.0,17.697,76.649,0.0,0.0,0.0,1.006,4.023,0.0,0.624
3-32,0.0,5.217000000000001,1.16,0.174,17.957,0.0,0.0,0.131,0.471,0.0,0.133,2.615,29.397,0.0,0.0,0.0,0.0,0.0,4.976,0.0,0.0,0.0,13.996,0.498,0.0,0.0,0.161,0.0,0.0,0.0,0.0,0.106,0.0,0.0,0.0,0.0,0.0,0.433,11.389,5.349,0.272,0.0,2.312,0.0,1.588,1.01,0.0,0.123,0.0,0.207,0.0,0.0,0.0,0.0,15.692,80.329,0.0,0.0,0.0,0.0,3.827,0.0,0.0
4-32,0.0,2.462,2.038,0.143,21.854,0.0,0.0,0.117,0.937,0.0,0.0,1.347,26.546,0.0,0.0,0.0,0.0,0.0,6.54,0.0,0.0,0.0,15.1,0.111,0.152,0.0,0.0,0.0,0.0,0.0,0.0,0.0,0.0,0.0,0.0,0.0,0.177,1.354,8.447,3.571,0.317,0.0,1.83,0.0,3.811,1.86,0.0,0.121,0.0,0.541,0.0,0.0,0.0,0.0,19.192,75.751,0.0,0.0,0.0,0.0,5.057,0.0,0.0
2-32',0.0,0.0,17.101,0.0,5.029,0.0,0.0,0.0,0.0,0.0,0.362,0.0,0.0,0.0,0.0,0.0,0.0,0.0,0.0,0.0,0.0,0.0,40.81,0.401,0.0,0.0,0.0,0.0,0.0,0.0,0.0,0.0,0.0,0.0,0.0,0.0,0.0,0.0,35.761,0.0,0.0,0.0,0.258,0.0,0.0,0.0,0.0,0.0,0.0,0.0,0.0,0.0,0.0,0.0,12.386,64.56,0.0,0.0,0.928,0.0,12.663,0.0,9.465
3-32',0.0,0.0,35.139,0.0,12.985,0.0,0.0,0.0,0.0,0.0,0.0,0.0,0.0,0.0,0.0,0.0,0.0,0.0,0.0,0.0,0.0,0.0,46.626,0.0,0.0,0.0,0.0,0.0,0.0,0.0,0.0,0.0,0.0,0.0,0.0,0.0,0.0,0.0,5.031,0.0,0.0,0.0,0.0,0.0,0.0,0.0,0.0,0.0,0.0,0.112,0.0,0.0,0.414,0.0,0.0,74.929,0.0,0.0,0.353,0.0,11.153,0.797,12.354
4-32',0.0,0.0,13.924,0.0,30.276,0.0,0.0,0.0,0.0,0.0,0.0,0.0,0.0,0.0,0.0,0.0,0.0,0.0,0.0,0.0,0.0,0.0,39.438,0.0,0.0,0.0,0.0,0.0,0.0,0.0,0.0,0.0,0.0,0.0,0.0,0.0,0.0,0.0,15.77,0.127,0.0,0.0,0.0,0.0,0.0,0.0,0.0,0.0,0.0,0.343,0.0,0.0,0.375,0.0,4.012,90.766,0.0,0.0,0.0,0.0,1.476,0.0,3.37
1-33,0.0,1.237,2.158,0.133,10.87,0.0,0.0,0.7899999999999999,1.412,0.0,0.171,2.186,10.656,0.0,0.0,0.0,0.0,0.0,11.522,0.0,0.0,0.0,3.171,0.0,0.0,0.0,0.149,0.0,0.0,0.0,0.0,0.849,0.0,0.0,0.0,0.0,0.0,0.712,10.172,1.765,0.0,0.0,1.574,0.0,32.859,3.197,0.0,0.0,0.0,3.88,0.0,0.0,1.19,0.0,14.992,48.682,0.0,0.0,0.0,25.006,1.864,0.0,8.203
2-33,0.994,2.292,2.008,0.321,16.091,0.0,0.0,0.6539999999999999,3.658,0.0,0.652,2.172,0.315,0.0,0.0,0.0,0.0,0.0,12.202,0.0,0.0,0.0,3.51,0.0,0.0,0.0,0.113,0.0,0.0,0.0,0.0,0.0,0.287,0.0,0.0,0.0,0.29,0.771,12.45,0.752,0.114,0.0,0.921,0.0,32.382,1.686,0.0,0.0,0.0,4.966,0.0,0.0,0.8180000000000001,0.0,9.85,37.149,0.0,0.0,0.0,2.127,3.078,0.0,46.979
3-33,4.753,1.579,1.701,0.5680000000000001,11.792,0.0,0.0,0.637,2.81,0.0,0.9079999999999999,3.273,1.946,0.0,0.0,0.0,0.0,0.0,12.254,0.0,0.0,0.0,4.502,0.703,0.0,0.0,0.477,0.0,0.0,0.0,0.0,0.0,0.154,0.0,0.0,0.0,0.142,0.5660000000000001,9.025,1.169,0.145,0.0,2.386,0.0,31.043,3.237,0.204,0.0,0.0,3.658,0.0,0.0,0.748,0.0,15.355,72.663,0.0,0.0,0.0,7.970000000000001,2.556,0.0,0.631
4-33,1.042,0.433,1.339,0.27,30.018,0.0,0.0,0.39,1.269,0.0,0.244,1.504,3.082,0.0,0.0,0.0,0.0,0.0,5.762,0.0,0.0,0.0,10.424,0.748,0.0,0.0,0.136,0.0,0.0,0.0,0.0,0.146,0.0,0.0,0.0,0.0,0.121,0.376,11.889,1.493,0.0,0.107,4.246,0.0,18.571,2.118,0.0,0.0,0.0,3.966,0.0,0.0,0.383,0.0,11.173,85.545,0.0,0.0,0.0,0.895,2.004,0.0,0.0
1-34,0.0,0.0,0.142,0.0,31.313,0.0,0.0,0.343,0.0,0.0,0.0,0.223,17.2,0.0,0.0,0.0,0.0,0.0,0.3070000000000001,0.0,0.0,0.0,46.329,0.0,0.0,0.0,0.0,0.0,0.0,0.0,0.0,0.0,0.0,0.0,0.0,0.0,0.0,0.0,0.134,0.476,0.126,0.0,2.474,0.0,0.381,0.457,0.0,0.0,0.0,0.0,0.0,0.0,0.0,0.0,10.828,86.46,0.0,0.0,0.0,0.138,0.756,0.0,1.819
2-34,0.0,0.0,0.264,0.0,34.075,0.0,0.0,0.199,0.0,0.0,0.0,0.452,10.294,0.0,0.0,0.0,0.0,0.0,0.101,0.0,0.0,0.0,51.075,0.0,0.0,0.0,0.0,0.0,0.0,0.0,0.0,0.0,0.0,0.0,0.0,0.0,0.0,0.0,0.0,1.192,0.0,0.0,1.796,0.0,0.158,0.0,0.0,0.0,0.0,0.0,0.0,0.0,0.0,0.0,9.012,88.149,0.0,0.0,0.0,0.525,1.728,0.0,0.586
3-34,0.0,0.0,2.793,0.0,38.681,0.0,0.0,0.272,0.0,0.0,0.0,0.308,9.782,0.0,0.0,0.0,0.0,0.0,0.351,0.0,0.0,0.0,41.485,0.0,0.0,0.0,0.0,0.0,0.0,0.0,0.0,0.0,0.0,0.0,0.0,0.0,0.11,0.0,0.118,2.48,0.0,0.0,2.055,0.0,0.606,0.363,0.0,0.168,0.0,0.21,0.0,0.0,0.0,0.0,21.429,76.321,0.0,0.0,0.0,0.812,0.162,0.0,1.275
4-34,0.0,0.0,4.268000000000001,0.0,49.11,0.0,0.0,0.9560000000000001,0.0,0.0,0.0,0.689,0.722,0.0,0.0,0.0,0.0,0.0,0.55,0.0,0.0,0.0,35.067,0.0,0.0,0.0,0.0,0.0,0.0,0.0,0.0,0.0,0.0,0.0,0.0,0.0,0.24,0.289,0.0,2.398,0.0,0.0,1.778,0.0,1.572,0.862,0.0,0.246,0.0,1.061,0.0,0.0,0.0,0.0,10.797,84.711,0.0,0.0,0.0,1.528,2.927,0.0,0.0
