mean_fit_time,std_fit_time,mean_score_time,std_score_time,param_model__regressor__subsample,param_model__regressor__reg_lambda,param_model__regressor__n_estimators,param_model__regressor__max_depth,param_model__regressor__learning_rate,param_model__regressor__colsample_bytree,params,split0_test_score,split1_test_score,split2_test_score,split3_test_score,split4_test_score,mean_test_score,std_test_score,rank_test_score
0.04237346649169922,0.012012745087800057,0.0031096935272216797,9.522176585191887e-05,0.8,1,100,3,0.1,1.0,"{'model__regressor__subsample': 0.8, 'model__regressor__reg_lambda': 1, 'model__regressor__n_estimators': 100, 'model__regressor__max_depth': 3, 'model__regressor__learning_rate': 0.1, 'model__regressor__colsample_bytree': 1.0}",-0.45222058337249843,-0.2091200497491547,-0.17693471016524323,-0.32754430570663945,-0.20150415929890975,-0.2734647616584891,0.1034551709341239,20
0.05638971328735352,0.0007795047603080594,0.0030926227569580077,9.529022429389641e-05,1.0,1,300,2,0.1,1.0,"{'model__regressor__subsample': 1.0, 'model__regressor__reg_lambda': 1, 'model__regressor__n_estimators': 300, 'model__regressor__max_depth': 2, 'model__regressor__learning_rate': 0.1, 'model__regressor__colsample_bytree': 1.0}",-0.462829909401358,-0.17945102770594173,-0.1776131116188349,-0.2117791339080371,-0.16625220034188853,-0.23958507659521203,0.11264614049473887,9
0.026418352127075197,0.0002497752324200725,0.0029669761657714843,1.9511090432048785e-05,1.0,1,100,2,0.1,1.0,"{'model__regressor__subsample': 1.0, 'model__regressor__reg_lambda': 1, 'model__regressor__n_estimators': 100, 'model__regressor__max_depth': 2, 'model__regressor__learning_rate': 0.1, 'model__regressor__colsample_bytree': 1.0}",-0.46340546143675926,-0.18455265329062825,-0.17479871575858485,-0.20973779323029723,-0.16607213586500094,-0.23971335191625412,0.1127974603810972,10
0.16627187728881837,0.010338463858822158,0.00342864990234375,0.00023466761622720407,0.8,10,300,5,0.1,1.0,"{'model__regressor__subsample': 0.8, 'model__regressor__reg_lambda': 10, 'model__regressor__n_estimators': 300, 'model__regressor__max_depth': 5, 'model__regressor__learning_rate': 0.1, 'model__regressor__colsample_bytree': 1.0}",-0.4538169232059751,-0.14978454765074856,-0.16085224320833363,-0.21733798513576744,-0.2668777422995981,-0.24973388830008458,0.11034773123054263,14
0.03086514472961426,0.00044296838475451765,0.0030350685119628906,3.6752361234865774e-05,1.0,1,100,3,0.1,0.7,"{'model__regressor__subsample': 1.0, 'model__regressor__reg_lambda': 1, 'model__regressor__n_estimators': 100, 'model__regressor__max_depth': 3, 'model__regressor__learning_rate': 0.1, 'model__regressor__colsample_bytree': 0.7}",-0.44494740039885305,-0.20900778804410539,-0.1644728706398569,-0.279250540976654,-0.19852724091125576,-0.259241168194145,0.1000777531198286,16
0.05780010223388672,0.005904699830108316,0.003134489059448242,7.721479330652772e-05,1.0,10,300,2,0.1,1.0,"{'model__regressor__subsample': 1.0, 'model__regressor__reg_lambda': 10, 'model__regressor__n_estimators': 300, 'model__regressor__max_depth': 2, 'model__regressor__learning_rate': 0.1, 'model__regressor__colsample_bytree': 1.0}",-0.4601682949105143,-0.1311173919109728,-0.17095744227746784,-0.14415066851130842,-0.24458972846750449,-0.23019670521555352,0.12151050342749949,6
0.15416603088378905,0.0064733382625509215,0.0033524036407470703,0.00012191757317319973,1.0,1,300,5,0.03,1.0,"{'model__regressor__subsample': 1.0, 'model__regressor__reg_lambda': 1, 'model__regressor__n_estimators': 300, 'model__regressor__max_depth': 5, 'model__regressor__learning_rate': 0.03, 'model__regressor__colsample_bytree': 1.0}",-0.4568069128983082,-0.22047786064153613,-0.16505141168663454,-0.27523139583573364,-0.12632984844239023,-0.24877948590092056,0.11556850785575978,13
0.05443487167358398,0.0013145088054884499,0.003163766860961914,4.184674651320714e-05,0.8,10,100,5,0.1,0.7,"{'model__regressor__subsample': 0.8, 'model__regressor__reg_lambda': 10, 'model__regressor__n_estimators': 100, 'model__regressor__max_depth': 5, 'model__regressor__learning_rate': 0.1, 'model__regressor__colsample_bytree': 0.7}",-0.4489334789865257,-0.13276338615527167,-0.163249777268159,-0.13228280766962536,-0.27196631926233994,-0.2298391538683843,0.12095628284620231,5
0.02296733856201172,0.00017895965995995755,0.0030034065246582033,2.66860159341034e-05,0.8,1,100,2,0.03,0.7,"{'model__regressor__subsample': 0.8, 'model__regressor__reg_lambda': 1, 'model__regressor__n_estimators': 100, 'model__regressor__max_depth': 2, 'model__regressor__learning_rate': 0.03, 'model__regressor__colsample_bytree': 0.7}",-0.45931998475654456,-0.20885100539167598,-0.1691061636152078,-0.21138503689187807,-0.22435395049583493,-0.2546032282302283,0.10401422520128611,15
0.03150086402893067,0.0009355552869709876,0.0030628204345703124,8.389794984295951e-05,0.8,10,100,3,0.03,0.7,"{'model__regressor__subsample': 0.8, 'model__regressor__reg_lambda': 10, 'model__regressor__n_estimators': 100, 'model__regressor__max_depth': 3, 'model__regressor__learning_rate': 0.03, 'model__regressor__colsample_bytree': 0.7}",-0.4560349591910765,-0.0887278531349027,-0.16642432398722715,-0.08928774638776064,-0.27968851883495743,-0.2160326803071849,0.13884159748469252,2
0.05426111221313477,0.002583468565625948,0.0031133174896240236,0.00012795215906524933,0.8,1,100,5,0.03,1.0,"{'model__regressor__subsample': 0.8, 'model__regressor__reg_lambda': 1, 'model__regressor__n_estimators': 100, 'model__regressor__max_depth': 5, 'model__regressor__learning_rate': 0.03, 'model__regressor__colsample_bytree': 1.0}",-0.4571612126085787,-0.2643456764242348,-0.1635139193201605,-0.21846703961906103,-0.1942171611211393,-0.2595410018186349,0.10416554873674899,17
0.04623003005981445,0.00041868326555302883,0.0030239582061767577,2.5711473438995664e-05,0.8,10,300,2,0.1,0.7,"{'model__regressor__subsample': 0.8, 'model__regressor__reg_lambda': 10, 'model__regressor__n_estimators': 300, 'model__regressor__max_depth': 2, 'model__regressor__learning_rate': 0.1, 'model__regressor__colsample_bytree': 0.7}",-0.4482960890277259,-0.14631871151895806,-0.16212153864313178,-0.16563158866875888,-0.26158537888616645,-0.2367906613489482,0.11329041369130408,8
0.04984736442565918,0.0019428396854079069,0.0030392169952392577,1.2698201277240901e-05,0.8,10,100,5,0.03,0.7,"{'model__regressor__subsample': 0.8, 'model__regressor__reg_lambda': 10, 'model__regressor__n_estimators': 100, 'model__regressor__max_depth': 5, 'model__regressor__learning_rate': 0.03, 'model__regressor__colsample_bytree': 0.7}",-0.4554969834739446,-0.09404932965256567,-0.16464030826340667,-0.08311445060953684,-0.2800726564123888,-0.21547474568236852,0.1390187642749278,1
0.04576091766357422,0.0002996055330659973,0.0030034542083740234,2.8216755737549772e-05,0.8,1,300,2,0.03,0.7,"{'model__regressor__subsample': 0.8, 'model__regressor__reg_lambda': 1, 'model__regressor__n_estimators': 300, 'model__regressor__max_depth': 2, 'model__regressor__learning_rate': 0.03, 'model__regressor__colsample_bytree': 0.7}",-0.4566160275231292,-0.2176365879376529,-0.1652054473895585,-0.27667536050364,-0.21044406968083532,-0.2653154986069632,0.1020108949237041,18
0.045605945587158206,0.0005557512510745332,0.0030211448669433595,4.936787006506805e-05,1.0,10,300,2,0.1,0.7,"{'model__regressor__subsample': 1.0, 'model__regressor__reg_lambda': 10, 'model__regressor__n_estimators': 300, 'model__regressor__max_depth': 2, 'model__regressor__learning_rate': 0.1, 'model__regressor__colsample_bytree': 0.7}",-0.45896072717746195,-0.11627812279510391,-0.17042691697873366,-0.1700988055873202,-0.24594890535018202,-0.23234269557776033,0.12059826841740369,7
0.02338709831237793,0.00017951000789989043,0.0029758930206298826,3.093251135261543e-05,0.8,10,100,2,0.1,0.7,"{'model__regressor__subsample': 0.8, 'model__regressor__reg_lambda': 10, 'model__regressor__n_estimators': 100, 'model__regressor__max_depth': 2, 'model__regressor__learning_rate': 0.1, 'model__regressor__colsample_bytree': 0.7}",-0.44958396637352677,-0.13934671368354468,-0.16373788307540077,-0.11230691155515765,-0.26836560210617727,-0.22666821535876144,0.12336440596526184,3
0.065913724899292,0.0016149644771238979,0.0030321121215820313,1.902251585676527e-05,0.8,1,300,3,0.03,0.7,"{'model__regressor__subsample': 0.8, 'model__regressor__reg_lambda': 1, 'model__regressor__n_estimators': 300, 'model__regressor__max_depth': 3, 'model__regressor__learning_rate': 0.03, 'model__regressor__colsample_bytree': 0.7}",-0.45684089654486426,-0.22386119474906432,-0.16859476015446095,-0.27970992180339704,-0.2223527458333234,-0.270271903817022,0.09968501029987122,19
0.14040021896362304,0.010000231165069866,0.003361034393310547,0.00026992632481018307,0.8,10,300,5,0.03,0.7,"{'model__regressor__subsample': 0.8, 'model__regressor__reg_lambda': 10, 'model__regressor__n_estimators': 300, 'model__regressor__max_depth': 5, 'model__regressor__learning_rate': 0.03, 'model__regressor__colsample_bytree': 0.7}",-0.4535730215162064,-0.12006833986792083,-0.1646277428692418,-0.12200241730550307,-0.2786987236339397,-0.22779404903856237,0.1267707460772076,4
0.05453338623046875,0.0006379597122350252,0.0030046939849853516,1.7333932535671572e-05,1.0,1,300,2,0.03,1.0,"{'model__regressor__subsample': 1.0, 'model__regressor__reg_lambda': 1, 'model__regressor__n_estimators': 300, 'model__regressor__max_depth': 2, 'model__regressor__learning_rate': 0.03, 'model__regressor__colsample_bytree': 1.0}",-0.4640736092637498,-0.19789393820473375,-0.17474933536270143,-0.21513478462285932,-0.16552618590808232,-0.24347557067242534,0.11166358583500137,11
0.08102178573608398,0.0028974416484702377,0.0030072689056396484,3.053158200347871e-05,1.0,1,300,3,0.1,1.0,"{'model__regressor__subsample': 1.0, 'model__regressor__reg_lambda': 1, 'model__regressor__n_estimators': 300, 'model__regressor__max_depth': 3, 'model__regressor__learning_rate': 0.1, 'model__regressor__colsample_bytree': 1.0}",-0.4564329020003121,-0.15713493076001755,-0.16542405038148963,-0.2777630753574977,-0.18643657729545035,-0.24863830715895346,0.11242186743631914,12
