feature,reduced_feature,label,n_members
00dc33ec884559af84fbee215340a0a7,F00000,00dc33ec884559af84fbee215340a0a7,1
00fb9ba9e561d2fb9491e29c03c1a54d,F00001,00fb9ba9e561d2fb9491e29c03c1a54d,1
00fc496e7c7ae9ed1cd417cbb1eeac63,F00002,00fc496e7c7ae9ed1cd417cbb1eeac63,1
017db127fef383cc799fa2f1cb602e42,F00003,017db127fef383cc799fa2f1cb602e42,1
0247e2c1c5332be818ada86088173ada,F00004,0247e2c1c5332be818ada86088173ada,1
02656ed7904185a45b3392df3865559d,F00005,02656ed7904185a45b3392df3865559d,1
0288460a8fc8f72d19bd9217c24f5135,F00006,0288460a8fc8f72d19bd9217c24f5135,1
02df43114f2adb3c04cd092ba73f196e,F00007,02df43114f2adb3c04cd092ba73f196e,1
02ebf2e144b48b9364db8bbc1601eecb,F00008,02ebf2e144b48b9364db8bbc1601eecb,1
031f8476e1271966343ab51e5443b59f,F00009,031f8476e1271966343ab51e5443b59f,1
032633d0ae178a54397ed0a169940075,F00010,032633d0ae178a54397ed0a169940075,1
03c4257a646710da0577fb8e0ba616fe,F00011,03c4257a646710da0577fb8e0ba616fe,1
040ecdadcc91fdc72f813492cb08c526,F00012,040ecdadcc91fdc72f813492cb08c526,1
04203cd4051206a8542e4479f465cb72,F00013,04203cd4051206a8542e4479f465cb72,1
0438841f927b7d59d259c48e2e65d221,F00014,0438841f927b7d59d259c48e2e65d221,1
044ede9d0e4b57586490ed30ba8f3503,F00015,044ede9d0e4b57586490ed30ba8f3503,1
0476084d84ffac011128194827de75a1,F00016,0476084d84ffac011128194827de75a1,1
056f8f654a0421a8ee6fc20631e5e685,F00017,056f8f654a0421a8ee6fc20631e5e685,1
05ce748890eaa48a73fa4242c742a300,F00018,05ce748890eaa48a73fa4242c742a300,1
0642c986d8924269a6cc25897269c82b,F00019,0642c986d8924269a6cc25897269c82b,1
06b53ea272d39303859601d5c8551d44,F00020,06b53ea272d39303859601d5c8551d44,1
07f71f08a0e8cb59853231df31e7589d,F00021,07f71f08a0e8cb59853231df31e7589d,1
08fe4403784eeb61e1575052647a0ade,F00022,08fe4403784eeb61e1575052647a0ade,1
0997a18d287cf7a7a8f56292898359fe,F00023,0997a18d287cf7a7a8f56292898359fe,1
0a1ec22d7b03eca64d3db89c75e1ec7f,F00024,0a1ec22d7b03eca64d3db89c75e1ec7f,1
0ba20949217a070e80efb95e916cc8b8,F00025,0ba20949217a070e80efb95e916cc8b8,1
0bca5b2c428c5d7f446a0984d6227232,F00026,0bca5b2c428c5d7f446a0984d6227232,1
0c580e732f78fa92a5a0f60dc298dff6,F00027,0c580e732f78fa92a5a0f60dc298dff6,1
0c791a1336913b1f34a8324f9d99c277,F00028,0c791a1336913b1f34a8324f9d99c277,1
0d327886ed690b00cca8435fc2d75dc0,F00029,0d327886ed690b00cca8435fc2d75dc0,1
0d65543f374036f1abd01a8e561f157b,F00030,0d65543f374036f1abd01a8e561f157b,1
0e20bfe5c8fd584d19a3c7deeac3c9fb,F00031,0e20bfe5c8fd584d19a3c7deeac3c9fb,1
0eea472c01ef9c1499f8038cfc249a61,F00032,0eea472c01ef9c1499f8038cfc249a61,1
0f002d2fba0fbf1de7a03c6203bca498,F00033,0f002d2fba0fbf1de7a03c6203bca498,1
0f41f4808ed57972b9d8c0fa8731e89d,F00034,0f41f4808ed57972b9d8c0fa8731e89d,1
0f9eea73c587247148c0720f59e019dd,F00035,0f9eea73c587247148c0720f59e019dd,1
0fdc03d592d1dec4d1bd1a4ef62bd98a,F00036,0fdc03d592d1dec4d1bd1a4ef62bd98a,1
0fe29e58f5543d48fccdc5ae22ede89b,F00037,0fe29e58f5543d48fccdc5ae22ede89b,1
0ff0eac76808bdf4102139847d3559a4,F00038,0ff0eac76808bdf4102139847d3559a4,1
106c260a6ea18a5a0624d5d127edd0f4,F00039,106c260a6ea18a5a0624d5d127edd0f4,1
107f2eb5e9124b0c96d30e97bcf3e3fb,F00040,107f2eb5e9124b0c96d30e97bcf3e3fb,1
10968e35ba58754a49a3d1999acb5719,F00041,10968e35ba58754a49a3d1999acb5719,1
10b72a41839565b41e642afb31455ca1,F00042,10b72a41839565b41e642afb31455ca1,1
10d78d19bfca7b7e1252f27a3509daa1,F00043,10d78d19bfca7b7e1252f27a3509daa1,1
10fcd4fbb5da74d3b8e57a74617c96da,F00044,10fcd4fbb5da74d3b8e57a74617c96da,1
1185e413eeaf9bdc64abac6b5f3bac19,F00045,1185e413eeaf9bdc64abac6b5f3bac19,1
11a5b2c142115e4b251bc321ab9d9b45,F00046,11a5b2c142115e4b251bc321ab9d9b45,1
11a92e5adb54c33e50abea20a4552431,F00047,11a92e5adb54c33e50abea20a4552431,1
120766905b6ce45e61b40d6fb085bcf1,F00048,120766905b6ce45e61b40d6fb085bcf1,1
128876b41e823cf24c6a3b923366ad49,F00049,128876b41e823cf24c6a3b923366ad49,1
12b0f1a55a7d82c23f3e4f41d991d9aa,F00050,12b0f1a55a7d82c23f3e4f41d991d9aa,1
12ca37a5fde8d36fc7ae2225de1e56e6,F00051,12ca37a5fde8d36fc7ae2225de1e56e6,1
12e9b7352b61020a62dbc22aaab8bdb6,F00052,12e9b7352b61020a62dbc22aaab8bdb6,1
131bc03bfe9ddbd4b1aa03e0ad02a1ec,F00053,131bc03bfe9ddbd4b1aa03e0ad02a1ec,1
13524c7ee4f8d0cf97053eca3d593108,F00054,13524c7ee4f8d0cf97053eca3d593108,1
136cf543a8c4936751779cd3a3eccc92,F00055,136cf543a8c4936751779cd3a3eccc92,1
1374aaab66407b2a57923b2edb9c43a1,F00056,1374aaab66407b2a57923b2edb9c43a1,1
137890b9704073aea2bdd3a2e8d5c5c5,F00057,137890b9704073aea2bdd3a2e8d5c5c5,1
13961e14b66c043810d6b495e26d2d71,F00058,13961e14b66c043810d6b495e26d2d71,1
144dabfbb2657f2c7cc6c98daf2b7a2e,F00059,144dabfbb2657f2c7cc6c98daf2b7a2e,1
14a311b4802d5606cbf72b2dc465ae56,F00060,14a311b4802d5606cbf72b2dc465ae56,1
14de578b5b76a433794d04871c7e8ecc,F00061,14de578b5b76a433794d04871c7e8ecc,1
1502f157f6a70d689f3da006e7a97331,F00062,1502f157f6a70d689f3da006e7a97331,1
150f0b4d5e04f366148249ca6deecd35,F00063,150f0b4d5e04f366148249ca6deecd35,1
15b0bfccf0cb7d4be743f9d80cdbee05,F00064,15b0bfccf0cb7d4be743f9d80cdbee05,1
15b10aa7b4efdf3697e8f22122c10a1b,F00065,15b10aa7b4efdf3697e8f22122c10a1b,1
15d88423fe5bbffade21404ba8389e46,F00066,15d88423fe5bbffade21404ba8389e46,1
16219421f32d92bd5159cb2bd56977ee,F00067,16219421f32d92bd5159cb2bd56977ee,1
16a70af4d0807672e8295cbac805b8bd,F00068,16a70af4d0807672e8295cbac805b8bd,1
16ef1ff98dad2cf16777aaa2c0d33635,F00069,16ef1ff98dad2cf16777aaa2c0d33635,1
172feb99d3f8859e0b85465e34060933,F00070,172feb99d3f8859e0b85465e34060933,1
177798f66fd6393a73049c55f280c9b9,F00071,177798f66fd6393a73049c55f280c9b9,1
17a5cac34951320aff4351a4cecce389,F00072,17a5cac34951320aff4351a4cecce389,1
17b2a4d164d40ce376a0e4b4901d5cac,F00073,17b2a4d164d40ce376a0e4b4901d5cac,1
1828a4e38d0111ebf7280f1823e24504,F00074,1828a4e38d0111ebf7280f1823e24504,1
1860ac1348a4ec068aa2d397cd2b1007,F00075,1860ac1348a4ec068aa2d397cd2b1007,1
1902a30a4ddc3675115c24b6794d46bd,F00076,1902a30a4ddc3675115c24b6794d46bd,1
1985fcfffa80a9760bb4df268659bdc4,F00077,1985fcfffa80a9760bb4df268659bdc4,1
19df5df7d3dce1cf54713cee03af91a3,F00078,19df5df7d3dce1cf54713cee03af91a3,1
1af73f0eefb3c04c700fc2088905b3ba,F00079,1af73f0eefb3c04c700fc2088905b3ba,1
1b0e73089c1018dcb1edadc122fa7908,F00080,1b0e73089c1018dcb1edadc122fa7908,1
1b33a7a47879e83b9e8c83ecdaaa0dc7,F00081,1b33a7a47879e83b9e8c83ecdaaa0dc7,1
1b61f5d09de7591c6bd04b63f6f256fa,F00082,1b61f5d09de7591c6bd04b63f6f256fa,1
1b9bdb8182f6ee15da8d4ff1bdff03c8,F00083,1b9bdb8182f6ee15da8d4ff1bdff03c8,1
1ce759a51bda6ccfa8244bc3c73acd10,F00084,1ce759a51bda6ccfa8244bc3c73acd10,1
1d2bad57aa5d98c59111d1467367f052,F00085,1d2bad57aa5d98c59111d1467367f052,1
1d347954ae5626b4471e54aaa36cc728,F00086,1d347954ae5626b4471e54aaa36cc728,1
1da0d9b464132a9207a2d031dad33d36,F00087,1da0d9b464132a9207a2d031dad33d36,1
1dc18145189a835521f8ae22571a29f5,F00088,1dc18145189a835521f8ae22571a29f5,1
1e3053fb3f6be2394a9b54ad727e0d1e,F00089,1e3053fb3f6be2394a9b54ad727e0d1e,1
1e867df933fd31017b31fca04ad8d158,F00090,1e867df933fd31017b31fca04ad8d158,1
1ed98a75337c32869761974b999be691,F00091,1ed98a75337c32869761974b999be691,1
202fc129be5271364de9e4475d4d8914,F00092,202fc129be5271364de9e4475d4d8914,1
203c99c94fdcaee5db62ee4ec73be5a9,F00093,203c99c94fdcaee5db62ee4ec73be5a9,1
206989b6cb5a35fde6bd03f02570591d,F00094,206989b6cb5a35fde6bd03f02570591d,1
21a87cd8028f47d6bdda25b085e23945,F00095,21a87cd8028f47d6bdda25b085e23945,1
221cc07a7c08f5abc845249e0c5d74c9,F00096,221cc07a7c08f5abc845249e0c5d74c9,1
2261c757650bb2863b5a85471b882d39,F00097,2261c757650bb2863b5a85471b882d39,1
228d01afca09248ab17fb19eb34625b0,F00098,228d01afca09248ab17fb19eb34625b0,1
2399e6c4417e9ab477e3cab37679e68b,F00099,2399e6c4417e9ab477e3cab37679e68b,1
240fc39195a17393766eecf6b20bb803,F00100,240fc39195a17393766eecf6b20bb803,1
251329841727364e2710e25f0f832059,F00101,251329841727364e2710e25f0f832059,1
25292f588c57c81b19488c5370b8ecef,F00102,25292f588c57c81b19488c5370b8ecef,1
25488e7508f23e737a455c5f6ab2f320,F00103,25488e7508f23e737a455c5f6ab2f320,1
25600b662deddd0dbc2703dea71d3e4b,F00104,25600b662deddd0dbc2703dea71d3e4b,1
259daa46614f55a905ae384e84509a9f,F00105,259daa46614f55a905ae384e84509a9f,1
268c21529f8215f0ceb9af6a628b64aa,F00106,268c21529f8215f0ceb9af6a628b64aa,1
26a19a989a36f0dd3599f2a3aed11fc6,F00107,26a19a989a36f0dd3599f2a3aed11fc6,1
26ddf39bb8b8c9303bb69029376892d4,F00108,26ddf39bb8b8c9303bb69029376892d4,1
26dfde9921f01f30c8b635b3015daaa3,F00109,26dfde9921f01f30c8b635b3015daaa3,1
2707ee58f4f033beacef4e1f074e27a0,F00110,2707ee58f4f033beacef4e1f074e27a0,1
27b53cc1463dfa912e1ecc4cc0d34d13,F00111,27b53cc1463dfa912e1ecc4cc0d34d13,1
28268147d2b69e75936c8ba866304dbd,F00112,28268147d2b69e75936c8ba866304dbd,1
284e7a2262ba59a09a25d15af9ae536e,F00113,284e7a2262ba59a09a25d15af9ae536e,1
29b515ebbd93687e1e3b3d12602ac00a,F00114,29b515ebbd93687e1e3b3d12602ac00a,1
29f9dea325e30deb5543d376067a87d4,F00115,29f9dea325e30deb5543d376067a87d4,1
2a7d97f121d5e05eea35eafde6beadc4,F00116,2a7d97f121d5e05eea35eafde6beadc4,1
2affb53ec13ff9d1bb32c13d57d38aaa,F00117,2affb53ec13ff9d1bb32c13d57d38aaa,1
2bd4a356fbe963c2c7e5d021661cee3c,F00118,2bd4a356fbe963c2c7e5d021661cee3c,1
2c98184df6446a00ee5b90580c6601e3,F00119,2c98184df6446a00ee5b90580c6601e3,1
2cf90091933c41afe52d7fee1557659e,F00120,2cf90091933c41afe52d7fee1557659e,1
2d143735995516f50d9c67a235592b4f,F00121,2d143735995516f50d9c67a235592b4f,1
2d29d304f6a8155a1507f1d00b5e16b5,F00122,2d29d304f6a8155a1507f1d00b5e16b5,1
2e0e86641b84e69a13a4792cb8b6ce68,F00123,2e0e86641b84e69a13a4792cb8b6ce68,1
2e6f7e61545c37522edb1a3a46092f9d,F00124,2e6f7e61545c37522edb1a3a46092f9d,1
2e80893fef3ded7384a2518e4b47f006,F00125,2e80893fef3ded7384a2518e4b47f006,1
2ef0e295d5dc31de6e9ad11b99788d67,F00126,2ef0e295d5dc31de6e9ad11b99788d67,1
2f83747f714464ed96b5639a7cd34d71,F00127,2f83747f714464ed96b5639a7cd34d71,1
2f9262b6d5f550259a4e160bb9d82a63,F00128,2f9262b6d5f550259a4e160bb9d82a63,1
2fcdbe91d561186fe6c3e14042954274,F00129,2fcdbe91d561186fe6c3e14042954274,1
30e2b362b5ba93d3b902c198691e516f,F00130,30e2b362b5ba93d3b902c198691e516f,1
30ee9ade02400d9664a084b8c0fcf174,F00131,30ee9ade02400d9664a084b8c0fcf174,1
31eeeb0a7a2e9195b9e9caf7d24f90e5,F00132,31eeeb0a7a2e9195b9e9caf7d24f90e5,1
326d67b1a18376d74aeef385ee4c4b8b,F00133,326d67b1a18376d74aeef385ee4c4b8b,1
333dd92bb722074b94788fb145f7b5fb,F00134,333dd92bb722074b94788fb145f7b5fb,1
33abb774bb089c7a1c33cdc1341c8751,F00135,33abb774bb089c7a1c33cdc1341c8751,1
33b18ef5ceb971d2966993e0b5e29188,F00136,33b18ef5ceb971d2966993e0b5e29188,1
34ca1b70d063335d323ca598cc3eb84a,F00137,34ca1b70d063335d323ca598cc3eb84a,1
3551220256dad270fb4120637a533f50,F00138,3551220256dad270fb4120637a533f50,1
358916cb8381dc17230d5da3f3af965c,F00139,358916cb8381dc17230d5da3f3af965c,1
35993143ba47887190a150f2e9f15bc9,F00140,35993143ba47887190a150f2e9f15bc9,1
35cf714df5b7b7a72602016dea770658,F00141,35cf714df5b7b7a72602016dea770658,1
35f9d4ff42ea1470daeb4a8e28463324,F00142,35f9d4ff42ea1470daeb4a8e28463324,1
361f2df80441ef8eb137e2ec8402ed36,F00143,361f2df80441ef8eb137e2ec8402ed36,1
36371e7fe48a4e48035f8ffeb4f37f68,F00144,36371e7fe48a4e48035f8ffeb4f37f68,1
36d00c9285ae46741b64615ab17c0a0d,F00145,36d00c9285ae46741b64615ab17c0a0d,1
3705068da331e423c6239ee6db176245,F00146,3705068da331e423c6239ee6db176245,1
377afcc535a8ae7f153d4359a0477cd0,F00147,377afcc535a8ae7f153d4359a0477cd0,1
37b4528a5d49aba4f7c7a7f9ee3b0c34,F00148,37b4528a5d49aba4f7c7a7f9ee3b0c34,1
37becbe12af87624e5ff519661f43e2e,F00149,37becbe12af87624e5ff519661f43e2e,1
37e0ef0746288b7f27e5a4dc74e4e52d,F00150,37e0ef0746288b7f27e5a4dc74e4e52d,1
380838ded61a8565fe3b24891b27ddd1,F00151,380838ded61a8565fe3b24891b27ddd1,1
3808f436ac88026341b4f2d03f48d5e2,F00152,3808f436ac88026341b4f2d03f48d5e2,1
3857ebadedaf8d48a64643ac537f23ac,F00153,3857ebadedaf8d48a64643ac537f23ac,1
393eda0648ea391c4a63da7a83582db0,F00154,393eda0648ea391c4a63da7a83582db0,1
3971c88a0a47b9ed71b2ae3fcf1af208,F00155,3971c88a0a47b9ed71b2ae3fcf1af208,1
39ff182e02f3725bc7639a275c5e492a,F00156,39ff182e02f3725bc7639a275c5e492a,1
3a0f4c2cc7c4f255d83b89e35c600e79,F00157,3a0f4c2cc7c4f255d83b89e35c600e79,1
3a1789fac814bee9123329127c116a20,F00158,3a1789fac814bee9123329127c116a20,1
3b15dc02d49572578f0b8e6d45cb0f3b,F00159,3b15dc02d49572578f0b8e6d45cb0f3b,1
3b78e9e70e3d141ba9821984aacf2442,F00160,3b78e9e70e3d141ba9821984aacf2442,1
3bdb54d153e29e5031cd86dbebb82c0f,F00161,3bdb54d153e29e5031cd86dbebb82c0f,1
3cd4c1d85d054a6942a89738dccddb44,F00162,3cd4c1d85d054a6942a89738dccddb44,1
3cee6310cbaf03f864c44717dd71d443,F00163,3cee6310cbaf03f864c44717dd71d443,1
3d0372c2617dde0afd7c0c7eb0b491fa,F00164,3d0372c2617dde0afd7c0c7eb0b491fa,1
3d99959c6c923370ff0e37ce41f0b32a,F00165,3d99959c6c923370ff0e37ce41f0b32a,1
3e1bf73bcefee779c6ad3febd8ca308e,F00166,3e1bf73bcefee779c6ad3febd8ca308e,1
3e3344634c040b0c5ced49430042ec57,F00167,3e3344634c040b0c5ced49430042ec57,1
3e5ec8f42ede6f4f01107af9382add0e,F00168,3e5ec8f42ede6f4f01107af9382add0e,1
40f9ce9896610297ca6ad0f0ba45cc2d,F00169,40f9ce9896610297ca6ad0f0ba45cc2d,1
413190b708680397b48a41c6cea96596,F00170,413190b708680397b48a41c6cea96596,1
420326424a590baf9571db804a54cd56,F00171,420326424a590baf9571db804a54cd56,1
423bd7e3f9868d6656310ce13276f085,F00172,423bd7e3f9868d6656310ce13276f085,1
435f39f62652e6b6968e0e38942ef70b,F00173,435f39f62652e6b6968e0e38942ef70b,1
4376685f66a798b6c87a2f4366f7d22f,F00174,4376685f66a798b6c87a2f4366f7d22f,1
43886536795a47ee353f1c20ea341153,F00175,43886536795a47ee353f1c20ea341153,1
438b96dda03253c86b040473e331369b,F00176,438b96dda03253c86b040473e331369b,1
43ea9780f288f5c6ca1b0e4e7cd2ad5c,F00177,43ea9780f288f5c6ca1b0e4e7cd2ad5c,1
445dc53b12d6e5b8232ccee00874e771,F00178,445dc53b12d6e5b8232ccee00874e771,1
4476427f8828518c98d3d71b4d592064,F00179,4476427f8828518c98d3d71b4d592064,1
44dd28cba5f7f60f757152ea18910a34,F00180,44dd28cba5f7f60f757152ea18910a34,1
44de0ef8b60bf042b39dd367031f3c19,F00181,44de0ef8b60bf042b39dd367031f3c19,1
45b0980287eb9676e63fe0c7d83a0026,F00182,45b0980287eb9676e63fe0c7d83a0026,1
45bd0749acf3be38cd4f501f32aced82,F00183,45bd0749acf3be38cd4f501f32aced82,1
45e53ca4874d762edbb6e68bef9a90ae,F00184,45e53ca4874d762edbb6e68bef9a90ae,1
46986bad2ae70a8b1271a29b565ff85c,F00185,46986bad2ae70a8b1271a29b565ff85c,1
46a84056a1c5f478df5e053b6d82b742,F00186,46a84056a1c5f478df5e053b6d82b742,1
4789eb27dd9afd4ee5fe92d02321b207,F00187,4789eb27dd9afd4ee5fe92d02321b207,1
47a8022ade8fe9825dd1ff3e66baa5f8,F00188,47a8022ade8fe9825dd1ff3e66baa5f8,1
48a3218ea6c7d2e9b871bc2fe2eb67fd,F00189,48a3218ea6c7d2e9b871bc2fe2eb67fd,1
48e3a879e82ed6f95a9083c2963fd21d,F00190,48e3a879e82ed6f95a9083c2963fd21d,1
491d5288de7f8c8b74f807b466e42951,F00191,491d5288de7f8c8b74f807b466e42951,1
49f6afb1b07502b16816d4121a14e8ad,F00192,49f6afb1b07502b16816d4121a14e8ad,1
4aabe95e3337fe1b52306f2880c57ea3,F00193,4aabe95e3337fe1b52306f2880c57ea3,1
4b0342511ae11d1b1a47344b042d4654,F00194,4b0342511ae11d1b1a47344b042d4654,1
4b90c775ff1aa9cc71122804f9d75158,F00195,4b90c775ff1aa9cc71122804f9d75158,1
4bb10f8e91c3ae34f5d998d4ead84548,F00196,4bb10f8e91c3ae34f5d998d4ead84548,1
4c673388876beb25084c5e3f105fbee3,F00197,4c673388876beb25084c5e3f105fbee3,1
4c8223ee6cc638262be0101a071d8b21,F00198,4c8223ee6cc638262be0101a071d8b21,1
4ce8ef53e0fd2c40ee467253cda2f49a,F00199,4ce8ef53e0fd2c40ee467253cda2f49a,1
4dd8e53b85df57f8933e3787e96b3f32,F00200,4dd8e53b85df57f8933e3787e96b3f32,1
4eb89b9fdb8854c248c05776773241db,F00201,4eb89b9fdb8854c248c05776773241db,1
4eec92c811e1416828d3ded781ee274c,F00202,4eec92c811e1416828d3ded781ee274c,1
4f2657772c60bce3a9cabb3a71d6c7cd,F00203,4f2657772c60bce3a9cabb3a71d6c7cd,1
4f34f00452ca19725ccfe33dfad6fd6b,F00204,4f34f00452ca19725ccfe33dfad6fd6b,1
4f382ad8964a5216831bb617c5a71e3f,F00205,4f382ad8964a5216831bb617c5a71e3f,1
50c3f2b2135b7ceb31b6807529e18e3e,F00206,50c3f2b2135b7ceb31b6807529e18e3e,1
50fc0b70e4d8a362cf6fcd60ae67a72a,F00207,50fc0b70e4d8a362cf6fcd60ae67a72a,1
5139dad9707401b32e19493e921fcaa3,F00208,5139dad9707401b32e19493e921fcaa3,1
5186e89c6c3b367e75f09f3a81162756,F00209,5186e89c6c3b367e75f09f3a81162756,1
520be23e98c8f840e3bfdc500683a1cc,F00210,520be23e98c8f840e3bfdc500683a1cc,1
5224dac4c370a8046846938ee38872eb,F00211,5224dac4c370a8046846938ee38872eb,1
5248cdeee16fb888b889b5d88484db88,F00212,5248cdeee16fb888b889b5d88484db88,1
52971a3db2478eb26aec80d126547605,F00213,52971a3db2478eb26aec80d126547605,1
52c5115c499531effd32b37858a16f6e,F00214,52c5115c499531effd32b37858a16f6e,1
531ebaf18dbdb92457420cab3e85d13d,F00215,531ebaf18dbdb92457420cab3e85d13d,1
53449f1b4520e07e70f05798c49b802f,F00216,53449f1b4520e07e70f05798c49b802f,1
539139bca6af7097d7de9896add6685a,F00217,539139bca6af7097d7de9896add6685a,1
5463328e65b3d5e4eecc7db21b25d16f,F00218,5463328e65b3d5e4eecc7db21b25d16f,1
54ba53dda656cb7f5c8efe55176ce429,F00219,54ba53dda656cb7f5c8efe55176ce429,1
54d39a3fb068e017ebe8de695db88924,F00220,54d39a3fb068e017ebe8de695db88924,1
551bec1686ef3d8755c3d783cddde3a3,F00221,551bec1686ef3d8755c3d783cddde3a3,1
5524990de97af1c276baf5dd19aaf886,F00222,5524990de97af1c276baf5dd19aaf886,1
570d65da59899baae8587e5dcf64eacb,F00223,570d65da59899baae8587e5dcf64eacb,1
574445eb2eccfe24f78ced768eb32bf8,F00224,574445eb2eccfe24f78ced768eb32bf8,1
5759561b4e140fbf2533a63454e1a4be,F00225,5759561b4e140fbf2533a63454e1a4be,1
57be0fc8ba42b858451f96a91f02f211,F00226,57be0fc8ba42b858451f96a91f02f211,1
58050c15a27f664051182293d2c4413a,F00227,58050c15a27f664051182293d2c4413a,1
58b9ee2d331967932a48c29da36d2761,F00228,58b9ee2d331967932a48c29da36d2761,1
58cd46522591ccafb0c31dd05d0be3d8,F00229,58cd46522591ccafb0c31dd05d0be3d8,1
591ddaa9e7caf642ff33a0f489d1b5a2,F00230,591ddaa9e7caf642ff33a0f489d1b5a2,1
591e6c81a105e23ccd3963c6b96fbce6,F00231,591e6c81a105e23ccd3963c6b96fbce6,1
59bfd3d14ec0e385dcefb91798d8da00,F00232,59bfd3d14ec0e385dcefb91798d8da00,1
59cf2ee462acd159fd9ceca618e5b2c1,F00233,59cf2ee462acd159fd9ceca618e5b2c1,1
5a48d0873b18372652ca6b3399c30e60,F00234,5a48d0873b18372652ca6b3399c30e60,1
5a853401ffdd43694ff4044effbab713,F00235,5a853401ffdd43694ff4044effbab713,1
5a856ff7a3c698fbb0c13643b2db1f07,F00236,5a856ff7a3c698fbb0c13643b2db1f07,1
5a95cfc0d7b3acd2315890a234052fb2,F00237,5a95cfc0d7b3acd2315890a234052fb2,1
5aa09eb09a50bade68b903bb336193f0,F00238,5aa09eb09a50bade68b903bb336193f0,1
5b06b6cf59bf1a303744f271b2f9c89d,F00239,5b06b6cf59bf1a303744f271b2f9c89d,1
5b30303e199d03118e30e8fd32efcef1,F00240,5b30303e199d03118e30e8fd32efcef1,1
5b84e1329943a7797ba1b4db68e0c3ad,F00241,5b84e1329943a7797ba1b4db68e0c3ad,1
5bc55705f2387000ebbd85c5d7134b62,F00242,5bc55705f2387000ebbd85c5d7134b62,1
5c038fd23070e00d570fdfe395385f72,F00243,5c038fd23070e00d570fdfe395385f72,1
5c9e2832764b5eb67889267347e9a38d,F00244,5c9e2832764b5eb67889267347e9a38d,1
5d1e6d7d95112a34004caad91a76e4e0,F00245,5d1e6d7d95112a34004caad91a76e4e0,1
5dcbd4f82f84add146eb7384cea04d95,F00246,5dcbd4f82f84add146eb7384cea04d95,1
5ec554f035fb5e5ec6424e6ee90da37f,F00247,5ec554f035fb5e5ec6424e6ee90da37f,1
5f89fff6a59c5e504bccfd9f2c2bb73f,F00248,5f89fff6a59c5e504bccfd9f2c2bb73f,1
5fd87bc6841dfd02ed2058e28acf51da,F00249,5fd87bc6841dfd02ed2058e28acf51da,1
60244260280ec12834602d6268359b4d,F00250,60244260280ec12834602d6268359b4d,1
605422c846b2c33b44cd9620fb406e60,F00251,605422c846b2c33b44cd9620fb406e60,1
60608c853da3db0393292b6e0e0d09c7,F00252,60608c853da3db0393292b6e0e0d09c7,1
60b0c4bf3fb424d47e242b9f2d55c336,F00253,60b0c4bf3fb424d47e242b9f2d55c336,1
60baa4f6d2490e20367690a0e50e1261,F00254,60baa4f6d2490e20367690a0e50e1261,1
60c8ed0856eec96770f1d97e61cc5db0,F00255,60c8ed0856eec96770f1d97e61cc5db0,1
61216896ad7420f7b87e17eff90c813b,F00256,61216896ad7420f7b87e17eff90c813b,1
61e4348a312a8bfe52add786efb63b8f,F00257,61e4348a312a8bfe52add786efb63b8f,1
623318b3d30566e96defb631a11ca206,F00258,623318b3d30566e96defb631a11ca206,1
62730fd9676d050cb6a25c5f3c1d5bc2,F00259,62730fd9676d050cb6a25c5f3c1d5bc2,1
633f16b8d24020429726cf24ec3f7540,F00260,633f16b8d24020429726cf24ec3f7540,1
64bf06784d4036c609bb6a107b54bda0,F00261,64bf06784d4036c609bb6a107b54bda0,1
6540b2b998278145e68d97a398ae8d66,F00262,6540b2b998278145e68d97a398ae8d66,1
6552c3aa770d6e12a0e4c7fb2fa068b9,F00263,6552c3aa770d6e12a0e4c7fb2fa068b9,1
65bd846ea80296609ffd0cf1e4d1b6d9,F00264,65bd846ea80296609ffd0cf1e4d1b6d9,1
66211019a494f7bca4fae696d4cbfadc,F00265,66211019a494f7bca4fae696d4cbfadc,1
66ec6e4f495e6953073583d11dcf04fb,F00266,66ec6e4f495e6953073583d11dcf04fb,1
66f906ea400e44dccc8d3633d7912f8e,F00267,66f906ea400e44dccc8d3633d7912f8e,1
673b4ba1902d59b555a37fbb6250ff66,F00268,673b4ba1902d59b555a37fbb6250ff66,1
67b14a73f9790200deb5606115a1ab53,F00269,67b14a73f9790200deb5606115a1ab53,1
67ef391681c045c1255a7b89bc189edf,F00270,67ef391681c045c1255a7b89bc189edf,1
6870fdcc4c77152ca4123e0a61976e1a,F00271,6870fdcc4c77152ca4123e0a61976e1a,1
6a5f5bbde7a01291282048b4cd74bed8,F00272,6a5f5bbde7a01291282048b4cd74bed8,1
6ab057ea846858f163920ae83acaa87c,F00273,6ab057ea846858f163920ae83acaa87c,1
6abd4052fd90011247b44cae315efef8,F00274,6abd4052fd90011247b44cae315efef8,1
6acf09cf175ab90c124251c6a7066568,F00275,6acf09cf175ab90c124251c6a7066568,1
6d01fcfe880f04e229f7a6ce3d196620,F00276,6d01fcfe880f04e229f7a6ce3d196620,1
6d4d50ac7653a9930959af73a95f0d2c,F00277,6d4d50ac7653a9930959af73a95f0d2c,1
6dd475782092dacc5d3bad5b69dde155,F00278,6dd475782092dacc5d3bad5b69dde155,1
6e10bc9a5b02a3a5abdada4557f29d34,F00279,6e10bc9a5b02a3a5abdada4557f29d34,1
6e5610da04142634ba5a18089e430d11,F00280,6e5610da04142634ba5a18089e430d11,1
6e75c83746a5f841e1b91755b680f95f,F00281,6e75c83746a5f841e1b91755b680f95f,1
6eb0488f8caed2d19e3deb7349621c65,F00282,6eb0488f8caed2d19e3deb7349621c65,1
6f6713870b6be93e44ff2eaf6523cd62,F00283,6f6713870b6be93e44ff2eaf6523cd62,1
6fe892b3855c385a698357a15019e949,F00284,6fe892b3855c385a698357a15019e949,1
70b74619fa1ec573c877652a81f10358,F00285,70b74619fa1ec573c877652a81f10358,1
7150124752359db0751a297650f4e46b,F00286,7150124752359db0751a297650f4e46b,1
724a4d457062848ad98393d587ef72bc,F00287,724a4d457062848ad98393d587ef72bc,1
72eb051821a566ee4297c54c3d3b52ea,F00288,72eb051821a566ee4297c54c3d3b52ea,1
732bf2b1bf288105036906f3c6bdf08a,F00289,732bf2b1bf288105036906f3c6bdf08a,1
73e3f75fbd991ee2632b64d0c72ff835,F00290,73e3f75fbd991ee2632b64d0c72ff835,1
740a8a3290e56bd94f912c1f6f69c313,F00291,740a8a3290e56bd94f912c1f6f69c313,1
7447cfdc16382b3226f80739a8d98fe3,F00292,7447cfdc16382b3226f80739a8d98fe3,1
746d271153e4337960cdc2acc332c6be,F00293,746d271153e4337960cdc2acc332c6be,1
769358eb1b58ba3dc8db9df4ea676568,F00294,769358eb1b58ba3dc8db9df4ea676568,1
76c6914a9a22e780ad4bf453262d3d50,F00295,76c6914a9a22e780ad4bf453262d3d50,1
7745d049b89b6acfdaf6b0075a3c4538,F00296,7745d049b89b6acfdaf6b0075a3c4538,1
77c02d6e91775d6361d583ede72040c5,F00297,77c02d6e91775d6361d583ede72040c5,1
77c5a2cbcbbaf2e1bb5a50b87f2d27ba,F00298,77c5a2cbcbbaf2e1bb5a50b87f2d27ba,1
78399028e4376f029cbf33c05761bc83,F00299,78399028e4376f029cbf33c05761bc83,1
793ab35fa091239fec49e5b40962fca3,F00300,793ab35fa091239fec49e5b40962fca3,1
794f4f3e96f4881ecccf348627074851,F00301,794f4f3e96f4881ecccf348627074851,1
795319eadea0e0ca12d9bb0f54343df2,F00302,795319eadea0e0ca12d9bb0f54343df2,1
796379209ef1d8c49bc97974f16c17a6,F00303,796379209ef1d8c49bc97974f16c17a6,1
796ba8e19ff016fb873edbb5bf1ca811,F00304,796ba8e19ff016fb873edbb5bf1ca811,1
7a3e4786ccaed9ab747e9e5673d05ade,F00305,7a3e4786ccaed9ab747e9e5673d05ade,1
7a4bbd4ccd9b9734e95d93ff0b7373b5,F00306,7a4bbd4ccd9b9734e95d93ff0b7373b5,1
7aaed3f8944a8beed9e43c9b00ac2fff,F00307,7aaed3f8944a8beed9e43c9b00ac2fff,1
7afcdd58921f1fec0d4f86b5e78e8f5c,F00308,7afcdd58921f1fec0d4f86b5e78e8f5c,1
7b195ab1be45e15688c297f5e15ac34f,F00309,7b195ab1be45e15688c297f5e15ac34f,1
7b862f9e8821e59aa9852ad1058dfce8,F00310,7b862f9e8821e59aa9852ad1058dfce8,1
7be3cb0eeb077a4713c7e551c0c1fda2,F00311,7be3cb0eeb077a4713c7e551c0c1fda2,1
7bf8db090a19acafce12e7f37d7f31b9,F00312,7bf8db090a19acafce12e7f37d7f31b9,1
7bfc7af05bca119e267d236a709489ae,F00313,7bfc7af05bca119e267d236a709489ae,1
7c4f67d612a506db289cc4fdf94f8c54,F00314,7c4f67d612a506db289cc4fdf94f8c54,1
7c79cd53d98c47ebb49ef282daf3a41b,F00315,7c79cd53d98c47ebb49ef282daf3a41b,1
7d521d25349edad8cbd2ccc1d9f27843,F00316,7d521d25349edad8cbd2ccc1d9f27843,1
7df44d94b4cb3b97ddcc23dde6d9542b,F00317,7df44d94b4cb3b97ddcc23dde6d9542b,1
7e1f630c0c2b2a42611a19838c8d7b60,F00318,7e1f630c0c2b2a42611a19838c8d7b60,1
7ef9bf691b6712433bbf3a33622178cf,F00319,7ef9bf691b6712433bbf3a33622178cf,1
7f5c79ea96a9d794058e2c0855b1052c,F00320,7f5c79ea96a9d794058e2c0855b1052c,1
7f7370b40b1736512fd60f8724a88ab9,F00321,7f7370b40b1736512fd60f8724a88ab9,1
7f79d6cca8e5a64ef8c3979846187238,F00322,7f79d6cca8e5a64ef8c3979846187238,1
8016f2c0aacca2419718513cd7540535,F00323,8016f2c0aacca2419718513cd7540535,1
804fa983c1696693b8efeb70e60bc0cf,F00324,804fa983c1696693b8efeb70e60bc0cf,1
80cda8eee68b89d81e7d3bebfef6f773,F00325,80cda8eee68b89d81e7d3bebfef6f773,1
80fa627a5ed632377f103fe128c42df6,F00326,80fa627a5ed632377f103fe128c42df6,1
81379901d3ba8dd9621470f26518c790,F00327,81379901d3ba8dd9621470f26518c790,1
815c0836c82f565d9f71cb2f1d12fb11,F00328,815c0836c82f565d9f71cb2f1d12fb11,1
81c74800741a624c673eb7875e98d42a,F00329,81c74800741a624c673eb7875e98d42a,1
826d64eb7bb6ed875d0bfb64469d0849,F00330,826d64eb7bb6ed875d0bfb64469d0849,1
829b6994e528282da5e283e12bb15632,F00331,829b6994e528282da5e283e12bb15632,1
82ab92ff25107467c6fdfac5af36ee1a,F00332,82ab92ff25107467c6fdfac5af36ee1a,1
835807472970ae51e3ba46cfe94841e5,F00333,835807472970ae51e3ba46cfe94841e5,1
83cef685a999cb03c7b1518b28386710,F00334,83cef685a999cb03c7b1518b28386710,1
83f5454d10e37e44638342194fc05b78,F00335,83f5454d10e37e44638342194fc05b78,1
84200ca4854972287bcccee2ef82a544,F00336,84200ca4854972287bcccee2ef82a544,1
842ac4c7c442860a7c32508c2fa2ca23,F00337,842ac4c7c442860a7c32508c2fa2ca23,1
845e0b2e08620241ecbfc479bc644a98,F00338,845e0b2e08620241ecbfc479bc644a98,1
84da95dbd943c32745805c8616d77378,F00339,84da95dbd943c32745805c8616d77378,1
85060abda17f88dbfcbf5bb6a054a8cc,F00340,85060abda17f88dbfcbf5bb6a054a8cc,1
8562bd0c7b2030f6499aa587f01f9597,F00341,8562bd0c7b2030f6499aa587f01f9597,1
8579a1043170f9ebc303ce683b5e7581,F00342,8579a1043170f9ebc303ce683b5e7581,1
8593e147c0c8d51adb13de70a710e6d0,F00343,8593e147c0c8d51adb13de70a710e6d0,1
85b546b48d195c43747b6bc676af1b2c,F00344,85b546b48d195c43747b6bc676af1b2c,1
85d9569edcf628d231730519f6d2c721,F00345,85d9569edcf628d231730519f6d2c721,1
8600206e11a6d45e12a2777a80ac954b,F00346,8600206e11a6d45e12a2777a80ac954b,1
860da29be5c9af9915d46d87dcb09f4c,F00347,860da29be5c9af9915d46d87dcb09f4c,1
862ea329f13e37266efe02f85d7758fe,F00348,862ea329f13e37266efe02f85d7758fe,1
86677569ce118c06af57a9540926893f,F00349,86677569ce118c06af57a9540926893f,1
8758da014058ab2fb55a494040bda103,F00350,8758da014058ab2fb55a494040bda103,1
87e83541c50bca2f4e2b6a8e356de920,F00351,87e83541c50bca2f4e2b6a8e356de920,1
88029399fd54b2ef548289cd0cd41f53,F00352,88029399fd54b2ef548289cd0cd41f53,1
88d1cd7d40bc0fb3016ace37e5cf0dcd,F00353,88d1cd7d40bc0fb3016ace37e5cf0dcd,1
88e757ce744cca1620c34b5f2d4c687d,F00354,88e757ce744cca1620c34b5f2d4c687d,1
896bdc4fa49f42c5c6c8bbbe86c27843,F00355,896bdc4fa49f42c5c6c8bbbe86c27843,1
8985361554efaa96b9f69372e117a42e,F00356,8985361554efaa96b9f69372e117a42e,1
89e41ee7363b970f654a14663c864168,F00357,89e41ee7363b970f654a14663c864168,1
8a2079938831845f97641efa92863669,F00358,8a2079938831845f97641efa92863669,1
8a3b759685db4a614e532efbed762343,F00359,8a3b759685db4a614e532efbed762343,1
8a952a2427fd133802ed3054049ab72b,F00360,8a952a2427fd133802ed3054049ab72b,1
8ab62dfb84acaaf13c629a5d72dadcd8,F00361,8ab62dfb84acaaf13c629a5d72dadcd8,1
8ab98dbded384acc554fa3fae5f9eefc,F00362,8ab98dbded384acc554fa3fae5f9eefc,1
8bad0a11adcae8fda5cfd26ba53f78c2,F00363,8bad0a11adcae8fda5cfd26ba53f78c2,1
8e0b021a70e3ef57571157844a7d5ac7,F00364,8e0b021a70e3ef57571157844a7d5ac7,1
8e22f8d39e81265fb623d2691abc861e,F00365,8e22f8d39e81265fb623d2691abc861e,1
8e70da83ec39a9a577fa890a94fe287f,F00366,8e70da83ec39a9a577fa890a94fe287f,1
8ed2958d30473d134062bf02ac28106d,F00367,8ed2958d30473d134062bf02ac28106d,1
8f8185e0b554ca1f6d25d04df5751ba3,F00368,8f8185e0b554ca1f6d25d04df5751ba3,1
8fb264f5c5be4b05deef71c408101294,F00369,8fb264f5c5be4b05deef71c408101294,1
903535f1a6d58e3ba02871a1e54833f1,F00370,903535f1a6d58e3ba02871a1e54833f1,1
91654c2c1e68ea199a5af7fe6713487e,F00371,91654c2c1e68ea199a5af7fe6713487e,1
9179566d26530c3b58d204606eb86d33,F00372,9179566d26530c3b58d204606eb86d33,1
9223d9cafcff0c8b76fc59810f6e13e6,F00373,9223d9cafcff0c8b76fc59810f6e13e6,1
925c26dff9a8c8957bf276f6746f454d,F00374,925c26dff9a8c8957bf276f6746f454d,1
9288e2bfc15e40c49bda9d194abf1d2e,F00375,9288e2bfc15e40c49bda9d194abf1d2e,1
93181645c52ce8bbac36a66c2f975608,F00376,93181645c52ce8bbac36a66c2f975608,1
93a167bcf1d3c2e4d72e158927f5f375,F00377,93a167bcf1d3c2e4d72e158927f5f375,1
93a376031ead0dac31b5da5e93a8d5ff,F00378,93a376031ead0dac31b5da5e93a8d5ff,1
941a9a62663f59fff3059aafc331c576,F00379,941a9a62663f59fff3059aafc331c576,1
94611a6ae281dd1692449abe2057cd8c,F00380,94611a6ae281dd1692449abe2057cd8c,1
9490ae9295926799073350172661df92,F00381,9490ae9295926799073350172661df92,1
95331c28d940419406dcf4863889b5b1,F00382,95331c28d940419406dcf4863889b5b1,1
9570cd7691406083e1ad45acd7aa4a81,F00383,9570cd7691406083e1ad45acd7aa4a81,1
96affa23ea568d2373afae040e5aa9cc,F00384,96affa23ea568d2373afae040e5aa9cc,1
97174e22559ba63beb0c341fdca8ffd9,F00385,97174e22559ba63beb0c341fdca8ffd9,1
974ed7b1711b92daa9eb83648b5dd1cd,F00386,974ed7b1711b92daa9eb83648b5dd1cd,1
9763c7dcd8fefeb7bd03a44df92fd6c5,F00387,9763c7dcd8fefeb7bd03a44df92fd6c5,1
977dd673c9f94503fcd3390ceab2f00a,F00388,977dd673c9f94503fcd3390ceab2f00a,1
97c1a65aed153e530d990b1bacf1dbf1,F00389,97c1a65aed153e530d990b1bacf1dbf1,1
98ac7d13ebdedd798069b2e7f8f1588d,F00390,98ac7d13ebdedd798069b2e7f8f1588d,1
99053be9ef62da94005b9d9bdb169de1,F00391,99053be9ef62da94005b9d9bdb169de1,1
998a55e2a912bfcdc9f93f8f28b6e331,F00392,998a55e2a912bfcdc9f93f8f28b6e331,1
998d2dd44ba2772d3152efcad311b8ab,F00393,998d2dd44ba2772d3152efcad311b8ab,1
99aa763e645726fc3f2c490e02c9c229,F00394,99aa763e645726fc3f2c490e02c9c229,1
99cc8c707a8d51fa9e707407179da89c,F00395,99cc8c707a8d51fa9e707407179da89c,1
9a62a7928375e040bb7aa7c0874c7f34,F00396,9a62a7928375e040bb7aa7c0874c7f34,1
9a93fbf06d54b5c97bfa3a3273cef84d,F00397,9a93fbf06d54b5c97bfa3a3273cef84d,1
9b29f73825274137e406c3af4a8c5117,F00398,9b29f73825274137e406c3af4a8c5117,1
9b4b0960080cdebb14eeadd8dedbd720,F00399,9b4b0960080cdebb14eeadd8dedbd720,1
9b77687ee03f41d0c8c6b3f0b252b0b3,F00400,9b77687ee03f41d0c8c6b3f0b252b0b3,1
9b9d6072c4bd430fc4d51a450414537c,F00401,9b9d6072c4bd430fc4d51a450414537c,1
9bdefe9eab6167661cdaeec3292a8c1f,F00402,9bdefe9eab6167661cdaeec3292a8c1f,1
9be72609594b68af576b8a8f89871130,F00403,9be72609594b68af576b8a8f89871130,1
9bfa3ac9ad37e83d31e34159dc6aeffc,F00404,9bfa3ac9ad37e83d31e34159dc6aeffc,1
9cf4f180ddb4b8f7454593b2ea685ae1,F00405,9cf4f180ddb4b8f7454593b2ea685ae1,1
9d1e97c072952ce29c5f2ea8a2eaa176,F00406,9d1e97c072952ce29c5f2ea8a2eaa176,1
9dac1ad4475b97bf1b307e5312b42a45,F00407,9dac1ad4475b97bf1b307e5312b42a45,1
9e0e6871246c8e4aff6e3e2781b29b82,F00408,9e0e6871246c8e4aff6e3e2781b29b82,1
9e2a67d08991624ee8ea2470150192e8,F00409,9e2a67d08991624ee8ea2470150192e8,1
9e5f3d652b3e45ed4153f37b92de1c0c,F00410,9e5f3d652b3e45ed4153f37b92de1c0c,1
9e88f7f0f2d4fd1015cc1568dbb6abe9,F00411,9e88f7f0f2d4fd1015cc1568dbb6abe9,1
9eaaa7a26aedac395a01ec494a39bcca,F00412,9eaaa7a26aedac395a01ec494a39bcca,1
9eb29fefd6100ba80d5d70032c7ebb84,F00413,9eb29fefd6100ba80d5d70032c7ebb84,1
9ebd05c2cc184c92bcbb179724039e17,F00414,9ebd05c2cc184c92bcbb179724039e17,1
9f4432c32b05fca615957244cc059840,F00415,9f4432c32b05fca615957244cc059840,1
9f58040a80345fe395969a84c7a2a5d1,F00416,9f58040a80345fe395969a84c7a2a5d1,1
9f6b4d14a083ba1248a2f8455d1551a8,F00417,9f6b4d14a083ba1248a2f8455d1551a8,1
9f85feac40948707a8c6882dffe1dde2,F00418,9f85feac40948707a8c6882dffe1dde2,1
9fb4acd4cc1aabc1f487e7bdaad0696b,F00419,9fb4acd4cc1aabc1f487e7bdaad0696b,1
a07cb04834f022998cc06de7f5fc743f,F00420,a07cb04834f022998cc06de7f5fc743f,1
a089a3dcaa8ad07e54995aacd33baf94,F00421,a089a3dcaa8ad07e54995aacd33baf94,1
a1395a6d92f6a426a215bea63a239920,F00422,a1395a6d92f6a426a215bea63a239920,1
a176fbba693f88b2afdb9c2125592706,F00423,a176fbba693f88b2afdb9c2125592706,1
a1b2570362108055651673c22824ac7f,F00424,a1b2570362108055651673c22824ac7f,1
a1dfef13fcd3c50836fcf8f57dc77b57,F00425,a1dfef13fcd3c50836fcf8f57dc77b57,1
a2099156b3d7942ea507f3ae1ffcb261,F00426,a2099156b3d7942ea507f3ae1ffcb261,1
a2b10314e78552d42f5a6bb7464da50f,F00427,a2b10314e78552d42f5a6bb7464da50f,1
a319108182fe8f55dd90b078660cdda6,F00428,a319108182fe8f55dd90b078660cdda6,1
a3c41a336fffb7ce38ba347a97eeec92,F00429,a3c41a336fffb7ce38ba347a97eeec92,1
a4183d6e38e20d750ad38da64987e614,F00430,a4183d6e38e20d750ad38da64987e614,1
a647f6064ad6925114a56ca9a6052c83,F00431,a647f6064ad6925114a56ca9a6052c83,1
a6cbeced19f577c280400207c712880e,F00432,a6cbeced19f577c280400207c712880e,1
a7f7fc8f0139a8ed7f571e8b202a159d,F00433,a7f7fc8f0139a8ed7f571e8b202a159d,1
a8a5b34b37175a5aa31c7be6680d2a48,F00434,a8a5b34b37175a5aa31c7be6680d2a48,1
a9330070447cbd0de3e4abc2a7608a27,F00435,a9330070447cbd0de3e4abc2a7608a27,1
a95baa03d1f1a2b0f2263e1e6deb4660,F00436,a95baa03d1f1a2b0f2263e1e6deb4660,1
a9fe8b641ccf76adee5e089f666d0951,F00437,a9fe8b641ccf76adee5e089f666d0951,1
aa032762a5824dbb5196b86365f5c72e,F00438,aa032762a5824dbb5196b86365f5c72e,1
aa6ef76a4b6c58bd21b570ea02be59fe,F00439,aa6ef76a4b6c58bd21b570ea02be59fe,1
aac093c1dd9f8b57d3fca36a0a83749a,F00440,aac093c1dd9f8b57d3fca36a0a83749a,1
aae755fcf61f57b6d960f1ba254f210e,F00441,aae755fcf61f57b6d960f1ba254f210e,1
ab550775cc16043888330ee065fc30b9,F00442,ab550775cc16043888330ee065fc30b9,1
aba769f1b90974d44d0903201eb5aaeb,F00443,aba769f1b90974d44d0903201eb5aaeb,1
abb565654c6993e7df343b98dfdd96ba,F00444,abb565654c6993e7df343b98dfdd96ba,1
ac1a76287fe38f42b37ed77496e829f4,F00445,ac1a76287fe38f42b37ed77496e829f4,1
ac81d53d4bc834332702b8ee06db402a,F00446,ac81d53d4bc834332702b8ee06db402a,1
ad1d77ee0d42fce6e6be46238b8039a3,F00447,ad1d77ee0d42fce6e6be46238b8039a3,1
ad464f4ac5717032ec1305f92f8384f6,F00448,ad464f4ac5717032ec1305f92f8384f6,1
ae75d58e403f9635947672ebd790d9e4,F00449,ae75d58e403f9635947672ebd790d9e4,1
ae7a030c92188dc1e56cae8a03a2cde3,F00450,ae7a030c92188dc1e56cae8a03a2cde3,1
aef0c93279a67727823971a533a058d0,F00451,aef0c93279a67727823971a533a058d0,1
af0f4d06539d403fcde71b9632cd76b2,F00452,af0f4d06539d403fcde71b9632cd76b2,1
afb420a5168d4d3ecacc84dd0b97e5f4,F00453,afb420a5168d4d3ecacc84dd0b97e5f4,1
b0852c1ad7fba3c74ee92ef6ac172925,F00454,b0852c1ad7fba3c74ee92ef6ac172925,1
b16baba6d0f2eba3fd5603061331de50,F00455,b16baba6d0f2eba3fd5603061331de50,1
b17916f7cf8dd79df14dee46c782c5fc,F00456,b17916f7cf8dd79df14dee46c782c5fc,1
b18a0bab46ecd8fa1d789565e0fbf0fa,F00457,b18a0bab46ecd8fa1d789565e0fbf0fa,1
b18cc4e8a6871d391e9908511efbe160,F00458,b18cc4e8a6871d391e9908511efbe160,1
b1e26f0101b1c0178f1d56f169f75955,F00459,b1e26f0101b1c0178f1d56f169f75955,1
b1fde1776597ca5a2ec404bee78e0e96,F00460,b1fde1776597ca5a2ec404bee78e0e96,1
b3808604cb7a92a8bc9aaec3fc5d31be,F00461,b3808604cb7a92a8bc9aaec3fc5d31be,1
b46f07b6978dbb1a7183270f72a12f52,F00462,b46f07b6978dbb1a7183270f72a12f52,1
b4bfed3fff749b89ea9d77f7870e0fa4,F00463,b4bfed3fff749b89ea9d77f7870e0fa4,1
b4ca32266a42352d08fb8e867d739ca4,F00464,b4ca32266a42352d08fb8e867d739ca4,1
b4cac872460f515396552009e2188509,F00465,b4cac872460f515396552009e2188509,1
b56224257f773ace3a0b70c6fadfc9ab,F00466,b56224257f773ace3a0b70c6fadfc9ab,1
b5b982adb113ead5df3ff82c165074d0,F00467,b5b982adb113ead5df3ff82c165074d0,1
b65c8315b9dcdee7defac7c2c8c0a37a,F00468,b65c8315b9dcdee7defac7c2c8c0a37a,1
b72947a32bcb6825102a9a921faa2fcd,F00469,b72947a32bcb6825102a9a921faa2fcd,1
b897fbcf30308f8e0e6d62271cf50fb1,F00470,b897fbcf30308f8e0e6d62271cf50fb1,1
b89c43c938df1081d3d1cfc6f3d5dd43,F00471,b89c43c938df1081d3d1cfc6f3d5dd43,1
b98966e1e140ed91eca8e55f85ca2070,F00472,b98966e1e140ed91eca8e55f85ca2070,1
b9a2225e271c604a1dbb48be874abb3a,F00473,b9a2225e271c604a1dbb48be874abb3a,1
ba28e77815751d8b3a011d6c3323bda8,F00474,ba28e77815751d8b3a011d6c3323bda8,1
ba41674647f59350f02ba53a1d4d2eca,F00475,ba41674647f59350f02ba53a1d4d2eca,1
bb864487c7aac99fcdc5f9b4a7d962a0,F00476,bb864487c7aac99fcdc5f9b4a7d962a0,1
bb9bf64403bffc0b1b985c4b1160db66,F00477,bb9bf64403bffc0b1b985c4b1160db66,1
bbbd9f337f77ac82db9af960c49e2082,F00478,bbbd9f337f77ac82db9af960c49e2082,1
bc26381e69af9d9b50057e04925a5f1c,F00479,bc26381e69af9d9b50057e04925a5f1c,1
bc502a9c5ca5b3bc3aef30f3c88c1ad5,F00480,bc502a9c5ca5b3bc3aef30f3c88c1ad5,1
bcaccd7b2b03591f7163f388f6b71e31,F00481,bcaccd7b2b03591f7163f388f6b71e31,1
bcb04501b38eed2d274d678ac4732134,F00482,bcb04501b38eed2d274d678ac4732134,1
bd30198a4e69160ae29019ff6be55207,F00483,bd30198a4e69160ae29019ff6be55207,1
bd3ff9b5f7a5c163482d23012d18dd10,F00484,bd3ff9b5f7a5c163482d23012d18dd10,1
bd409cb7ebef1b16f861488e8acfb126,F00485,bd409cb7ebef1b16f861488e8acfb126,1
bdb1d0d40f8fa9eeff0ccd983eec6e3c,F00486,bdb1d0d40f8fa9eeff0ccd983eec6e3c,1
bddee5b8687cad79aa9412dbab0046e7,F00487,bddee5b8687cad79aa9412dbab0046e7,1
beac7f2860a578c243809275d6ca26ee,F00488,beac7f2860a578c243809275d6ca26ee,1
c010645bb8700dc4c46ee665fb6422b4,F00489,c010645bb8700dc4c46ee665fb6422b4,1
c029472d709a28a8bb0ab75b7d085d89,F00490,c029472d709a28a8bb0ab75b7d085d89,1
c0707b2b6bebb3780e27f08bcd9b0adc,F00491,c0707b2b6bebb3780e27f08bcd9b0adc,1
c122123f9553cd95645a3f488a9a2ef6,F00492,c122123f9553cd95645a3f488a9a2ef6,1
c1c59b21a6f6835dfa8dfe3f11034a2f,F00493,c1c59b21a6f6835dfa8dfe3f11034a2f,1
c2dc77f5d32ba0ab85a890afb30b1662,F00494,c2dc77f5d32ba0ab85a890afb30b1662,1
c320dcfa12f9d6bb190ffd5eadbef27f,F00495,c320dcfa12f9d6bb190ffd5eadbef27f,1
c35b266a01da80e38cf70fe97d7b8166,F00496,c35b266a01da80e38cf70fe97d7b8166,1
c43ea86a61ed48ceb5c2fc2549e2953b,F00497,c43ea86a61ed48ceb5c2fc2549e2953b,1
c43ecaec3a416d95021e7a6834a6583f,F00498,c43ecaec3a416d95021e7a6834a6583f,1
c4847a26d5dac357d94ca2690457d828,F00499,c4847a26d5dac357d94ca2690457d828,1
c4ae1a6eec45d2fa9cc8f4437f1a244c,F00500,c4ae1a6eec45d2fa9cc8f4437f1a244c,1
c51854ac505b93d3b90b69cd00958640,F00501,c51854ac505b93d3b90b69cd00958640,1
c5af52d9c7857a56838c4b301b198eeb,F00502,c5af52d9c7857a56838c4b301b198eeb,1
c5c660d580e6624f76491f3a2e97a127,F00503,c5c660d580e6624f76491f3a2e97a127,1
c67d22aa0acfbffac1e1b35d28969264,F00504,c67d22aa0acfbffac1e1b35d28969264,1
c6d94636296cc20c12dceb19438273f9,F00505,c6d94636296cc20c12dceb19438273f9,1
c72340a91e163fdbb21ca202df0268c6,F00506,c72340a91e163fdbb21ca202df0268c6,1
c79df139888cd955242f29b569bce207,F00507,c79df139888cd955242f29b569bce207,1
c7f1a74be381c2080962c5af1b6cd08c,F00508,c7f1a74be381c2080962c5af1b6cd08c,1
c82d6f1cbea3d3c882367938f9654c0b,F00509,c82d6f1cbea3d3c882367938f9654c0b,1
c97adb796958dc47b4c05b5baf14b232,F00510,c97adb796958dc47b4c05b5baf14b232,1
c97fd97f5a2b365d257937363f23ce27,F00511,c97fd97f5a2b365d257937363f23ce27,1
c9bc462c32c0c5978af1e5324f7fe9bb,F00512,c9bc462c32c0c5978af1e5324f7fe9bb,1
c9c786e05621ab92174f0044e8ad03be,F00513,c9c786e05621ab92174f0044e8ad03be,1
ca10baf47b319cd1f61326653a9ccc43,F00514,ca10baf47b319cd1f61326653a9ccc43,1
ca57633034facdbc1bd7c96c741ece6a,F00515,ca57633034facdbc1bd7c96c741ece6a,1
cad16148309ced10c54ff9a66b7741ee,F00516,cad16148309ced10c54ff9a66b7741ee,1
cad4fb1141a2a618d4ffdb47b09dc302,F00517,cad4fb1141a2a618d4ffdb47b09dc302,1
cadbf17f2889e585942e72d85049e744,F00518,cadbf17f2889e585942e72d85049e744,1
cb3bf5632bb1c493a28a3c09bdfd0d97,F00519,cb3bf5632bb1c493a28a3c09bdfd0d97,1
cbf9794dd333e483926beb4b500bf3b3,F00520,cbf9794dd333e483926beb4b500bf3b3,1
cc8515d9c6072e9f6b3bd43f154ac185,F00521,cc8515d9c6072e9f6b3bd43f154ac185,1
ccb399979637186bebfa5922b40ee66c,F00522,ccb399979637186bebfa5922b40ee66c,1
ccde63c073dd0160adc99138ddda830e,F00523,ccde63c073dd0160adc99138ddda830e,1
cd2930f127d04e20efc85368305a0662,F00524,cd2930f127d04e20efc85368305a0662,1
cda466a3f0bd4e9732264e49faf75aef,F00525,cda466a3f0bd4e9732264e49faf75aef,1
ce59285874c5cc4d882b71bf9e210357,F00526,ce59285874c5cc4d882b71bf9e210357,1
ce5f044907322074ad190c40221d2810,F00527,ce5f044907322074ad190c40221d2810,1
ce75dd38baa09f336a1b57e195ffc037,F00528,ce75dd38baa09f336a1b57e195ffc037,1
cec887fba6e4425ad38146578321e84e,F00529,cec887fba6e4425ad38146578321e84e,1
cff518d1cc585149ef7f144c76394e87,F00530,cff518d1cc585149ef7f144c76394e87,1
d07e033701a2fdd214fb19d144586318,F00531,d07e033701a2fdd214fb19d144586318,1
d0b617c234fc3179fdc8238d0d45a658,F00532,d0b617c234fc3179fdc8238d0d45a658,1
d15b7a5a0b91f3fca50bf5962a4d4431,F00533,d15b7a5a0b91f3fca50bf5962a4d4431,1
d15dcc7926d096955df451c670464a35,F00534,d15dcc7926d096955df451c670464a35,1
d1963721c90ee2659f7e2f076e53e300,F00535,d1963721c90ee2659f7e2f076e53e300,1
d19c2e175cf1c121bfe7b0c19d5298f7,F00536,d19c2e175cf1c121bfe7b0c19d5298f7,1
d22c4599272d92cdbb26033533830785,F00537,d22c4599272d92cdbb26033533830785,1
d2cc866572c324be7fa34768be900f02,F00538,d2cc866572c324be7fa34768be900f02,1
d3886ed3694168be4440238e7304c8d3,F00539,d3886ed3694168be4440238e7304c8d3,1
d3da27c85ec1c0768f91cde5c146c653,F00540,d3da27c85ec1c0768f91cde5c146c653,1
d43c977aed76d26ea0b0388b809a4091,F00541,d43c977aed76d26ea0b0388b809a4091,1
d44665401c84b1defb65bc8047a877be,F00542,d44665401c84b1defb65bc8047a877be,1
d47faf22eb296c2961172e51872a986c,F00543,d47faf22eb296c2961172e51872a986c,1
d51890abcc3b672096ef22646f105bc0,F00544,d51890abcc3b672096ef22646f105bc0,1
d578eeaf3cbdf2cdd9068ed376a3ad4b,F00545,d578eeaf3cbdf2cdd9068ed376a3ad4b,1
d5d36a707f4ce8fd2f51211b0644801f,F00546,d5d36a707f4ce8fd2f51211b0644801f,1
d5e4d5a886365da4011717af991d76f5,F00547,d5e4d5a886365da4011717af991d76f5,1
d63d10d29709ccfdb863ee46082c9c5d,F00548,d63d10d29709ccfdb863ee46082c9c5d,1
d67da6ab914274ef509066ae24f437e8,F00549,d67da6ab914274ef509066ae24f437e8,1
d745ce829d48c267fdd5053dc7382f05,F00550,d745ce829d48c267fdd5053dc7382f05,1
d76ed12526056fc16dbb603585e4a547,F00551,d76ed12526056fc16dbb603585e4a547,1
d7a271d141213afef5918894323bb95b,F00552,d7a271d141213afef5918894323bb95b,1
d815836b63bf433df5983e4f22d9bd8f,F00553,d815836b63bf433df5983e4f22d9bd8f,1
d873c4acbf2c996cb42e58cf0f9e3b40,F00554,d873c4acbf2c996cb42e58cf0f9e3b40,1
d90ad3ca09b5fda7c1b675e871495169,F00555,d90ad3ca09b5fda7c1b675e871495169,1
d9625a4956dc4b5bad1cf0cc54bf0303,F00556,d9625a4956dc4b5bad1cf0cc54bf0303,1
d9c2400008e36a10b968c780d90be422,F00557,d9c2400008e36a10b968c780d90be422,1
d9cadca1089d20b2070ff74539a955c3,F00558,d9cadca1089d20b2070ff74539a955c3,1
d9d074f2dcb99d118afa7eab33709c2f,F00559,d9d074f2dcb99d118afa7eab33709c2f,1
d9f9b5a1ea0d5723f8ff6d7f90272b41,F00560,d9f9b5a1ea0d5723f8ff6d7f90272b41,1
da6975880fa80a370cad1e877ed6bd2b,F00561,da6975880fa80a370cad1e877ed6bd2b,1
da70719eecf5984ea12c1b08158e0a43,F00562,da70719eecf5984ea12c1b08158e0a43,1
da7902cef5ac5dc0ee628713d7357235,F00563,da7902cef5ac5dc0ee628713d7357235,1
da8bb09b4a3bcad0235e35d67a75a254,F00564,da8bb09b4a3bcad0235e35d67a75a254,1
dac78ad1e3cf62ad39b48d123d6c324f,F00565,dac78ad1e3cf62ad39b48d123d6c324f,1
dad758a4a17c0a032fbc49444d605df7,F00566,dad758a4a17c0a032fbc49444d605df7,1
db6322c67cd36419a40584338b822049,F00567,db6322c67cd36419a40584338b822049,1
db647e94a679e416a128fecadabf13de,F00568,db647e94a679e416a128fecadabf13de,1
dc06660789675de951ce2fcb6354a127,F00569,dc06660789675de951ce2fcb6354a127,1
dc78bc8f02fbf156350d61d153238cb1,F00570,dc78bc8f02fbf156350d61d153238cb1,1
dd6e63aa17c0fa7344019c16a30a68a1,F00571,dd6e63aa17c0fa7344019c16a30a68a1,1
dd885c2db257f52907ccfcbf31705480,F00572,dd885c2db257f52907ccfcbf31705480,1
de62f5fb4863e5e2e3deec61912c15fa,F00573,de62f5fb4863e5e2e3deec61912c15fa,1
de837a972f596c9a2bb6828239461055,F00574,de837a972f596c9a2bb6828239461055,1
dead96cb391b39a54c09478dab067e74,F00575,dead96cb391b39a54c09478dab067e74,1
dedfc09c4a48bf344b166d87da8b713e,F00576,dedfc09c4a48bf344b166d87da8b713e,1
df1ce70ab0e0d0620436760ff0c1f1d3,F00577,df1ce70ab0e0d0620436760ff0c1f1d3,1
e09bf3a16eecec3ec2d70b90f7455815,F00578,e09bf3a16eecec3ec2d70b90f7455815,1
e14314fd4d56922a42f332f378e80e0c,F00579,e14314fd4d56922a42f332f378e80e0c,1
e1ad67576cf9960a76cbd482d35e3222,F00580,e1ad67576cf9960a76cbd482d35e3222,1
e1ec8cd583c1d94864ed7f21b4954506,F00581,e1ec8cd583c1d94864ed7f21b4954506,1
e1f55263940c835dd42ea30592bba08b,F00582,e1f55263940c835dd42ea30592bba08b,1
e402879c282f05a14dc00c02d0ad2f89,F00583,e402879c282f05a14dc00c02d0ad2f89,1
e58b3082d52db6e92e9a7482bd3c0125,F00584,e58b3082d52db6e92e9a7482bd3c0125,1
e693dc5461a0e4c123d806218aade7ac,F00585,e693dc5461a0e4c123d806218aade7ac,1
e69e9beaddd12673ec4630162d7ceb75,F00586,e69e9beaddd12673ec4630162d7ceb75,1
e709e5a9abc2376ae45b3759143b5e7e,F00587,e709e5a9abc2376ae45b3759143b5e7e,1
e709e8b99edd2e0e3ff1778e231d59b5,F00588,e709e8b99edd2e0e3ff1778e231d59b5,1
e70cead405136b28d8f8cf7b6b418dc9,F00589,e70cead405136b28d8f8cf7b6b418dc9,1
e7221ab1f5728617639e8f1494258550,F00590,e7221ab1f5728617639e8f1494258550,1
e7860f9e8ebe65f7c96b4e63904498c7,F00591,e7860f9e8ebe65f7c96b4e63904498c7,1
e7d3bf0f17a4c3f0fdca02322f3b6807,F00592,e7d3bf0f17a4c3f0fdca02322f3b6807,1
ea06450420df4d40f03be8bfb36e2408,F00593,ea06450420df4d40f03be8bfb36e2408,1
ea512c14b4e04fd4ce2148eb3a4200db,F00594,ea512c14b4e04fd4ce2148eb3a4200db,1
ea7ef9178ef8d8a37e0b1203903cc97d,F00595,ea7ef9178ef8d8a37e0b1203903cc97d,1
ebad96a5ad458e9df7d47f739e874242,F00596,ebad96a5ad458e9df7d47f739e874242,1
ec291f8cf2394fac391c04b716e60ec0,F00597,ec291f8cf2394fac391c04b716e60ec0,1
ed3378189b78eb4f5c26c583498dd803,F00598,ed3378189b78eb4f5c26c583498dd803,1
ed50a98d82d969279a2d7ae643b7b4e3,F00599,ed50a98d82d969279a2d7ae643b7b4e3,1
eec0a7cfa80a0d7917c8c941b2ecb611,F00600,eec0a7cfa80a0d7917c8c941b2ecb611,1
eef60686529eec55347e5ffdea52d3d0,F00601,eef60686529eec55347e5ffdea52d3d0,1
ef305d546abb2c4ed627757bfeae4284,F00602,ef305d546abb2c4ed627757bfeae4284,1
f0cc70f593d214b5c83b3ffda27d9319,F00603,f0cc70f593d214b5c83b3ffda27d9319,1
f1837e0ac04e11fe315d3002f8029398,F00604,f1837e0ac04e11fe315d3002f8029398,1
f1c797981998d09d4cb17af3bb810df7,F00605,f1c797981998d09d4cb17af3bb810df7,1
f2c799accae0a3ca49e12b6c586a0ef2,F00606,f2c799accae0a3ca49e12b6c586a0ef2,1
f2d870f3d58f413b5c5fc6f0e048cd3f,F00607,f2d870f3d58f413b5c5fc6f0e048cd3f,1
f33d2d5c2025453a7f41e09fd05491ca,F00608,f33d2d5c2025453a7f41e09fd05491ca,1
f3e4ffeeb92d12e2b4b1b1c0b68d45e5,F00609,f3e4ffeeb92d12e2b4b1b1c0b68d45e5,1
f578ba4e07c7859f48a6f42c53f29c09,F00610,f578ba4e07c7859f48a6f42c53f29c09,1
f634e9699531ccb1ca3f27abd0c4e7a1,F00611,f634e9699531ccb1ca3f27abd0c4e7a1,1
f75934c3bd3bcbb910ac512c500c8a40,F00612,f75934c3bd3bcbb910ac512c500c8a40,1
f7cd9351974a8b6c99d6f91a74423c14,F00613,f7cd9351974a8b6c99d6f91a74423c14,1
f87339deffc2c642a1bae6d833b8a007,F00614,f87339deffc2c642a1bae6d833b8a007,1
f88005bf1eb63d3182d47c071d91e0e7,F00615,f88005bf1eb63d3182d47c071d91e0e7,1
f89c33627286641b52e39fcb76834ede,F00616,f89c33627286641b52e39fcb76834ede,1
f91ad3356c788d31d4c13d44384668e2,F00617,f91ad3356c788d31d4c13d44384668e2,1
fa0d161d8ace2e36f1494ebf2c2b2fa9,F00618,fa0d161d8ace2e36f1494ebf2c2b2fa9,1
fb17c1f7ee045d8234e151ce230e2ad3,F00619,fb17c1f7ee045d8234e151ce230e2ad3,1
fb839e4738eb146439c7ca93239968b2,F00620,fb839e4738eb146439c7ca93239968b2,1
fbef5593b7293242812ccfc8c583f94e,F00621,fbef5593b7293242812ccfc8c583f94e,1
fcaa4b4b9d9e63b7cca3764a49fe09d6,F00622,fcaa4b4b9d9e63b7cca3764a49fe09d6,1
fd7826a4efb4c9f432a39fdcea69c3f3,F00623,fd7826a4efb4c9f432a39fdcea69c3f3,1
fd94cb77c16e55867e0c9ad61735474f,F00624,fd94cb77c16e55867e0c9ad61735474f,1
fe2b813cbebe4e8baf75cd3b6d3e7edd,F00625,fe2b813cbebe4e8baf75cd3b6d3e7edd,1
fe40d324f1b22304dfbc63169c915e2e,F00626,fe40d324f1b22304dfbc63169c915e2e,1
fe815e3ceddbd10860d2de6dc7e07f64,F00627,fe815e3ceddbd10860d2de6dc7e07f64,1
fee4a710927d884e4b931b1868e3283b,F00628,fee4a710927d884e4b931b1868e3283b,1
ff233af6b0b4a7f656e61c3e4ce55565,F00629,ff233af6b0b4a7f656e61c3e4ce55565,1
