Model,target,feature,importance,domain,taxonomic_level
RandomForest,warning_acid_base_balance,BAC_C::ABY1,0.0,Bacteria,Class
RandomForest,warning_acid_base_balance,BAC_C::Acetothermiia,0.0,Bacteria,Class
RandomForest,warning_acid_base_balance,BAC_C::Acidimicrobiia,0.0111416511010901,Bacteria,Class
RandomForest,warning_acid_base_balance,BAC_C::Acidobacteriae,0.0,Bacteria,Class
RandomForest,warning_acid_base_balance,BAC_C::Actinobacteria,0.0061105535900397,Bacteria,Class
RandomForest,warning_acid_base_balance,BAC_C::Alphaproteobacteria,0.0146643437976838,Bacteria,Class
RandomForest,warning_acid_base_balance,BAC_C::Aminicenantia,0.0063763335264843,Bacteria,Class
RandomForest,warning_acid_base_balance,BAC_C::Anaerolineae,0.0167707762864525,Bacteria,Class
RandomForest,warning_acid_base_balance,BAC_C::BRH-c20a,0.0,Bacteria,Class
RandomForest,warning_acid_base_balance,BAC_C::Babeliae,0.0027518259083633,Bacteria,Class
RandomForest,warning_acid_base_balance,BAC_C::Bacilli,0.0292879551295718,Bacteria,Class
RandomForest,warning_acid_base_balance,BAC_C::Bacteroidia,0.0130922305501999,Bacteria,Class
RandomForest,warning_acid_base_balance,BAC_C::Bdellovibrionia,0.0,Bacteria,Class
RandomForest,warning_acid_base_balance,BAC_C::Blastocatellia,0.0025485852816445,Bacteria,Class
RandomForest,warning_acid_base_balance,BAC_C::Brachyspirae,0.0009834427470652,Bacteria,Class
RandomForest,warning_acid_base_balance,BAC_C::CK-2C2-2,0.0,Bacteria,Class
RandomForest,warning_acid_base_balance,BAC_C::Caldatribacteriia,0.0038260442053497,Bacteria,Class
RandomForest,warning_acid_base_balance,BAC_C::Caldisericia,0.0431424128716175,Bacteria,Class
RandomForest,warning_acid_base_balance,BAC_C::Campylobacteria,0.0,Bacteria,Class
RandomForest,warning_acid_base_balance,BAC_C::Chlamydiae,4.332957615626465e-17,Bacteria,Class
RandomForest,warning_acid_base_balance,BAC_C::Chthonomonadetes,4.0816036529248085e-17,Bacteria,Class
RandomForest,warning_acid_base_balance,BAC_C::Cloacimonadia,0.0432639867515625,Bacteria,Class
RandomForest,warning_acid_base_balance,BAC_C::Clostridia,0.0202392378203704,Bacteria,Class
RandomForest,warning_acid_base_balance,BAC_C::Coprothermobacteria,0.0,Bacteria,Class
RandomForest,warning_acid_base_balance,BAC_C::Coriobacteriia,0.0021343508658688,Bacteria,Class
RandomForest,warning_acid_base_balance,BAC_C::D8A-2,0.005707214281008,Bacteria,Class
RandomForest,warning_acid_base_balance,BAC_C::Deinococci,0.0,Bacteria,Class
RandomForest,warning_acid_base_balance,BAC_C::Desulfitobacteriia,0.0,Bacteria,Class
RandomForest,warning_acid_base_balance,BAC_C::Desulfobulbia,0.0012417854254924,Bacteria,Class
RandomForest,warning_acid_base_balance,BAC_C::Desulfotomaculia,0.0083071277066456,Bacteria,Class
RandomForest,warning_acid_base_balance,BAC_C::Desulfovibrionia,0.0047219959188196,Bacteria,Class
RandomForest,warning_acid_base_balance,BAC_C::Desulfuromonadia,0.0,Bacteria,Class
RandomForest,warning_acid_base_balance,BAC_C::Dethiobacteria,0.0195101711599592,Bacteria,Class
RandomForest,warning_acid_base_balance,BAC_C::Endomicrobia,1.3407014112867945e-18,Bacteria,Class
RandomForest,warning_acid_base_balance,BAC_C::Fermentibacteria,0.0,Bacteria,Class
RandomForest,warning_acid_base_balance,BAC_C::Fibrobacteria,0.0028469377168163,Bacteria,Class
RandomForest,warning_acid_base_balance,BAC_C::Fimbriimonadia,1.7351493619965857e-17,Bacteria,Class
RandomForest,warning_acid_base_balance,BAC_C::Fusobacteriia,0.0,Bacteria,Class
RandomForest,warning_acid_base_balance,BAC_C::Gammaproteobacteria,0.0068079144767833,Bacteria,Class
RandomForest,warning_acid_base_balance,BAC_C::Gemmatimonadetes,7.494047581380793e-18,Bacteria,Class
RandomForest,warning_acid_base_balance,BAC_C::Gracilibacteria,0.0051268862211882,Bacteria,Class
RandomForest,warning_acid_base_balance,BAC_C::Halanaerobiia,0.0,Bacteria,Class
RandomForest,warning_acid_base_balance,BAC_C::Holophagae,0.0006127233978039,Bacteria,Class
RandomForest,warning_acid_base_balance,BAC_C::Hydrogenedentia,0.0125818094090312,Bacteria,Class
RandomForest,warning_acid_base_balance,BAC_C::Hydrothermae,0.0,Bacteria,Class
RandomForest,warning_acid_base_balance,BAC_C::Ignavibacteria,1.0860147582826077e-17,Bacteria,Class
RandomForest,warning_acid_base_balance,BAC_C::Incertae_Sedis,0.0133005703360714,Bacteria,Class
RandomForest,warning_acid_base_balance,BAC_C::JS1,0.0045500237144217,Bacteria,Class
RandomForest,warning_acid_base_balance,BAC_C::Kapabacteria,0.0021879931066194,Bacteria,Class
RandomForest,warning_acid_base_balance,BAC_C::Kiritimatiellae,0.0076550165053044,Bacteria,Class
RandomForest,warning_acid_base_balance,BAC_C::Lentisphaeria,0.0012731804274552,Bacteria,Class
RandomForest,warning_acid_base_balance,BAC_C::Leptospirae,0.0251954208028493,Bacteria,Class
RandomForest,warning_acid_base_balance,BAC_C::Limnochordia,0.0250130819605133,Bacteria,Class
RandomForest,warning_acid_base_balance,BAC_C::MVP-15,0.0107260900853277,Bacteria,Class
RandomForest,warning_acid_base_balance,BAC_C::Marinimicrobia_(SAR406_clade),0.0015236409166188,Bacteria,Class
RandomForest,warning_acid_base_balance,BAC_C::Microgenomatia,0.0,Bacteria,Class
RandomForest,warning_acid_base_balance,BAC_C::Moorellia,0.0,Bacteria,Class
RandomForest,warning_acid_base_balance,BAC_C::Myxococcia,0.0,Bacteria,Class
RandomForest,warning_acid_base_balance,BAC_C::NKB15,0.0,Bacteria,Class
RandomForest,warning_acid_base_balance,BAC_C::Negativicutes,0.0036569707964643,Bacteria,Class
RandomForest,warning_acid_base_balance,BAC_C::Nitrospiria,0.0,Bacteria,Class
RandomForest,warning_acid_base_balance,BAC_C::OLB14,0.0,Bacteria,Class
RandomForest,warning_acid_base_balance,BAC_C::Oligoflexia,0.0063473140904497,Bacteria,Class
RandomForest,warning_acid_base_balance,BAC_C::Omnitrophia,0.0,Bacteria,Class
RandomForest,warning_acid_base_balance,BAC_C::Parcubacteria,9.549906357039246e-18,Bacteria,Class
RandomForest,warning_acid_base_balance,BAC_C::Phycisphaerae,0.0011280530809781,Bacteria,Class
RandomForest,warning_acid_base_balance,BAC_C::Pla3_lineage,0.0,Bacteria,Class
RandomForest,warning_acid_base_balance,BAC_C::Planctomycetes,0.0308888326105442,Bacteria,Class
RandomForest,warning_acid_base_balance,BAC_C::Polyangia,0.0,Bacteria,Class
RandomForest,warning_acid_base_balance,BAC_C::RBG-16-55-12,0.0,Bacteria,Class
RandomForest,warning_acid_base_balance,BAC_C::SJA-28,0.0133280243323464,Bacteria,Class
RandomForest,warning_acid_base_balance,BAC_C::Saccharimonadia,1.6910380851842304e-18,Bacteria,Class
RandomForest,warning_acid_base_balance,BAC_C::Spirochaetia,0.0698689334213536,Bacteria,Class
RandomForest,warning_acid_base_balance,BAC_C::Sumerlaeia,0.0,Bacteria,Class
RandomForest,warning_acid_base_balance,BAC_C::Sva0485,0.0,Bacteria,Class
RandomForest,warning_acid_base_balance,BAC_C::Symbiobacteriia,0.0,Bacteria,Class
RandomForest,warning_acid_base_balance,BAC_C::Synergistia,0.0133078160949622,Bacteria,Class
RandomForest,warning_acid_base_balance,BAC_C::Syntrophia,0.0081324749942352,Bacteria,Class
RandomForest,warning_acid_base_balance,BAC_C::Syntrophobacteria,3.9628623372695167e-17,Bacteria,Class
RandomForest,warning_acid_base_balance,BAC_C::Syntrophomonadia,0.0047545433745089,Bacteria,Class
RandomForest,warning_acid_base_balance,BAC_C::Syntrophorhabdia,0.0131950531941878,Bacteria,Class
RandomForest,warning_acid_base_balance,BAC_C::TA06,0.0,Bacteria,Class
RandomForest,warning_acid_base_balance,BAC_C::Thermacetogenia,0.0188638597785906,Bacteria,Class
RandomForest,warning_acid_base_balance,BAC_C::Thermoanaerobacteria,0.0008686743873012,Bacteria,Class
RandomForest,warning_acid_base_balance,BAC_C::Thermoanaerobaculia,0.0016138367514072,Bacteria,Class
RandomForest,warning_acid_base_balance,BAC_C::Thermoleophilia,0.0105380442658717,Bacteria,Class
RandomForest,warning_acid_base_balance,BAC_C::Thermotogae,0.0309943848591068,Bacteria,Class
RandomForest,warning_acid_base_balance,BAC_C::Thermovenabulia,0.0060537987063683,Bacteria,Class
RandomForest,warning_acid_base_balance,BAC_C::Vampirivibrionia,0.0,Bacteria,Class
RandomForest,warning_acid_base_balance,BAC_C::Verrucomicrobiae,0.046764549016096,Bacteria,Class
RandomForest,warning_acid_base_balance,BAC_C::Vicinamibacteria,0.0,Bacteria,Class
RandomForest,warning_acid_base_balance,BAC_C::WCHB1-81,0.0008887987514551,Bacteria,Class
RandomForest,warning_acid_base_balance,BAC_C::WPS-2,0.0,Bacteria,Class
RandomForest,warning_acid_base_balance,BAC_C::WS1,0.0085100750174934,Bacteria,Class
RandomForest,warning_acid_base_balance,BAC_C::WWE3,0.0,Bacteria,Class
RandomForest,warning_acid_base_balance,BAC_C::Zixibacteria,0.0,Bacteria,Class
RandomForest,warning_acid_base_balance,BAC_C::c5LKS83,0.0,Bacteria,Class
RandomForest,warning_acid_base_balance,BAC_C::unidentified,0.0725151966253444,Bacteria,Class
RandomForest,warning_acid_base_balance,ARC_C::Actinopterygii,0.0,Archaea,Class
RandomForest,warning_acid_base_balance,ARC_C::Aenigmarchaeia,0.0,Archaea,Class
RandomForest,warning_acid_base_balance,ARC_C::Bathyarchaeia,0.0036913091071071,Archaea,Class
RandomForest,warning_acid_base_balance,ARC_C::Bivalvia,0.0,Archaea,Class
RandomForest,warning_acid_base_balance,ARC_C::Ichthyosporea,0.0,Archaea,Class
RandomForest,warning_acid_base_balance,ARC_C::Lokiarchaeia,0.0,Archaea,Class
RandomForest,warning_acid_base_balance,ARC_C::Methanomethylicia,9.7597978821257e-18,Archaea,Class
RandomForest,warning_acid_base_balance,ARC_C::Methanomicrobia,0.0875825779214005,Archaea,Class
RandomForest,warning_acid_base_balance,ARC_C::Methanosarcinia,0.0718720541252767,Archaea,Class
RandomForest,warning_acid_base_balance,ARC_C::Micrarchaeia,0.0,Archaea,Class
RandomForest,warning_acid_base_balance,ARC_C::Nanoarchaeia,0.0299144339340378,Archaea,Class
RandomForest,warning_acid_base_balance,ARC_C::Nitrososphaeria,0.0,Archaea,Class
RandomForest,warning_acid_base_balance,ARC_C::Thermococci,0.026375973561411,Archaea,Class
RandomForest,warning_acid_base_balance,ARC_C::Thermoplasmata,0.0152569296790881,Archaea,Class
RandomForest,warning_acid_base_balance,ARC_C::unidentified,0.0278641735205179,Archaea,Class
RandomForest,warning_buffer_capacity,BAC_C::ABY1,0.0,Bacteria,Class
RandomForest,warning_buffer_capacity,BAC_C::Acetothermiia,0.0,Bacteria,Class
RandomForest,warning_buffer_capacity,BAC_C::Acidimicrobiia,0.0122134592425497,Bacteria,Class
RandomForest,warning_buffer_capacity,BAC_C::Acidobacteriae,0.0,Bacteria,Class
RandomForest,warning_buffer_capacity,BAC_C::Actinobacteria,0.0238212706487203,Bacteria,Class
RandomForest,warning_buffer_capacity,BAC_C::Alphaproteobacteria,0.0460393200105828,Bacteria,Class
RandomForest,warning_buffer_capacity,BAC_C::Aminicenantia,0.006199713504099,Bacteria,Class
RandomForest,warning_buffer_capacity,BAC_C::Anaerolineae,0.0094587729726426,Bacteria,Class
RandomForest,warning_buffer_capacity,BAC_C::BRH-c20a,0.0,Bacteria,Class
RandomForest,warning_buffer_capacity,BAC_C::Babeliae,0.0008815139088346,Bacteria,Class
RandomForest,warning_buffer_capacity,BAC_C::Bacilli,0.0297040423294877,Bacteria,Class
RandomForest,warning_buffer_capacity,BAC_C::Bacteroidia,0.0193480514495324,Bacteria,Class
RandomForest,warning_buffer_capacity,BAC_C::Bdellovibrionia,0.0,Bacteria,Class
RandomForest,warning_buffer_capacity,BAC_C::Blastocatellia,0.0074054491187147,Bacteria,Class
RandomForest,warning_buffer_capacity,BAC_C::Brachyspirae,0.0045794442687216,Bacteria,Class
RandomForest,warning_buffer_capacity,BAC_C::CK-2C2-2,0.0043843441646575,Bacteria,Class
RandomForest,warning_buffer_capacity,BAC_C::Caldatribacteriia,0.0577755483143406,Bacteria,Class
RandomForest,warning_buffer_capacity,BAC_C::Caldisericia,0.0074746371328774,Bacteria,Class
RandomForest,warning_buffer_capacity,BAC_C::Campylobacteria,0.000826162342788,Bacteria,Class
RandomForest,warning_buffer_capacity,BAC_C::Chlamydiae,0.0,Bacteria,Class
RandomForest,warning_buffer_capacity,BAC_C::Chthonomonadetes,0.0190560946157847,Bacteria,Class
RandomForest,warning_buffer_capacity,BAC_C::Cloacimonadia,0.0165280190925826,Bacteria,Class
RandomForest,warning_buffer_capacity,BAC_C::Clostridia,0.0305046433306735,Bacteria,Class
RandomForest,warning_buffer_capacity,BAC_C::Coprothermobacteria,0.0,Bacteria,Class
RandomForest,warning_buffer_capacity,BAC_C::Coriobacteriia,0.0103302148940132,Bacteria,Class
RandomForest,warning_buffer_capacity,BAC_C::D8A-2,0.0243903307254164,Bacteria,Class
RandomForest,warning_buffer_capacity,BAC_C::Deinococci,0.0,Bacteria,Class
RandomForest,warning_buffer_capacity,BAC_C::Desulfitobacteriia,0.0,Bacteria,Class
RandomForest,warning_buffer_capacity,BAC_C::Desulfobulbia,0.0014120842639865,Bacteria,Class
RandomForest,warning_buffer_capacity,BAC_C::Desulfotomaculia,0.0060086613287255,Bacteria,Class
RandomForest,warning_buffer_capacity,BAC_C::Desulfovibrionia,0.0072007186642907,Bacteria,Class
RandomForest,warning_buffer_capacity,BAC_C::Desulfuromonadia,0.0020680153747515,Bacteria,Class
RandomForest,warning_buffer_capacity,BAC_C::Dethiobacteria,0.0279691293401545,Bacteria,Class
RandomForest,warning_buffer_capacity,BAC_C::Endomicrobia,0.0,Bacteria,Class
RandomForest,warning_buffer_capacity,BAC_C::Fermentibacteria,0.0008125923810168,Bacteria,Class
RandomForest,warning_buffer_capacity,BAC_C::Fibrobacteria,0.0079922262491552,Bacteria,Class
RandomForest,warning_buffer_capacity,BAC_C::Fimbriimonadia,0.0,Bacteria,Class
RandomForest,warning_buffer_capacity,BAC_C::Fusobacteriia,0.0009709848466197,Bacteria,Class
RandomForest,warning_buffer_capacity,BAC_C::Gammaproteobacteria,0.011329874179333,Bacteria,Class
RandomForest,warning_buffer_capacity,BAC_C::Gemmatimonadetes,0.0,Bacteria,Class
RandomForest,warning_buffer_capacity,BAC_C::Gracilibacteria,0.0007984150949479,Bacteria,Class
RandomForest,warning_buffer_capacity,BAC_C::Halanaerobiia,0.0,Bacteria,Class
RandomForest,warning_buffer_capacity,BAC_C::Holophagae,0.0033852102036999,Bacteria,Class
RandomForest,warning_buffer_capacity,BAC_C::Hydrogenedentia,0.0065140871895931,Bacteria,Class
RandomForest,warning_buffer_capacity,BAC_C::Hydrothermae,0.0,Bacteria,Class
RandomForest,warning_buffer_capacity,BAC_C::Ignavibacteria,0.0040752916104192,Bacteria,Class
RandomForest,warning_buffer_capacity,BAC_C::Incertae_Sedis,0.0304973111353376,Bacteria,Class
RandomForest,warning_buffer_capacity,BAC_C::JS1,0.03609434790038,Bacteria,Class
RandomForest,warning_buffer_capacity,BAC_C::Kapabacteria,0.0025746354394067,Bacteria,Class
RandomForest,warning_buffer_capacity,BAC_C::Kiritimatiellae,0.054451664635301,Bacteria,Class
RandomForest,warning_buffer_capacity,BAC_C::Lentisphaeria,0.0,Bacteria,Class
RandomForest,warning_buffer_capacity,BAC_C::Leptospirae,0.0083369050989015,Bacteria,Class
RandomForest,warning_buffer_capacity,BAC_C::Limnochordia,0.0252843057000436,Bacteria,Class
RandomForest,warning_buffer_capacity,BAC_C::MVP-15,0.0034738813946989,Bacteria,Class
RandomForest,warning_buffer_capacity,BAC_C::Marinimicrobia_(SAR406_clade),0.028045376541542,Bacteria,Class
RandomForest,warning_buffer_capacity,BAC_C::Microgenomatia,0.0,Bacteria,Class
RandomForest,warning_buffer_capacity,BAC_C::Moorellia,0.0,Bacteria,Class
RandomForest,warning_buffer_capacity,BAC_C::Myxococcia,0.0,Bacteria,Class
RandomForest,warning_buffer_capacity,BAC_C::NKB15,0.0,Bacteria,Class
RandomForest,warning_buffer_capacity,BAC_C::Negativicutes,0.0308626526564501,Bacteria,Class
RandomForest,warning_buffer_capacity,BAC_C::Nitrospiria,0.0,Bacteria,Class
RandomForest,warning_buffer_capacity,BAC_C::OLB14,0.0,Bacteria,Class
RandomForest,warning_buffer_capacity,BAC_C::Oligoflexia,0.0,Bacteria,Class
RandomForest,warning_buffer_capacity,BAC_C::Omnitrophia,0.0,Bacteria,Class
RandomForest,warning_buffer_capacity,BAC_C::Parcubacteria,0.0,Bacteria,Class
RandomForest,warning_buffer_capacity,BAC_C::Phycisphaerae,0.0,Bacteria,Class
RandomForest,warning_buffer_capacity,BAC_C::Pla3_lineage,0.0,Bacteria,Class
RandomForest,warning_buffer_capacity,BAC_C::Planctomycetes,0.007036823419503,Bacteria,Class
RandomForest,warning_buffer_capacity,BAC_C::Polyangia,0.0,Bacteria,Class
RandomForest,warning_buffer_capacity,BAC_C::RBG-16-55-12,0.0,Bacteria,Class
RandomForest,warning_buffer_capacity,BAC_C::SJA-28,0.0104119977082854,Bacteria,Class
RandomForest,warning_buffer_capacity,BAC_C::Saccharimonadia,0.0009323701410388,Bacteria,Class
RandomForest,warning_buffer_capacity,BAC_C::Spirochaetia,0.0683887886868822,Bacteria,Class
RandomForest,warning_buffer_capacity,BAC_C::Sumerlaeia,0.0005680736811403,Bacteria,Class
RandomForest,warning_buffer_capacity,BAC_C::Sva0485,0.0,Bacteria,Class
RandomForest,warning_buffer_capacity,BAC_C::Symbiobacteriia,0.0,Bacteria,Class
RandomForest,warning_buffer_capacity,BAC_C::Synergistia,0.0301347697844431,Bacteria,Class
RandomForest,warning_buffer_capacity,BAC_C::Syntrophia,0.0064381110329666,Bacteria,Class
RandomForest,warning_buffer_capacity,BAC_C::Syntrophobacteria,0.0012311591350318,Bacteria,Class
RandomForest,warning_buffer_capacity,BAC_C::Syntrophomonadia,0.0132804319249657,Bacteria,Class
RandomForest,warning_buffer_capacity,BAC_C::Syntrophorhabdia,0.0049243943611426,Bacteria,Class
RandomForest,warning_buffer_capacity,BAC_C::TA06,0.0,Bacteria,Class
RandomForest,warning_buffer_capacity,BAC_C::Thermacetogenia,0.0017949085766505,Bacteria,Class
RandomForest,warning_buffer_capacity,BAC_C::Thermoanaerobacteria,0.0033570101185766,Bacteria,Class
RandomForest,warning_buffer_capacity,BAC_C::Thermoanaerobaculia,0.0024603501427459,Bacteria,Class
RandomForest,warning_buffer_capacity,BAC_C::Thermoleophilia,0.0020201451222841,Bacteria,Class
RandomForest,warning_buffer_capacity,BAC_C::Thermotogae,0.0420361280656719,Bacteria,Class
RandomForest,warning_buffer_capacity,BAC_C::Thermovenabulia,0.0023347040647381,Bacteria,Class
RandomForest,warning_buffer_capacity,BAC_C::Vampirivibrionia,0.0,Bacteria,Class
RandomForest,warning_buffer_capacity,BAC_C::Verrucomicrobiae,0.0070268107061704,Bacteria,Class
RandomForest,warning_buffer_capacity,BAC_C::Vicinamibacteria,0.0,Bacteria,Class
RandomForest,warning_buffer_capacity,BAC_C::WCHB1-81,0.0012820139030523,Bacteria,Class
RandomForest,warning_buffer_capacity,BAC_C::WPS-2,0.0,Bacteria,Class
RandomForest,warning_buffer_capacity,BAC_C::WS1,0.0037562511091725,Bacteria,Class
RandomForest,warning_buffer_capacity,BAC_C::WWE3,0.0,Bacteria,Class
RandomForest,warning_buffer_capacity,BAC_C::Zixibacteria,0.0,Bacteria,Class
RandomForest,warning_buffer_capacity,BAC_C::c5LKS83,0.0,Bacteria,Class
RandomForest,warning_buffer_capacity,BAC_C::unidentified,0.0164614080698241,Bacteria,Class
RandomForest,warning_buffer_capacity,ARC_C::Actinopterygii,0.0,Archaea,Class
RandomForest,warning_buffer_capacity,ARC_C::Aenigmarchaeia,0.0,Archaea,Class
RandomForest,warning_buffer_capacity,ARC_C::Bathyarchaeia,0.0032454612654276,Archaea,Class
RandomForest,warning_buffer_capacity,ARC_C::Bivalvia,0.0,Archaea,Class
RandomForest,warning_buffer_capacity,ARC_C::Ichthyosporea,0.0,Archaea,Class
RandomForest,warning_buffer_capacity,ARC_C::Lokiarchaeia,0.0,Archaea,Class
RandomForest,warning_buffer_capacity,ARC_C::Methanomethylicia,0.0108163415783325,Archaea,Class
RandomForest,warning_buffer_capacity,ARC_C::Methanomicrobia,0.021395394652563,Archaea,Class
RandomForest,warning_buffer_capacity,ARC_C::Methanosarcinia,0.0275925120848858,Archaea,Class
RandomForest,warning_buffer_capacity,ARC_C::Micrarchaeia,1.1795447230836077e-17,Archaea,Class
RandomForest,warning_buffer_capacity,ARC_C::Nanoarchaeia,0.0029013962825828,Archaea,Class
RandomForest,warning_buffer_capacity,ARC_C::Nitrososphaeria,0.0,Archaea,Class
RandomForest,warning_buffer_capacity,ARC_C::Thermococci,0.0098959904691898,Archaea,Class
RandomForest,warning_buffer_capacity,ARC_C::Thermoplasmata,0.051589057737865,Archaea,Class
RandomForest,warning_buffer_capacity,ARC_C::unidentified,0.01560779287909,Archaea,Class
RandomForest,warning_acid_accumulation,BAC_C::ABY1,0.0,Bacteria,Class
RandomForest,warning_acid_accumulation,BAC_C::Acetothermiia,0.0,Bacteria,Class
RandomForest,warning_acid_accumulation,BAC_C::Acidimicrobiia,0.0057282228466819,Bacteria,Class
RandomForest,warning_acid_accumulation,BAC_C::Acidobacteriae,1.8165867606569345e-17,Bacteria,Class
RandomForest,warning_acid_accumulation,BAC_C::Actinobacteria,0.0045962985910473,Bacteria,Class
RandomForest,warning_acid_accumulation,BAC_C::Alphaproteobacteria,0.0244010863748971,Bacteria,Class
RandomForest,warning_acid_accumulation,BAC_C::Aminicenantia,0.002599278432595,Bacteria,Class
RandomForest,warning_acid_accumulation,BAC_C::Anaerolineae,0.0516230565999485,Bacteria,Class
RandomForest,warning_acid_accumulation,BAC_C::BRH-c20a,0.0,Bacteria,Class
RandomForest,warning_acid_accumulation,BAC_C::Babeliae,1.6833570579980853e-17,Bacteria,Class
RandomForest,warning_acid_accumulation,BAC_C::Bacilli,0.061267439786037,Bacteria,Class
RandomForest,warning_acid_accumulation,BAC_C::Bacteroidia,0.1280470445582416,Bacteria,Class
RandomForest,warning_acid_accumulation,BAC_C::Bdellovibrionia,0.0,Bacteria,Class
RandomForest,warning_acid_accumulation,BAC_C::Blastocatellia,0.0,Bacteria,Class
RandomForest,warning_acid_accumulation,BAC_C::Brachyspirae,1.5187038518148193e-17,Bacteria,Class
RandomForest,warning_acid_accumulation,BAC_C::CK-2C2-2,0.0,Bacteria,Class
RandomForest,warning_acid_accumulation,BAC_C::Caldatribacteriia,0.0267793306559699,Bacteria,Class
RandomForest,warning_acid_accumulation,BAC_C::Caldisericia,0.0030677618313536,Bacteria,Class
RandomForest,warning_acid_accumulation,BAC_C::Campylobacteria,2.4081683056320657e-17,Bacteria,Class
RandomForest,warning_acid_accumulation,BAC_C::Chlamydiae,0.0,Bacteria,Class
RandomForest,warning_acid_accumulation,BAC_C::Chthonomonadetes,1.046801708617562e-17,Bacteria,Class
RandomForest,warning_acid_accumulation,BAC_C::Cloacimonadia,0.0723083684617128,Bacteria,Class
RandomForest,warning_acid_accumulation,BAC_C::Clostridia,0.0163600627735809,Bacteria,Class
RandomForest,warning_acid_accumulation,BAC_C::Coprothermobacteria,0.0,Bacteria,Class
RandomForest,warning_acid_accumulation,BAC_C::Coriobacteriia,0.0030436062674987,Bacteria,Class
RandomForest,warning_acid_accumulation,BAC_C::D8A-2,0.0192148251756964,Bacteria,Class
RandomForest,warning_acid_accumulation,BAC_C::Deinococci,0.0,Bacteria,Class
RandomForest,warning_acid_accumulation,BAC_C::Desulfitobacteriia,0.0,Bacteria,Class
RandomForest,warning_acid_accumulation,BAC_C::Desulfobulbia,0.0014557574926146,Bacteria,Class
RandomForest,warning_acid_accumulation,BAC_C::Desulfotomaculia,0.0195671354166616,Bacteria,Class
RandomForest,warning_acid_accumulation,BAC_C::Desulfovibrionia,0.0011243525134146,Bacteria,Class
RandomForest,warning_acid_accumulation,BAC_C::Desulfuromonadia,0.0,Bacteria,Class
RandomForest,warning_acid_accumulation,BAC_C::Dethiobacteria,0.0053723179111846,Bacteria,Class
RandomForest,warning_acid_accumulation,BAC_C::Endomicrobia,0.0,Bacteria,Class
RandomForest,warning_acid_accumulation,BAC_C::Fermentibacteria,0.0,Bacteria,Class
RandomForest,warning_acid_accumulation,BAC_C::Fibrobacteria,4.2017368773771826e-17,Bacteria,Class
RandomForest,warning_acid_accumulation,BAC_C::Fimbriimonadia,0.0,Bacteria,Class
RandomForest,warning_acid_accumulation,BAC_C::Fusobacteriia,2.3455600803395578e-17,Bacteria,Class
RandomForest,warning_acid_accumulation,BAC_C::Gammaproteobacteria,0.0236685037632425,Bacteria,Class
RandomForest,warning_acid_accumulation,BAC_C::Gemmatimonadetes,3.6372824679613465e-17,Bacteria,Class
RandomForest,warning_acid_accumulation,BAC_C::Gracilibacteria,0.0042084562617566,Bacteria,Class
RandomForest,warning_acid_accumulation,BAC_C::Halanaerobiia,0.0,Bacteria,Class
RandomForest,warning_acid_accumulation,BAC_C::Holophagae,1.1295242685249514e-17,Bacteria,Class
RandomForest,warning_acid_accumulation,BAC_C::Hydrogenedentia,0.0051480358968082,Bacteria,Class
RandomForest,warning_acid_accumulation,BAC_C::Hydrothermae,0.0,Bacteria,Class
RandomForest,warning_acid_accumulation,BAC_C::Ignavibacteria,0.0,Bacteria,Class
RandomForest,warning_acid_accumulation,BAC_C::Incertae_Sedis,0.0301859781785244,Bacteria,Class
RandomForest,warning_acid_accumulation,BAC_C::JS1,0.0154249001938154,Bacteria,Class
RandomForest,warning_acid_accumulation,BAC_C::Kapabacteria,0.004049801361706,Bacteria,Class
RandomForest,warning_acid_accumulation,BAC_C::Kiritimatiellae,0.011394277065683,Bacteria,Class
RandomForest,warning_acid_accumulation,BAC_C::Lentisphaeria,3.78142914833204e-06,Bacteria,Class
RandomForest,warning_acid_accumulation,BAC_C::Leptospirae,0.0067926910147599,Bacteria,Class
RandomForest,warning_acid_accumulation,BAC_C::Limnochordia,0.0133888258122605,Bacteria,Class
RandomForest,warning_acid_accumulation,BAC_C::MVP-15,0.0012375605189347,Bacteria,Class
RandomForest,warning_acid_accumulation,BAC_C::Marinimicrobia_(SAR406_clade),0.0,Bacteria,Class
RandomForest,warning_acid_accumulation,BAC_C::Microgenomatia,0.0,Bacteria,Class
RandomForest,warning_acid_accumulation,BAC_C::Moorellia,0.0,Bacteria,Class
RandomForest,warning_acid_accumulation,BAC_C::Myxococcia,0.0,Bacteria,Class
RandomForest,warning_acid_accumulation,BAC_C::NKB15,0.0,Bacteria,Class
RandomForest,warning_acid_accumulation,BAC_C::Negativicutes,0.0234592862715235,Bacteria,Class
RandomForest,warning_acid_accumulation,BAC_C::Nitrospiria,6.5498142829334174e-18,Bacteria,Class
RandomForest,warning_acid_accumulation,BAC_C::OLB14,0.0,Bacteria,Class
RandomForest,warning_acid_accumulation,BAC_C::Oligoflexia,5.5742669319003255e-18,Bacteria,Class
RandomForest,warning_acid_accumulation,BAC_C::Omnitrophia,0.0,Bacteria,Class
RandomForest,warning_acid_accumulation,BAC_C::Parcubacteria,1.2540354404829565e-17,Bacteria,Class
RandomForest,warning_acid_accumulation,BAC_C::Phycisphaerae,0.0,Bacteria,Class
RandomForest,warning_acid_accumulation,BAC_C::Pla3_lineage,0.0,Bacteria,Class
RandomForest,warning_acid_accumulation,BAC_C::Planctomycetes,0.0148304383419462,Bacteria,Class
RandomForest,warning_acid_accumulation,BAC_C::Polyangia,0.0,Bacteria,Class
RandomForest,warning_acid_accumulation,BAC_C::RBG-16-55-12,0.0,Bacteria,Class
RandomForest,warning_acid_accumulation,BAC_C::SJA-28,0.0,Bacteria,Class
RandomForest,warning_acid_accumulation,BAC_C::Saccharimonadia,0.0,Bacteria,Class
RandomForest,warning_acid_accumulation,BAC_C::Spirochaetia,0.0313140164667721,Bacteria,Class
RandomForest,warning_acid_accumulation,BAC_C::Sumerlaeia,0.0,Bacteria,Class
RandomForest,warning_acid_accumulation,BAC_C::Sva0485,0.0,Bacteria,Class
RandomForest,warning_acid_accumulation,BAC_C::Symbiobacteriia,0.0,Bacteria,Class
RandomForest,warning_acid_accumulation,BAC_C::Synergistia,0.0238145142275459,Bacteria,Class
RandomForest,warning_acid_accumulation,BAC_C::Syntrophia,0.026197017372226,Bacteria,Class
RandomForest,warning_acid_accumulation,BAC_C::Syntrophobacteria,2.0618453253790397e-17,Bacteria,Class
RandomForest,warning_acid_accumulation,BAC_C::Syntrophomonadia,0.0089219286876452,Bacteria,Class
RandomForest,warning_acid_accumulation,BAC_C::Syntrophorhabdia,0.0087357993797484,Bacteria,Class
RandomForest,warning_acid_accumulation,BAC_C::TA06,0.0,Bacteria,Class
RandomForest,warning_acid_accumulation,BAC_C::Thermacetogenia,0.0015518367352537,Bacteria,Class
RandomForest,warning_acid_accumulation,BAC_C::Thermoanaerobacteria,0.017103324638142,Bacteria,Class
RandomForest,warning_acid_accumulation,BAC_C::Thermoanaerobaculia,0.0,Bacteria,Class
RandomForest,warning_acid_accumulation,BAC_C::Thermoleophilia,3.3399001691433304e-18,Bacteria,Class
RandomForest,warning_acid_accumulation,BAC_C::Thermotogae,0.086259685421407,Bacteria,Class
RandomForest,warning_acid_accumulation,BAC_C::Thermovenabulia,0.0050006616638985,Bacteria,Class
RandomForest,warning_acid_accumulation,BAC_C::Vampirivibrionia,0.0,Bacteria,Class
RandomForest,warning_acid_accumulation,BAC_C::Verrucomicrobiae,0.0211341184665414,Bacteria,Class
RandomForest,warning_acid_accumulation,BAC_C::Vicinamibacteria,0.0,Bacteria,Class
RandomForest,warning_acid_accumulation,BAC_C::WCHB1-81,2.8791325012260424e-17,Bacteria,Class
RandomForest,warning_acid_accumulation,BAC_C::WPS-2,0.0,Bacteria,Class
RandomForest,warning_acid_accumulation,BAC_C::WS1,0.0021656047962075,Bacteria,Class
RandomForest,warning_acid_accumulation,BAC_C::WWE3,0.0,Bacteria,Class
RandomForest,warning_acid_accumulation,BAC_C::Zixibacteria,0.0,Bacteria,Class
RandomForest,warning_acid_accumulation,BAC_C::c5LKS83,0.0,Bacteria,Class
RandomForest,warning_acid_accumulation,BAC_C::unidentified,0.020532695482752,Bacteria,Class
RandomForest,warning_acid_accumulation,ARC_C::Actinopterygii,0.0,Archaea,Class
RandomForest,warning_acid_accumulation,ARC_C::Aenigmarchaeia,0.0,Archaea,Class
RandomForest,warning_acid_accumulation,ARC_C::Bathyarchaeia,0.0029599391932095,Archaea,Class
RandomForest,warning_acid_accumulation,ARC_C::Bivalvia,0.0,Archaea,Class
RandomForest,warning_acid_accumulation,ARC_C::Ichthyosporea,0.0,Archaea,Class
RandomForest,warning_acid_accumulation,ARC_C::Lokiarchaeia,0.0,Archaea,Class
RandomForest,warning_acid_accumulation,ARC_C::Methanomethylicia,0.0,Archaea,Class
RandomForest,warning_acid_accumulation,ARC_C::Methanomicrobia,0.0225313036972597,Archaea,Class
RandomForest,warning_acid_accumulation,ARC_C::Methanosarcinia,0.0237451529373608,Archaea,Class
RandomForest,warning_acid_accumulation,ARC_C::Micrarchaeia,1.7025921107085793e-17,Archaea,Class
RandomForest,warning_acid_accumulation,ARC_C::Nanoarchaeia,4.530173763254509e-17,Archaea,Class
RandomForest,warning_acid_accumulation,ARC_C::Nitrososphaeria,0.0,Archaea,Class
RandomForest,warning_acid_accumulation,ARC_C::Thermococci,0.0455507619940208,Archaea,Class
RandomForest,warning_acid_accumulation,ARC_C::Thermoplasmata,0.0327773146492829,Archaea,Class
RandomForest,warning_acid_accumulation,ARC_C::unidentified,0.0193558423914788,Archaea,Class
RandomForest,warning_ammonia_toxicity,BAC_C::ABY1,0.0,Bacteria,Class
RandomForest,warning_ammonia_toxicity,BAC_C::Acetothermiia,0.0,Bacteria,Class
RandomForest,warning_ammonia_toxicity,BAC_C::Acidimicrobiia,0.0043751936394034,Bacteria,Class
RandomForest,warning_ammonia_toxicity,BAC_C::Acidobacteriae,7.428378305918608e-17,Bacteria,Class
RandomForest,warning_ammonia_toxicity,BAC_C::Actinobacteria,0.0091586494561535,Bacteria,Class
RandomForest,warning_ammonia_toxicity,BAC_C::Alphaproteobacteria,0.0858782872866182,Bacteria,Class
RandomForest,warning_ammonia_toxicity,BAC_C::Aminicenantia,0.0085556385232371,Bacteria,Class
RandomForest,warning_ammonia_toxicity,BAC_C::Anaerolineae,0.0571790895011341,Bacteria,Class
RandomForest,warning_ammonia_toxicity,BAC_C::BRH-c20a,0.0,Bacteria,Class
RandomForest,warning_ammonia_toxicity,BAC_C::Babeliae,0.0001869003427136,Bacteria,Class
RandomForest,warning_ammonia_toxicity,BAC_C::Bacilli,0.0101167153058421,Bacteria,Class
RandomForest,warning_ammonia_toxicity,BAC_C::Bacteroidia,0.0145507160305707,Bacteria,Class
RandomForest,warning_ammonia_toxicity,BAC_C::Bdellovibrionia,0.0,Bacteria,Class
RandomForest,warning_ammonia_toxicity,BAC_C::Blastocatellia,0.0013463648729131,Bacteria,Class
RandomForest,warning_ammonia_toxicity,BAC_C::Brachyspirae,0.0023999392571611,Bacteria,Class
RandomForest,warning_ammonia_toxicity,BAC_C::CK-2C2-2,1.6992210965075618e-17,Bacteria,Class
RandomForest,warning_ammonia_toxicity,BAC_C::Caldatribacteriia,0.0064190648173838,Bacteria,Class
RandomForest,warning_ammonia_toxicity,BAC_C::Caldisericia,0.0171355775509002,Bacteria,Class
RandomForest,warning_ammonia_toxicity,BAC_C::Campylobacteria,0.0013684238922619,Bacteria,Class
RandomForest,warning_ammonia_toxicity,BAC_C::Chlamydiae,8.478922358667664e-18,Bacteria,Class
RandomForest,warning_ammonia_toxicity,BAC_C::Chthonomonadetes,2.6759458427748485e-17,Bacteria,Class
RandomForest,warning_ammonia_toxicity,BAC_C::Cloacimonadia,0.0187495040474084,Bacteria,Class
RandomForest,warning_ammonia_toxicity,BAC_C::Clostridia,0.0945705877343427,Bacteria,Class
RandomForest,warning_ammonia_toxicity,BAC_C::Coprothermobacteria,6.617198768252819e-18,Bacteria,Class
RandomForest,warning_ammonia_toxicity,BAC_C::Coriobacteriia,0.0024596512017838,Bacteria,Class
RandomForest,warning_ammonia_toxicity,BAC_C::D8A-2,0.0195881643715926,Bacteria,Class
RandomForest,warning_ammonia_toxicity,BAC_C::Deinococci,0.0,Bacteria,Class
RandomForest,warning_ammonia_toxicity,BAC_C::Desulfitobacteriia,0.0,Bacteria,Class
RandomForest,warning_ammonia_toxicity,BAC_C::Desulfobulbia,0.0052372345329861,Bacteria,Class
RandomForest,warning_ammonia_toxicity,BAC_C::Desulfotomaculia,0.0037969252356073,Bacteria,Class
RandomForest,warning_ammonia_toxicity,BAC_C::Desulfovibrionia,0.0064158834870007,Bacteria,Class
RandomForest,warning_ammonia_toxicity,BAC_C::Desulfuromonadia,0.0009487052153892,Bacteria,Class
RandomForest,warning_ammonia_toxicity,BAC_C::Dethiobacteria,0.0121314227916266,Bacteria,Class
RandomForest,warning_ammonia_toxicity,BAC_C::Endomicrobia,0.0,Bacteria,Class
RandomForest,warning_ammonia_toxicity,BAC_C::Fermentibacteria,0.0005010661289194,Bacteria,Class
RandomForest,warning_ammonia_toxicity,BAC_C::Fibrobacteria,0.0,Bacteria,Class
RandomForest,warning_ammonia_toxicity,BAC_C::Fimbriimonadia,3.280854513274294e-17,Bacteria,Class
RandomForest,warning_ammonia_toxicity,BAC_C::Fusobacteriia,0.0,Bacteria,Class
RandomForest,warning_ammonia_toxicity,BAC_C::Gammaproteobacteria,0.0987987009229585,Bacteria,Class
RandomForest,warning_ammonia_toxicity,BAC_C::Gemmatimonadetes,4.592102318173207e-18,Bacteria,Class
RandomForest,warning_ammonia_toxicity,BAC_C::Gracilibacteria,0.0010890927284239,Bacteria,Class
RandomForest,warning_ammonia_toxicity,BAC_C::Halanaerobiia,0.0,Bacteria,Class
RandomForest,warning_ammonia_toxicity,BAC_C::Holophagae,1.3299992809046649e-17,Bacteria,Class
RandomForest,warning_ammonia_toxicity,BAC_C::Hydrogenedentia,0.0185566257873283,Bacteria,Class
RandomForest,warning_ammonia_toxicity,BAC_C::Hydrothermae,0.0,Bacteria,Class
RandomForest,warning_ammonia_toxicity,BAC_C::Ignavibacteria,0.0009019013068806,Bacteria,Class
RandomForest,warning_ammonia_toxicity,BAC_C::Incertae_Sedis,0.0071538399868935,Bacteria,Class
RandomForest,warning_ammonia_toxicity,BAC_C::JS1,0.0078182042162946,Bacteria,Class
RandomForest,warning_ammonia_toxicity,BAC_C::Kapabacteria,0.0013604997700834,Bacteria,Class
RandomForest,warning_ammonia_toxicity,BAC_C::Kiritimatiellae,0.0008401454877106,Bacteria,Class
RandomForest,warning_ammonia_toxicity,BAC_C::Lentisphaeria,0.0,Bacteria,Class
RandomForest,warning_ammonia_toxicity,BAC_C::Leptospirae,6.110025116648777e-17,Bacteria,Class
RandomForest,warning_ammonia_toxicity,BAC_C::Limnochordia,0.0942466640839551,Bacteria,Class
RandomForest,warning_ammonia_toxicity,BAC_C::MVP-15,0.000536338005839,Bacteria,Class
RandomForest,warning_ammonia_toxicity,BAC_C::Marinimicrobia_(SAR406_clade),0.0007841036682217,Bacteria,Class
RandomForest,warning_ammonia_toxicity,BAC_C::Microgenomatia,0.0,Bacteria,Class
RandomForest,warning_ammonia_toxicity,BAC_C::Moorellia,0.0,Bacteria,Class
RandomForest,warning_ammonia_toxicity,BAC_C::Myxococcia,0.0,Bacteria,Class
RandomForest,warning_ammonia_toxicity,BAC_C::NKB15,0.0,Bacteria,Class
RandomForest,warning_ammonia_toxicity,BAC_C::Negativicutes,0.0012360366031167,Bacteria,Class
RandomForest,warning_ammonia_toxicity,BAC_C::Nitrospiria,2.135247228348029e-17,Bacteria,Class
RandomForest,warning_ammonia_toxicity,BAC_C::OLB14,5.529964535958032e-17,Bacteria,Class
RandomForest,warning_ammonia_toxicity,BAC_C::Oligoflexia,2.323941248071193e-17,Bacteria,Class
RandomForest,warning_ammonia_toxicity,BAC_C::Omnitrophia,0.0,Bacteria,Class
RandomForest,warning_ammonia_toxicity,BAC_C::Parcubacteria,2.409629249479771e-17,Bacteria,Class
RandomForest,warning_ammonia_toxicity,BAC_C::Phycisphaerae,0.0011711540790263,Bacteria,Class
RandomForest,warning_ammonia_toxicity,BAC_C::Pla3_lineage,0.0,Bacteria,Class
RandomForest,warning_ammonia_toxicity,BAC_C::Planctomycetes,0.0358762500334007,Bacteria,Class
RandomForest,warning_ammonia_toxicity,BAC_C::Polyangia,2.414667627996248e-18,Bacteria,Class
RandomForest,warning_ammonia_toxicity,BAC_C::RBG-16-55-12,0.0,Bacteria,Class
RandomForest,warning_ammonia_toxicity,BAC_C::SJA-28,0.0249772897582782,Bacteria,Class
RandomForest,warning_ammonia_toxicity,BAC_C::Saccharimonadia,4.559487570625299e-17,Bacteria,Class
RandomForest,warning_ammonia_toxicity,BAC_C::Spirochaetia,0.0033873904665491,Bacteria,Class
RandomForest,warning_ammonia_toxicity,BAC_C::Sumerlaeia,4.242984296252095e-18,Bacteria,Class
RandomForest,warning_ammonia_toxicity,BAC_C::Sva0485,0.0,Bacteria,Class
RandomForest,warning_ammonia_toxicity,BAC_C::Symbiobacteriia,0.0,Bacteria,Class
RandomForest,warning_ammonia_toxicity,BAC_C::Synergistia,0.0106268627181064,Bacteria,Class
RandomForest,warning_ammonia_toxicity,BAC_C::Syntrophia,0.0552737648379586,Bacteria,Class
RandomForest,warning_ammonia_toxicity,BAC_C::Syntrophobacteria,8.559012985904504e-17,Bacteria,Class
RandomForest,warning_ammonia_toxicity,BAC_C::Syntrophomonadia,0.0193141288328515,Bacteria,Class
RandomForest,warning_ammonia_toxicity,BAC_C::Syntrophorhabdia,0.0351596654651493,Bacteria,Class
RandomForest,warning_ammonia_toxicity,BAC_C::TA06,0.0,Bacteria,Class
RandomForest,warning_ammonia_toxicity,BAC_C::Thermacetogenia,0.0293284355674724,Bacteria,Class
RandomForest,warning_ammonia_toxicity,BAC_C::Thermoanaerobacteria,0.0009412121477982,Bacteria,Class
RandomForest,warning_ammonia_toxicity,BAC_C::Thermoanaerobaculia,0.0013345736543797,Bacteria,Class
RandomForest,warning_ammonia_toxicity,BAC_C::Thermoleophilia,0.0028790943322415,Bacteria,Class
RandomForest,warning_ammonia_toxicity,BAC_C::Thermotogae,0.008907828570915,Bacteria,Class
RandomForest,warning_ammonia_toxicity,BAC_C::Thermovenabulia,0.0072983123240406,Bacteria,Class
RandomForest,warning_ammonia_toxicity,BAC_C::Vampirivibrionia,0.0,Bacteria,Class
RandomForest,warning_ammonia_toxicity,BAC_C::Verrucomicrobiae,0.0302672173874021,Bacteria,Class
RandomForest,warning_ammonia_toxicity,BAC_C::Vicinamibacteria,0.0,Bacteria,Class
RandomForest,warning_ammonia_toxicity,BAC_C::WCHB1-81,0.0010095366313086,Bacteria,Class
RandomForest,warning_ammonia_toxicity,BAC_C::WPS-2,0.0,Bacteria,Class
RandomForest,warning_ammonia_toxicity,BAC_C::WS1,0.0020349688065171,Bacteria,Class
RandomForest,warning_ammonia_toxicity,BAC_C::WWE3,0.0,Bacteria,Class
RandomForest,warning_ammonia_toxicity,BAC_C::Zixibacteria,0.0,Bacteria,Class
RandomForest,warning_ammonia_toxicity,BAC_C::c5LKS83,0.0,Bacteria,Class
RandomForest,warning_ammonia_toxicity,BAC_C::unidentified,0.0146133991002188,Bacteria,Class
RandomForest,warning_ammonia_toxicity,ARC_C::Actinopterygii,0.0,Archaea,Class
RandomForest,warning_ammonia_toxicity,ARC_C::Aenigmarchaeia,0.0,Archaea,Class
RandomForest,warning_ammonia_toxicity,ARC_C::Bathyarchaeia,0.004023038080523,Archaea,Class
RandomForest,warning_ammonia_toxicity,ARC_C::Bivalvia,0.0,Archaea,Class
RandomForest,warning_ammonia_toxicity,ARC_C::Ichthyosporea,0.0,Archaea,Class
RandomForest,warning_ammonia_toxicity,ARC_C::Lokiarchaeia,0.0,Archaea,Class
RandomForest,warning_ammonia_toxicity,ARC_C::Methanomethylicia,8.242880354878592e-18,Archaea,Class
RandomForest,warning_ammonia_toxicity,ARC_C::Methanomicrobia,0.0093765233011175,Archaea,Class
RandomForest,warning_ammonia_toxicity,ARC_C::Methanosarcinia,0.0079184005377666,Archaea,Class
RandomForest,warning_ammonia_toxicity,ARC_C::Micrarchaeia,1.772488089721587e-17,Archaea,Class
RandomForest,warning_ammonia_toxicity,ARC_C::Nanoarchaeia,0.0023410392990779,Archaea,Class
RandomForest,warning_ammonia_toxicity,ARC_C::Nitrososphaeria,0.0,Archaea,Class
RandomForest,warning_ammonia_toxicity,ARC_C::Thermococci,0.0584747291218232,Archaea,Class
RandomForest,warning_ammonia_toxicity,ARC_C::Thermoplasmata,0.0112077548377589,Archaea,Class
RandomForest,warning_ammonia_toxicity,ARC_C::unidentified,0.0058655723176595,Archaea,Class
RandomForest,warning_biogas_quality,BAC_C::ABY1,0.0,Bacteria,Class
RandomForest,warning_biogas_quality,BAC_C::Acetothermiia,0.0,Bacteria,Class
RandomForest,warning_biogas_quality,BAC_C::Acidimicrobiia,0.0039812409641467,Bacteria,Class
RandomForest,warning_biogas_quality,BAC_C::Acidobacteriae,0.0,Bacteria,Class
RandomForest,warning_biogas_quality,BAC_C::Actinobacteria,0.0168132678237771,Bacteria,Class
RandomForest,warning_biogas_quality,BAC_C::Alphaproteobacteria,0.0170155584803866,Bacteria,Class
RandomForest,warning_biogas_quality,BAC_C::Aminicenantia,0.0019910083493898,Bacteria,Class
RandomForest,warning_biogas_quality,BAC_C::Anaerolineae,0.0112129910618533,Bacteria,Class
RandomForest,warning_biogas_quality,BAC_C::BRH-c20a,0.0,Bacteria,Class
RandomForest,warning_biogas_quality,BAC_C::Babeliae,0.0024534498554432,Bacteria,Class
RandomForest,warning_biogas_quality,BAC_C::Bacilli,0.0549710265067914,Bacteria,Class
RandomForest,warning_biogas_quality,BAC_C::Bacteroidia,0.0196618931989381,Bacteria,Class
RandomForest,warning_biogas_quality,BAC_C::Bdellovibrionia,0.0,Bacteria,Class
RandomForest,warning_biogas_quality,BAC_C::Blastocatellia,0.0019939932640421,Bacteria,Class
RandomForest,warning_biogas_quality,BAC_C::Brachyspirae,0.0,Bacteria,Class
RandomForest,warning_biogas_quality,BAC_C::CK-2C2-2,0.0,Bacteria,Class
RandomForest,warning_biogas_quality,BAC_C::Caldatribacteriia,0.0047484204679999,Bacteria,Class
RandomForest,warning_biogas_quality,BAC_C::Caldisericia,0.0035949379980037,Bacteria,Class
RandomForest,warning_biogas_quality,BAC_C::Campylobacteria,0.0096830716446744,Bacteria,Class
RandomForest,warning_biogas_quality,BAC_C::Chlamydiae,2.849446445447191e-17,Bacteria,Class
RandomForest,warning_biogas_quality,BAC_C::Chthonomonadetes,1.3971638421740227e-18,Bacteria,Class
RandomForest,warning_biogas_quality,BAC_C::Cloacimonadia,0.0772202351566448,Bacteria,Class
RandomForest,warning_biogas_quality,BAC_C::Clostridia,0.0166729376709914,Bacteria,Class
RandomForest,warning_biogas_quality,BAC_C::Coprothermobacteria,0.0,Bacteria,Class
RandomForest,warning_biogas_quality,BAC_C::Coriobacteriia,0.0703243962196848,Bacteria,Class
RandomForest,warning_biogas_quality,BAC_C::D8A-2,0.0318189946257349,Bacteria,Class
RandomForest,warning_biogas_quality,BAC_C::Deinococci,0.0,Bacteria,Class
RandomForest,warning_biogas_quality,BAC_C::Desulfitobacteriia,0.0,Bacteria,Class
RandomForest,warning_biogas_quality,BAC_C::Desulfobulbia,0.0021593258073179,Bacteria,Class
RandomForest,warning_biogas_quality,BAC_C::Desulfotomaculia,0.0102369623219038,Bacteria,Class
RandomForest,warning_biogas_quality,BAC_C::Desulfovibrionia,0.003638768967168,Bacteria,Class
RandomForest,warning_biogas_quality,BAC_C::Desulfuromonadia,4.6330460835318843e-17,Bacteria,Class
RandomForest,warning_biogas_quality,BAC_C::Dethiobacteria,0.009273427428044,Bacteria,Class
RandomForest,warning_biogas_quality,BAC_C::Endomicrobia,0.0020632928685696,Bacteria,Class
RandomForest,warning_biogas_quality,BAC_C::Fermentibacteria,0.0085075057822493,Bacteria,Class
RandomForest,warning_biogas_quality,BAC_C::Fibrobacteria,0.0,Bacteria,Class
RandomForest,warning_biogas_quality,BAC_C::Fimbriimonadia,0.0112266542162782,Bacteria,Class
RandomForest,warning_biogas_quality,BAC_C::Fusobacteriia,0.0126001819838277,Bacteria,Class
RandomForest,warning_biogas_quality,BAC_C::Gammaproteobacteria,0.0220372174672031,Bacteria,Class
RandomForest,warning_biogas_quality,BAC_C::Gemmatimonadetes,1.1363670523962373e-17,Bacteria,Class
RandomForest,warning_biogas_quality,BAC_C::Gracilibacteria,0.015879210551248,Bacteria,Class
RandomForest,warning_biogas_quality,BAC_C::Halanaerobiia,0.0,Bacteria,Class
RandomForest,warning_biogas_quality,BAC_C::Holophagae,0.001172317804351,Bacteria,Class
RandomForest,warning_biogas_quality,BAC_C::Hydrogenedentia,0.0046798854249273,Bacteria,Class
RandomForest,warning_biogas_quality,BAC_C::Hydrothermae,0.0,Bacteria,Class
RandomForest,warning_biogas_quality,BAC_C::Ignavibacteria,0.0011773249604852,Bacteria,Class
RandomForest,warning_biogas_quality,BAC_C::Incertae_Sedis,0.0585990454724886,Bacteria,Class
RandomForest,warning_biogas_quality,BAC_C::JS1,0.0027711584061311,Bacteria,Class
RandomForest,warning_biogas_quality,BAC_C::Kapabacteria,0.0041732538883266,Bacteria,Class
RandomForest,warning_biogas_quality,BAC_C::Kiritimatiellae,0.0107568207244704,Bacteria,Class
RandomForest,warning_biogas_quality,BAC_C::Lentisphaeria,0.0106831453079369,Bacteria,Class
RandomForest,warning_biogas_quality,BAC_C::Leptospirae,0.0064208095239264,Bacteria,Class
RandomForest,warning_biogas_quality,BAC_C::Limnochordia,0.0078885073811949,Bacteria,Class
RandomForest,warning_biogas_quality,BAC_C::MVP-15,0.0014828590728679,Bacteria,Class
RandomForest,warning_biogas_quality,BAC_C::Marinimicrobia_(SAR406_clade),0.0008283656327372,Bacteria,Class
RandomForest,warning_biogas_quality,BAC_C::Microgenomatia,0.0,Bacteria,Class
RandomForest,warning_biogas_quality,BAC_C::Moorellia,0.0,Bacteria,Class
RandomForest,warning_biogas_quality,BAC_C::Myxococcia,0.0,Bacteria,Class
RandomForest,warning_biogas_quality,BAC_C::NKB15,0.0,Bacteria,Class
RandomForest,warning_biogas_quality,BAC_C::Negativicutes,0.0667546909419845,Bacteria,Class
RandomForest,warning_biogas_quality,BAC_C::Nitrospiria,0.0,Bacteria,Class
RandomForest,warning_biogas_quality,BAC_C::OLB14,2.5321202235564734e-17,Bacteria,Class
RandomForest,warning_biogas_quality,BAC_C::Oligoflexia,0.0008013966956225,Bacteria,Class
RandomForest,warning_biogas_quality,BAC_C::Omnitrophia,3.8864994563153625e-18,Bacteria,Class
RandomForest,warning_biogas_quality,BAC_C::Parcubacteria,0.0,Bacteria,Class
RandomForest,warning_biogas_quality,BAC_C::Phycisphaerae,0.0,Bacteria,Class
RandomForest,warning_biogas_quality,BAC_C::Pla3_lineage,0.0,Bacteria,Class
RandomForest,warning_biogas_quality,BAC_C::Planctomycetes,0.0099085730767186,Bacteria,Class
RandomForest,warning_biogas_quality,BAC_C::Polyangia,1.9570588783771328e-17,Bacteria,Class
RandomForest,warning_biogas_quality,BAC_C::RBG-16-55-12,0.0,Bacteria,Class
RandomForest,warning_biogas_quality,BAC_C::SJA-28,0.0018136830207647,Bacteria,Class
RandomForest,warning_biogas_quality,BAC_C::Saccharimonadia,0.0016406339049142,Bacteria,Class
RandomForest,warning_biogas_quality,BAC_C::Spirochaetia,0.0510645883666905,Bacteria,Class
RandomForest,warning_biogas_quality,BAC_C::Sumerlaeia,6.792153076686126e-17,Bacteria,Class
RandomForest,warning_biogas_quality,BAC_C::Sva0485,0.0,Bacteria,Class
RandomForest,warning_biogas_quality,BAC_C::Symbiobacteriia,0.0,Bacteria,Class
RandomForest,warning_biogas_quality,BAC_C::Synergistia,0.0746802387393362,Bacteria,Class
RandomForest,warning_biogas_quality,BAC_C::Syntrophia,0.0229147057487407,Bacteria,Class
RandomForest,warning_biogas_quality,BAC_C::Syntrophobacteria,0.0013675473798996,Bacteria,Class
RandomForest,warning_biogas_quality,BAC_C::Syntrophomonadia,0.0391234500980586,Bacteria,Class
RandomForest,warning_biogas_quality,BAC_C::Syntrophorhabdia,0.0074403899520306,Bacteria,Class
RandomForest,warning_biogas_quality,BAC_C::TA06,0.0,Bacteria,Class
RandomForest,warning_biogas_quality,BAC_C::Thermacetogenia,0.0019519740579909,Bacteria,Class
RandomForest,warning_biogas_quality,BAC_C::Thermoanaerobacteria,0.0,Bacteria,Class
RandomForest,warning_biogas_quality,BAC_C::Thermoanaerobaculia,0.0,Bacteria,Class
RandomForest,warning_biogas_quality,BAC_C::Thermoleophilia,0.0047146776203058,Bacteria,Class
RandomForest,warning_biogas_quality,BAC_C::Thermotogae,0.021976952125419,Bacteria,Class
RandomForest,warning_biogas_quality,BAC_C::Thermovenabulia,0.0,Bacteria,Class
RandomForest,warning_biogas_quality,BAC_C::Vampirivibrionia,0.0,Bacteria,Class
RandomForest,warning_biogas_quality,BAC_C::Verrucomicrobiae,0.0026032862499152,Bacteria,Class
RandomForest,warning_biogas_quality,BAC_C::Vicinamibacteria,0.0,Bacteria,Class
RandomForest,warning_biogas_quality,BAC_C::WCHB1-81,0.0016881931576181,Bacteria,Class
RandomForest,warning_biogas_quality,BAC_C::WPS-2,0.0,Bacteria,Class
RandomForest,warning_biogas_quality,BAC_C::WS1,0.0044340659610168,Bacteria,Class
RandomForest,warning_biogas_quality,BAC_C::WWE3,0.0,Bacteria,Class
RandomForest,warning_biogas_quality,BAC_C::Zixibacteria,0.0,Bacteria,Class
RandomForest,warning_biogas_quality,BAC_C::c5LKS83,0.0,Bacteria,Class
RandomForest,warning_biogas_quality,BAC_C::unidentified,0.0401889571091562,Bacteria,Class
RandomForest,warning_biogas_quality,ARC_C::Actinopterygii,0.0,Archaea,Class
RandomForest,warning_biogas_quality,ARC_C::Aenigmarchaeia,0.0,Archaea,Class
RandomForest,warning_biogas_quality,ARC_C::Bathyarchaeia,0.0063711589899515,Archaea,Class
RandomForest,warning_biogas_quality,ARC_C::Bivalvia,0.0,Archaea,Class
RandomForest,warning_biogas_quality,ARC_C::Ichthyosporea,0.0,Archaea,Class
RandomForest,warning_biogas_quality,ARC_C::Lokiarchaeia,0.0,Archaea,Class
RandomForest,warning_biogas_quality,ARC_C::Methanomethylicia,0.0097804893660447,Archaea,Class
RandomForest,warning_biogas_quality,ARC_C::Methanomicrobia,0.0189354941411435,Archaea,Class
RandomForest,warning_biogas_quality,ARC_C::Methanosarcinia,0.013137242858691,Archaea,Class
RandomForest,warning_biogas_quality,ARC_C::Micrarchaeia,0.0,Archaea,Class
RandomForest,warning_biogas_quality,ARC_C::Nanoarchaeia,0.0049862814054304,Archaea,Class
RandomForest,warning_biogas_quality,ARC_C::Nitrososphaeria,0.008071051218743,Archaea,Class
RandomForest,warning_biogas_quality,ARC_C::Thermococci,0.0077712482676247,Archaea,Class
RandomForest,warning_biogas_quality,ARC_C::Thermoplasmata,0.0085854455083199,Archaea,Class
RandomForest,warning_biogas_quality,ARC_C::unidentified,0.0148801197557097,Archaea,Class
XGBoost,warning_acid_base_balance,BAC_C::ABY1,0.0,Bacteria,Class
XGBoost,warning_acid_base_balance,BAC_C::Acetothermiia,0.0,Bacteria,Class
XGBoost,warning_acid_base_balance,BAC_C::Acidimicrobiia,0.0,Bacteria,Class
XGBoost,warning_acid_base_balance,BAC_C::Acidobacteriae,0.0,Bacteria,Class
XGBoost,warning_acid_base_balance,BAC_C::Actinobacteria,0.0167189817875623,Bacteria,Class
XGBoost,warning_acid_base_balance,BAC_C::Alphaproteobacteria,0.0323012955486774,Bacteria,Class
XGBoost,warning_acid_base_balance,BAC_C::Aminicenantia,0.0,Bacteria,Class
XGBoost,warning_acid_base_balance,BAC_C::Anaerolineae,0.0,Bacteria,Class
XGBoost,warning_acid_base_balance,BAC_C::BRH-c20a,0.0,Bacteria,Class
XGBoost,warning_acid_base_balance,BAC_C::Babeliae,0.0,Bacteria,Class
XGBoost,warning_acid_base_balance,BAC_C::Bacilli,0.0278219785541296,Bacteria,Class
XGBoost,warning_acid_base_balance,BAC_C::Bacteroidia,0.0164377819746732,Bacteria,Class
XGBoost,warning_acid_base_balance,BAC_C::Bdellovibrionia,0.0484253652393817,Bacteria,Class
XGBoost,warning_acid_base_balance,BAC_C::Blastocatellia,0.0,Bacteria,Class
XGBoost,warning_acid_base_balance,BAC_C::Brachyspirae,0.0,Bacteria,Class
XGBoost,warning_acid_base_balance,BAC_C::CK-2C2-2,0.0,Bacteria,Class
XGBoost,warning_acid_base_balance,BAC_C::Caldatribacteriia,0.0099480198696255,Bacteria,Class
XGBoost,warning_acid_base_balance,BAC_C::Caldisericia,0.0,Bacteria,Class
XGBoost,warning_acid_base_balance,BAC_C::Campylobacteria,0.0,Bacteria,Class
XGBoost,warning_acid_base_balance,BAC_C::Chlamydiae,0.0,Bacteria,Class
XGBoost,warning_acid_base_balance,BAC_C::Chthonomonadetes,0.0,Bacteria,Class
XGBoost,warning_acid_base_balance,BAC_C::Cloacimonadia,0.0276410095393657,Bacteria,Class
XGBoost,warning_acid_base_balance,BAC_C::Clostridia,0.0,Bacteria,Class
XGBoost,warning_acid_base_balance,BAC_C::Coprothermobacteria,0.0,Bacteria,Class
XGBoost,warning_acid_base_balance,BAC_C::Coriobacteriia,0.0,Bacteria,Class
XGBoost,warning_acid_base_balance,BAC_C::D8A-2,0.0521717071533203,Bacteria,Class
XGBoost,warning_acid_base_balance,BAC_C::Deinococci,0.0,Bacteria,Class
XGBoost,warning_acid_base_balance,BAC_C::Desulfitobacteriia,0.0,Bacteria,Class
XGBoost,warning_acid_base_balance,BAC_C::Desulfobulbia,0.0,Bacteria,Class
XGBoost,warning_acid_base_balance,BAC_C::Desulfotomaculia,0.0,Bacteria,Class
XGBoost,warning_acid_base_balance,BAC_C::Desulfovibrionia,0.0,Bacteria,Class
XGBoost,warning_acid_base_balance,BAC_C::Desulfuromonadia,0.0,Bacteria,Class
XGBoost,warning_acid_base_balance,BAC_C::Dethiobacteria,0.0143123036250472,Bacteria,Class
XGBoost,warning_acid_base_balance,BAC_C::Endomicrobia,0.0,Bacteria,Class
XGBoost,warning_acid_base_balance,BAC_C::Fermentibacteria,0.0,Bacteria,Class
XGBoost,warning_acid_base_balance,BAC_C::Fibrobacteria,0.0,Bacteria,Class
XGBoost,warning_acid_base_balance,BAC_C::Fimbriimonadia,0.0,Bacteria,Class
XGBoost,warning_acid_base_balance,BAC_C::Fusobacteriia,0.0,Bacteria,Class
XGBoost,warning_acid_base_balance,BAC_C::Gammaproteobacteria,0.0,Bacteria,Class
XGBoost,warning_acid_base_balance,BAC_C::Gemmatimonadetes,0.0,Bacteria,Class
XGBoost,warning_acid_base_balance,BAC_C::Gracilibacteria,0.0356073230504989,Bacteria,Class
XGBoost,warning_acid_base_balance,BAC_C::Halanaerobiia,0.0250315498560667,Bacteria,Class
XGBoost,warning_acid_base_balance,BAC_C::Holophagae,0.0,Bacteria,Class
XGBoost,warning_acid_base_balance,BAC_C::Hydrogenedentia,0.0,Bacteria,Class
XGBoost,warning_acid_base_balance,BAC_C::Hydrothermae,0.0,Bacteria,Class
XGBoost,warning_acid_base_balance,BAC_C::Ignavibacteria,0.0,Bacteria,Class
XGBoost,warning_acid_base_balance,BAC_C::Incertae_Sedis,0.007019821088761,Bacteria,Class
XGBoost,warning_acid_base_balance,BAC_C::JS1,0.0199014488607645,Bacteria,Class
XGBoost,warning_acid_base_balance,BAC_C::Kapabacteria,0.0,Bacteria,Class
XGBoost,warning_acid_base_balance,BAC_C::Kiritimatiellae,0.0,Bacteria,Class
XGBoost,warning_acid_base_balance,BAC_C::Lentisphaeria,0.0296224486082792,Bacteria,Class
XGBoost,warning_acid_base_balance,BAC_C::Leptospirae,0.0604391060769557,Bacteria,Class
XGBoost,warning_acid_base_balance,BAC_C::Limnochordia,0.0186951700598001,Bacteria,Class
XGBoost,warning_acid_base_balance,BAC_C::MVP-15,0.0,Bacteria,Class
XGBoost,warning_acid_base_balance,BAC_C::Marinimicrobia_(SAR406_clade),0.0,Bacteria,Class
XGBoost,warning_acid_base_balance,BAC_C::Microgenomatia,0.0,Bacteria,Class
XGBoost,warning_acid_base_balance,BAC_C::Moorellia,0.0,Bacteria,Class
XGBoost,warning_acid_base_balance,BAC_C::Myxococcia,0.0,Bacteria,Class
XGBoost,warning_acid_base_balance,BAC_C::NKB15,0.0,Bacteria,Class
XGBoost,warning_acid_base_balance,BAC_C::Negativicutes,0.0,Bacteria,Class
XGBoost,warning_acid_base_balance,BAC_C::Nitrospiria,0.0,Bacteria,Class
XGBoost,warning_acid_base_balance,BAC_C::OLB14,0.0,Bacteria,Class
XGBoost,warning_acid_base_balance,BAC_C::Oligoflexia,0.0358892753720283,Bacteria,Class
XGBoost,warning_acid_base_balance,BAC_C::Omnitrophia,0.0,Bacteria,Class
XGBoost,warning_acid_base_balance,BAC_C::Parcubacteria,0.0,Bacteria,Class
XGBoost,warning_acid_base_balance,BAC_C::Phycisphaerae,0.0,Bacteria,Class
XGBoost,warning_acid_base_balance,BAC_C::Pla3_lineage,0.0,Bacteria,Class
XGBoost,warning_acid_base_balance,BAC_C::Planctomycetes,0.0,Bacteria,Class
XGBoost,warning_acid_base_balance,BAC_C::Polyangia,0.0,Bacteria,Class
XGBoost,warning_acid_base_balance,BAC_C::RBG-16-55-12,0.0,Bacteria,Class
XGBoost,warning_acid_base_balance,BAC_C::SJA-28,0.0,Bacteria,Class
XGBoost,warning_acid_base_balance,BAC_C::Saccharimonadia,0.0,Bacteria,Class
XGBoost,warning_acid_base_balance,BAC_C::Spirochaetia,0.0612454153597354,Bacteria,Class
XGBoost,warning_acid_base_balance,BAC_C::Sumerlaeia,0.0,Bacteria,Class
XGBoost,warning_acid_base_balance,BAC_C::Sva0485,0.0,Bacteria,Class
XGBoost,warning_acid_base_balance,BAC_C::Symbiobacteriia,0.0,Bacteria,Class
XGBoost,warning_acid_base_balance,BAC_C::Synergistia,0.024432623758912,Bacteria,Class
XGBoost,warning_acid_base_balance,BAC_C::Syntrophia,0.0195492506027221,Bacteria,Class
XGBoost,warning_acid_base_balance,BAC_C::Syntrophobacteria,0.0,Bacteria,Class
XGBoost,warning_acid_base_balance,BAC_C::Syntrophomonadia,0.0150140766054391,Bacteria,Class
XGBoost,warning_acid_base_balance,BAC_C::Syntrophorhabdia,0.0,Bacteria,Class
XGBoost,warning_acid_base_balance,BAC_C::TA06,0.0,Bacteria,Class
XGBoost,warning_acid_base_balance,BAC_C::Thermacetogenia,0.0,Bacteria,Class
XGBoost,warning_acid_base_balance,BAC_C::Thermoanaerobacteria,0.0,Bacteria,Class
XGBoost,warning_acid_base_balance,BAC_C::Thermoanaerobaculia,0.0,Bacteria,Class
XGBoost,warning_acid_base_balance,BAC_C::Thermoleophilia,0.0,Bacteria,Class
XGBoost,warning_acid_base_balance,BAC_C::Thermotogae,0.0516108907759189,Bacteria,Class
XGBoost,warning_acid_base_balance,BAC_C::Thermovenabulia,0.0173357706516981,Bacteria,Class
XGBoost,warning_acid_base_balance,BAC_C::Vampirivibrionia,0.0,Bacteria,Class
XGBoost,warning_acid_base_balance,BAC_C::Verrucomicrobiae,0.0,Bacteria,Class
XGBoost,warning_acid_base_balance,BAC_C::Vicinamibacteria,0.0,Bacteria,Class
XGBoost,warning_acid_base_balance,BAC_C::WCHB1-81,0.0,Bacteria,Class
XGBoost,warning_acid_base_balance,BAC_C::WPS-2,0.0,Bacteria,Class
XGBoost,warning_acid_base_balance,BAC_C::WS1,0.0,Bacteria,Class
XGBoost,warning_acid_base_balance,BAC_C::WWE3,0.0,Bacteria,Class
XGBoost,warning_acid_base_balance,BAC_C::Zixibacteria,0.0,Bacteria,Class
XGBoost,warning_acid_base_balance,BAC_C::c5LKS83,0.0,Bacteria,Class
XGBoost,warning_acid_base_balance,BAC_C::unidentified,0.1222339943051338,Bacteria,Class
XGBoost,warning_acid_base_balance,ARC_C::Actinopterygii,0.0,Archaea,Class
XGBoost,warning_acid_base_balance,ARC_C::Aenigmarchaeia,0.0,Archaea,Class
XGBoost,warning_acid_base_balance,ARC_C::Bathyarchaeia,0.0,Archaea,Class
XGBoost,warning_acid_base_balance,ARC_C::Bivalvia,0.0,Archaea,Class
XGBoost,warning_acid_base_balance,ARC_C::Ichthyosporea,0.0,Archaea,Class
XGBoost,warning_acid_base_balance,ARC_C::Lokiarchaeia,0.0,Archaea,Class
XGBoost,warning_acid_base_balance,ARC_C::Methanomethylicia,0.0,Archaea,Class
XGBoost,warning_acid_base_balance,ARC_C::Methanomicrobia,0.0630030632019043,Archaea,Class
XGBoost,warning_acid_base_balance,ARC_C::Methanosarcinia,0.0380515158176422,Archaea,Class
XGBoost,warning_acid_base_balance,ARC_C::Micrarchaeia,0.0,Archaea,Class
XGBoost,warning_acid_base_balance,ARC_C::Nanoarchaeia,0.0171748902648687,Archaea,Class
XGBoost,warning_acid_base_balance,ARC_C::Nitrososphaeria,0.0196133367717266,Archaea,Class
XGBoost,warning_acid_base_balance,ARC_C::Thermococci,0.0234837625175714,Archaea,Class
XGBoost,warning_acid_base_balance,ARC_C::Thermoplasmata,0.0234304070472717,Archaea,Class
XGBoost,warning_acid_base_balance,ARC_C::unidentified,0.0258363652974367,Archaea,Class
XGBoost,warning_buffer_capacity,BAC_C::ABY1,0.0,Bacteria,Class
XGBoost,warning_buffer_capacity,BAC_C::Acetothermiia,0.0,Bacteria,Class
XGBoost,warning_buffer_capacity,BAC_C::Acidimicrobiia,0.0110408794134855,Bacteria,Class
XGBoost,warning_buffer_capacity,BAC_C::Acidobacteriae,0.0,Bacteria,Class
XGBoost,warning_buffer_capacity,BAC_C::Actinobacteria,0.0313687063753604,Bacteria,Class
XGBoost,warning_buffer_capacity,BAC_C::Alphaproteobacteria,0.0133448792621493,Bacteria,Class
XGBoost,warning_buffer_capacity,BAC_C::Aminicenantia,0.0325147993862628,Bacteria,Class
XGBoost,warning_buffer_capacity,BAC_C::Anaerolineae,0.0,Bacteria,Class
XGBoost,warning_buffer_capacity,BAC_C::BRH-c20a,0.0,Bacteria,Class
XGBoost,warning_buffer_capacity,BAC_C::Babeliae,0.0,Bacteria,Class
XGBoost,warning_buffer_capacity,BAC_C::Bacilli,0.0707709416747093,Bacteria,Class
XGBoost,warning_buffer_capacity,BAC_C::Bacteroidia,0.0302271228283643,Bacteria,Class
XGBoost,warning_buffer_capacity,BAC_C::Bdellovibrionia,0.0,Bacteria,Class
XGBoost,warning_buffer_capacity,BAC_C::Blastocatellia,0.0,Bacteria,Class
XGBoost,warning_buffer_capacity,BAC_C::Brachyspirae,0.0,Bacteria,Class
XGBoost,warning_buffer_capacity,BAC_C::CK-2C2-2,0.0266222413629293,Bacteria,Class
XGBoost,warning_buffer_capacity,BAC_C::Caldatribacteriia,0.0566429197788238,Bacteria,Class
XGBoost,warning_buffer_capacity,BAC_C::Caldisericia,0.0,Bacteria,Class
XGBoost,warning_buffer_capacity,BAC_C::Campylobacteria,0.0,Bacteria,Class
XGBoost,warning_buffer_capacity,BAC_C::Chlamydiae,0.0,Bacteria,Class
XGBoost,warning_buffer_capacity,BAC_C::Chthonomonadetes,0.0,Bacteria,Class
XGBoost,warning_buffer_capacity,BAC_C::Cloacimonadia,0.0,Bacteria,Class
XGBoost,warning_buffer_capacity,BAC_C::Clostridia,0.020310191437602,Bacteria,Class
XGBoost,warning_buffer_capacity,BAC_C::Coprothermobacteria,0.0,Bacteria,Class
XGBoost,warning_buffer_capacity,BAC_C::Coriobacteriia,0.0457480587065219,Bacteria,Class
XGBoost,warning_buffer_capacity,BAC_C::D8A-2,0.0305180996656417,Bacteria,Class
XGBoost,warning_buffer_capacity,BAC_C::Deinococci,0.0,Bacteria,Class
XGBoost,warning_buffer_capacity,BAC_C::Desulfitobacteriia,0.0,Bacteria,Class
XGBoost,warning_buffer_capacity,BAC_C::Desulfobulbia,0.0,Bacteria,Class
XGBoost,warning_buffer_capacity,BAC_C::Desulfotomaculia,0.0,Bacteria,Class
XGBoost,warning_buffer_capacity,BAC_C::Desulfovibrionia,0.0069894068874418,Bacteria,Class
XGBoost,warning_buffer_capacity,BAC_C::Desulfuromonadia,0.0,Bacteria,Class
XGBoost,warning_buffer_capacity,BAC_C::Dethiobacteria,0.0284595172852277,Bacteria,Class
XGBoost,warning_buffer_capacity,BAC_C::Endomicrobia,0.0,Bacteria,Class
XGBoost,warning_buffer_capacity,BAC_C::Fermentibacteria,0.0,Bacteria,Class
XGBoost,warning_buffer_capacity,BAC_C::Fibrobacteria,0.0243134088814258,Bacteria,Class
XGBoost,warning_buffer_capacity,BAC_C::Fimbriimonadia,0.0,Bacteria,Class
XGBoost,warning_buffer_capacity,BAC_C::Fusobacteriia,0.0,Bacteria,Class
XGBoost,warning_buffer_capacity,BAC_C::Gammaproteobacteria,0.0270344447344541,Bacteria,Class
XGBoost,warning_buffer_capacity,BAC_C::Gemmatimonadetes,0.0,Bacteria,Class
XGBoost,warning_buffer_capacity,BAC_C::Gracilibacteria,0.0,Bacteria,Class
XGBoost,warning_buffer_capacity,BAC_C::Halanaerobiia,0.0,Bacteria,Class
XGBoost,warning_buffer_capacity,BAC_C::Holophagae,0.0,Bacteria,Class
XGBoost,warning_buffer_capacity,BAC_C::Hydrogenedentia,0.0,Bacteria,Class
XGBoost,warning_buffer_capacity,BAC_C::Hydrothermae,0.0,Bacteria,Class
XGBoost,warning_buffer_capacity,BAC_C::Ignavibacteria,0.0,Bacteria,Class
XGBoost,warning_buffer_capacity,BAC_C::Incertae_Sedis,0.010517562739551,Bacteria,Class
XGBoost,warning_buffer_capacity,BAC_C::JS1,0.0255839526653289,Bacteria,Class
XGBoost,warning_buffer_capacity,BAC_C::Kapabacteria,0.031448807567358,Bacteria,Class
XGBoost,warning_buffer_capacity,BAC_C::Kiritimatiellae,0.082641489803791,Bacteria,Class
XGBoost,warning_buffer_capacity,BAC_C::Lentisphaeria,0.0,Bacteria,Class
XGBoost,warning_buffer_capacity,BAC_C::Leptospirae,0.0,Bacteria,Class
XGBoost,warning_buffer_capacity,BAC_C::Limnochordia,0.0244985334575176,Bacteria,Class
XGBoost,warning_buffer_capacity,BAC_C::MVP-15,0.0,Bacteria,Class
XGBoost,warning_buffer_capacity,BAC_C::Marinimicrobia_(SAR406_clade),0.0223130080848932,Bacteria,Class
XGBoost,warning_buffer_capacity,BAC_C::Microgenomatia,0.0,Bacteria,Class
XGBoost,warning_buffer_capacity,BAC_C::Moorellia,0.0,Bacteria,Class
XGBoost,warning_buffer_capacity,BAC_C::Myxococcia,0.0,Bacteria,Class
XGBoost,warning_buffer_capacity,BAC_C::NKB15,0.0,Bacteria,Class
XGBoost,warning_buffer_capacity,BAC_C::Negativicutes,0.015922226011753,Bacteria,Class
XGBoost,warning_buffer_capacity,BAC_C::Nitrospiria,0.0,Bacteria,Class
XGBoost,warning_buffer_capacity,BAC_C::OLB14,0.0,Bacteria,Class
XGBoost,warning_buffer_capacity,BAC_C::Oligoflexia,0.0,Bacteria,Class
XGBoost,warning_buffer_capacity,BAC_C::Omnitrophia,0.0,Bacteria,Class
XGBoost,warning_buffer_capacity,BAC_C::Parcubacteria,0.0,Bacteria,Class
XGBoost,warning_buffer_capacity,BAC_C::Phycisphaerae,0.0,Bacteria,Class
XGBoost,warning_buffer_capacity,BAC_C::Pla3_lineage,0.0,Bacteria,Class
XGBoost,warning_buffer_capacity,BAC_C::Planctomycetes,0.0,Bacteria,Class
XGBoost,warning_buffer_capacity,BAC_C::Polyangia,0.0,Bacteria,Class
XGBoost,warning_buffer_capacity,BAC_C::RBG-16-55-12,0.0,Bacteria,Class
XGBoost,warning_buffer_capacity,BAC_C::SJA-28,0.0,Bacteria,Class
XGBoost,warning_buffer_capacity,BAC_C::Saccharimonadia,0.0,Bacteria,Class
XGBoost,warning_buffer_capacity,BAC_C::Spirochaetia,0.0585197918117046,Bacteria,Class
XGBoost,warning_buffer_capacity,BAC_C::Sumerlaeia,0.0,Bacteria,Class
XGBoost,warning_buffer_capacity,BAC_C::Sva0485,0.0,Bacteria,Class
XGBoost,warning_buffer_capacity,BAC_C::Symbiobacteriia,0.0,Bacteria,Class
XGBoost,warning_buffer_capacity,BAC_C::Synergistia,0.0295972879976034,Bacteria,Class
XGBoost,warning_buffer_capacity,BAC_C::Syntrophia,0.0169966556131839,Bacteria,Class
XGBoost,warning_buffer_capacity,BAC_C::Syntrophobacteria,0.0,Bacteria,Class
XGBoost,warning_buffer_capacity,BAC_C::Syntrophomonadia,0.0442330762743949,Bacteria,Class
XGBoost,warning_buffer_capacity,BAC_C::Syntrophorhabdia,0.0,Bacteria,Class
XGBoost,warning_buffer_capacity,BAC_C::TA06,0.0,Bacteria,Class
XGBoost,warning_buffer_capacity,BAC_C::Thermacetogenia,0.0,Bacteria,Class
XGBoost,warning_buffer_capacity,BAC_C::Thermoanaerobacteria,0.0228429846465587,Bacteria,Class
XGBoost,warning_buffer_capacity,BAC_C::Thermoanaerobaculia,0.0405244603753089,Bacteria,Class
XGBoost,warning_buffer_capacity,BAC_C::Thermoleophilia,0.0,Bacteria,Class
XGBoost,warning_buffer_capacity,BAC_C::Thermotogae,0.0386919490993022,Bacteria,Class
XGBoost,warning_buffer_capacity,BAC_C::Thermovenabulia,0.0,Bacteria,Class
XGBoost,warning_buffer_capacity,BAC_C::Vampirivibrionia,0.0,Bacteria,Class
XGBoost,warning_buffer_capacity,BAC_C::Verrucomicrobiae,0.0,Bacteria,Class
XGBoost,warning_buffer_capacity,BAC_C::Vicinamibacteria,0.0,Bacteria,Class
XGBoost,warning_buffer_capacity,BAC_C::WCHB1-81,0.0,Bacteria,Class
XGBoost,warning_buffer_capacity,BAC_C::WPS-2,0.0,Bacteria,Class
XGBoost,warning_buffer_capacity,BAC_C::WS1,0.0,Bacteria,Class
XGBoost,warning_buffer_capacity,BAC_C::WWE3,0.0,Bacteria,Class
XGBoost,warning_buffer_capacity,BAC_C::Zixibacteria,0.0,Bacteria,Class
XGBoost,warning_buffer_capacity,BAC_C::c5LKS83,0.0,Bacteria,Class
XGBoost,warning_buffer_capacity,BAC_C::unidentified,0.0,Bacteria,Class
XGBoost,warning_buffer_capacity,ARC_C::Actinopterygii,0.0,Archaea,Class
XGBoost,warning_buffer_capacity,ARC_C::Aenigmarchaeia,0.0,Archaea,Class
XGBoost,warning_buffer_capacity,ARC_C::Bathyarchaeia,0.0,Archaea,Class
XGBoost,warning_buffer_capacity,ARC_C::Bivalvia,0.0,Archaea,Class
XGBoost,warning_buffer_capacity,ARC_C::Ichthyosporea,0.0,Archaea,Class
XGBoost,warning_buffer_capacity,ARC_C::Lokiarchaeia,0.0,Archaea,Class
XGBoost,warning_buffer_capacity,ARC_C::Methanomethylicia,0.0,Archaea,Class
XGBoost,warning_buffer_capacity,ARC_C::Methanomicrobia,0.0181904472410678,Archaea,Class
XGBoost,warning_buffer_capacity,ARC_C::Methanosarcinia,0.0166702810674905,Archaea,Class
XGBoost,warning_buffer_capacity,ARC_C::Micrarchaeia,0.0,Archaea,Class
XGBoost,warning_buffer_capacity,ARC_C::Nanoarchaeia,0.0,Archaea,Class
XGBoost,warning_buffer_capacity,ARC_C::Nitrososphaeria,0.0,Archaea,Class
XGBoost,warning_buffer_capacity,ARC_C::Thermococci,0.0,Archaea,Class
XGBoost,warning_buffer_capacity,ARC_C::Thermoplasmata,0.0449018664658069,Archaea,Class
XGBoost,warning_buffer_capacity,ARC_C::unidentified,0.0,Archaea,Class
XGBoost,warning_acid_accumulation,BAC_C::ABY1,0.0,Bacteria,Class
XGBoost,warning_acid_accumulation,BAC_C::Acetothermiia,0.0,Bacteria,Class
XGBoost,warning_acid_accumulation,BAC_C::Acidimicrobiia,0.0,Bacteria,Class
XGBoost,warning_acid_accumulation,BAC_C::Acidobacteriae,0.0,Bacteria,Class
XGBoost,warning_acid_accumulation,BAC_C::Actinobacteria,0.0,Bacteria,Class
XGBoost,warning_acid_accumulation,BAC_C::Alphaproteobacteria,0.0,Bacteria,Class
XGBoost,warning_acid_accumulation,BAC_C::Aminicenantia,0.0,Bacteria,Class
XGBoost,warning_acid_accumulation,BAC_C::Anaerolineae,0.0,Bacteria,Class
XGBoost,warning_acid_accumulation,BAC_C::BRH-c20a,0.0,Bacteria,Class
XGBoost,warning_acid_accumulation,BAC_C::Babeliae,0.0,Bacteria,Class
XGBoost,warning_acid_accumulation,BAC_C::Bacilli,0.0301374197006225,Bacteria,Class
XGBoost,warning_acid_accumulation,BAC_C::Bacteroidia,0.100828431546688,Bacteria,Class
XGBoost,warning_acid_accumulation,BAC_C::Bdellovibrionia,0.0,Bacteria,Class
XGBoost,warning_acid_accumulation,BAC_C::Blastocatellia,0.0,Bacteria,Class
XGBoost,warning_acid_accumulation,BAC_C::Brachyspirae,0.0,Bacteria,Class
XGBoost,warning_acid_accumulation,BAC_C::CK-2C2-2,0.0,Bacteria,Class
XGBoost,warning_acid_accumulation,BAC_C::Caldatribacteriia,0.024844866245985,Bacteria,Class
XGBoost,warning_acid_accumulation,BAC_C::Caldisericia,0.0,Bacteria,Class
XGBoost,warning_acid_accumulation,BAC_C::Campylobacteria,0.0,Bacteria,Class
XGBoost,warning_acid_accumulation,BAC_C::Chlamydiae,0.0,Bacteria,Class
XGBoost,warning_acid_accumulation,BAC_C::Chthonomonadetes,0.0,Bacteria,Class
XGBoost,warning_acid_accumulation,BAC_C::Cloacimonadia,0.1061907410621643,Bacteria,Class
XGBoost,warning_acid_accumulation,BAC_C::Clostridia,0.0,Bacteria,Class
XGBoost,warning_acid_accumulation,BAC_C::Coprothermobacteria,0.0,Bacteria,Class
XGBoost,warning_acid_accumulation,BAC_C::Coriobacteriia,0.0,Bacteria,Class
XGBoost,warning_acid_accumulation,BAC_C::D8A-2,0.0214005783200263,Bacteria,Class
XGBoost,warning_acid_accumulation,BAC_C::Deinococci,0.0,Bacteria,Class
XGBoost,warning_acid_accumulation,BAC_C::Desulfitobacteriia,0.0,Bacteria,Class
XGBoost,warning_acid_accumulation,BAC_C::Desulfobulbia,0.0,Bacteria,Class
XGBoost,warning_acid_accumulation,BAC_C::Desulfotomaculia,0.0183154791593551,Bacteria,Class
XGBoost,warning_acid_accumulation,BAC_C::Desulfovibrionia,0.0,Bacteria,Class
XGBoost,warning_acid_accumulation,BAC_C::Desulfuromonadia,0.0,Bacteria,Class
XGBoost,warning_acid_accumulation,BAC_C::Dethiobacteria,0.0176131185144186,Bacteria,Class
XGBoost,warning_acid_accumulation,BAC_C::Endomicrobia,0.0,Bacteria,Class
XGBoost,warning_acid_accumulation,BAC_C::Fermentibacteria,0.0,Bacteria,Class
XGBoost,warning_acid_accumulation,BAC_C::Fibrobacteria,0.0096581550315022,Bacteria,Class
XGBoost,warning_acid_accumulation,BAC_C::Fimbriimonadia,0.0,Bacteria,Class
XGBoost,warning_acid_accumulation,BAC_C::Fusobacteriia,0.0,Bacteria,Class
XGBoost,warning_acid_accumulation,BAC_C::Gammaproteobacteria,0.0,Bacteria,Class
XGBoost,warning_acid_accumulation,BAC_C::Gemmatimonadetes,0.0,Bacteria,Class
XGBoost,warning_acid_accumulation,BAC_C::Gracilibacteria,0.0,Bacteria,Class
XGBoost,warning_acid_accumulation,BAC_C::Halanaerobiia,0.0,Bacteria,Class
XGBoost,warning_acid_accumulation,BAC_C::Holophagae,0.0,Bacteria,Class
XGBoost,warning_acid_accumulation,BAC_C::Hydrogenedentia,0.0,Bacteria,Class
XGBoost,warning_acid_accumulation,BAC_C::Hydrothermae,0.0,Bacteria,Class
XGBoost,warning_acid_accumulation,BAC_C::Ignavibacteria,0.0,Bacteria,Class
XGBoost,warning_acid_accumulation,BAC_C::Incertae_Sedis,0.0195139478892087,Bacteria,Class
XGBoost,warning_acid_accumulation,BAC_C::JS1,0.0272516459226608,Bacteria,Class
XGBoost,warning_acid_accumulation,BAC_C::Kapabacteria,0.0,Bacteria,Class
XGBoost,warning_acid_accumulation,BAC_C::Kiritimatiellae,0.0393031984567642,Bacteria,Class
XGBoost,warning_acid_accumulation,BAC_C::Lentisphaeria,0.1059346348047256,Bacteria,Class
XGBoost,warning_acid_accumulation,BAC_C::Leptospirae,0.0,Bacteria,Class
XGBoost,warning_acid_accumulation,BAC_C::Limnochordia,0.0,Bacteria,Class
XGBoost,warning_acid_accumulation,BAC_C::MVP-15,0.0,Bacteria,Class
XGBoost,warning_acid_accumulation,BAC_C::Marinimicrobia_(SAR406_clade),0.0,Bacteria,Class
XGBoost,warning_acid_accumulation,BAC_C::Microgenomatia,0.0,Bacteria,Class
XGBoost,warning_acid_accumulation,BAC_C::Moorellia,0.0,Bacteria,Class
XGBoost,warning_acid_accumulation,BAC_C::Myxococcia,0.0,Bacteria,Class
XGBoost,warning_acid_accumulation,BAC_C::NKB15,0.0,Bacteria,Class
XGBoost,warning_acid_accumulation,BAC_C::Negativicutes,0.0387474335730075,Bacteria,Class
XGBoost,warning_acid_accumulation,BAC_C::Nitrospiria,0.0,Bacteria,Class
XGBoost,warning_acid_accumulation,BAC_C::OLB14,0.0,Bacteria,Class
XGBoost,warning_acid_accumulation,BAC_C::Oligoflexia,0.0,Bacteria,Class
XGBoost,warning_acid_accumulation,BAC_C::Omnitrophia,0.0,Bacteria,Class
XGBoost,warning_acid_accumulation,BAC_C::Parcubacteria,0.0,Bacteria,Class
XGBoost,warning_acid_accumulation,BAC_C::Phycisphaerae,0.0,Bacteria,Class
XGBoost,warning_acid_accumulation,BAC_C::Pla3_lineage,0.0,Bacteria,Class
XGBoost,warning_acid_accumulation,BAC_C::Planctomycetes,0.0,Bacteria,Class
XGBoost,warning_acid_accumulation,BAC_C::Polyangia,0.0,Bacteria,Class
XGBoost,warning_acid_accumulation,BAC_C::RBG-16-55-12,0.0,Bacteria,Class
XGBoost,warning_acid_accumulation,BAC_C::SJA-28,0.0,Bacteria,Class
XGBoost,warning_acid_accumulation,BAC_C::Saccharimonadia,0.0,Bacteria,Class
XGBoost,warning_acid_accumulation,BAC_C::Spirochaetia,0.0100075639784336,Bacteria,Class
XGBoost,warning_acid_accumulation,BAC_C::Sumerlaeia,0.0,Bacteria,Class
XGBoost,warning_acid_accumulation,BAC_C::Sva0485,0.0,Bacteria,Class
XGBoost,warning_acid_accumulation,BAC_C::Symbiobacteriia,0.0,Bacteria,Class
XGBoost,warning_acid_accumulation,BAC_C::Synergistia,0.1146875694394111,Bacteria,Class
XGBoost,warning_acid_accumulation,BAC_C::Syntrophia,0.0,Bacteria,Class
XGBoost,warning_acid_accumulation,BAC_C::Syntrophobacteria,0.0,Bacteria,Class
XGBoost,warning_acid_accumulation,BAC_C::Syntrophomonadia,0.0,Bacteria,Class
XGBoost,warning_acid_accumulation,BAC_C::Syntrophorhabdia,0.0,Bacteria,Class
XGBoost,warning_acid_accumulation,BAC_C::TA06,0.0,Bacteria,Class
XGBoost,warning_acid_accumulation,BAC_C::Thermacetogenia,0.0,Bacteria,Class
XGBoost,warning_acid_accumulation,BAC_C::Thermoanaerobacteria,0.0,Bacteria,Class
XGBoost,warning_acid_accumulation,BAC_C::Thermoanaerobaculia,0.0,Bacteria,Class
XGBoost,warning_acid_accumulation,BAC_C::Thermoleophilia,0.0,Bacteria,Class
XGBoost,warning_acid_accumulation,BAC_C::Thermotogae,0.0449765734374523,Bacteria,Class
XGBoost,warning_acid_accumulation,BAC_C::Thermovenabulia,0.0,Bacteria,Class
XGBoost,warning_acid_accumulation,BAC_C::Vampirivibrionia,0.0,Bacteria,Class
XGBoost,warning_acid_accumulation,BAC_C::Verrucomicrobiae,0.0,Bacteria,Class
XGBoost,warning_acid_accumulation,BAC_C::Vicinamibacteria,0.0,Bacteria,Class
XGBoost,warning_acid_accumulation,BAC_C::WCHB1-81,0.0,Bacteria,Class
XGBoost,warning_acid_accumulation,BAC_C::WPS-2,0.0,Bacteria,Class
XGBoost,warning_acid_accumulation,BAC_C::WS1,0.0,Bacteria,Class
XGBoost,warning_acid_accumulation,BAC_C::WWE3,0.0,Bacteria,Class
XGBoost,warning_acid_accumulation,BAC_C::Zixibacteria,0.0,Bacteria,Class
XGBoost,warning_acid_accumulation,BAC_C::c5LKS83,0.0,Bacteria,Class
XGBoost,warning_acid_accumulation,BAC_C::unidentified,0.0259336847811937,Bacteria,Class
XGBoost,warning_acid_accumulation,ARC_C::Actinopterygii,0.0,Archaea,Class
XGBoost,warning_acid_accumulation,ARC_C::Aenigmarchaeia,0.0,Archaea,Class
XGBoost,warning_acid_accumulation,ARC_C::Bathyarchaeia,0.0,Archaea,Class
XGBoost,warning_acid_accumulation,ARC_C::Bivalvia,0.0,Archaea,Class
XGBoost,warning_acid_accumulation,ARC_C::Ichthyosporea,0.0,Archaea,Class
XGBoost,warning_acid_accumulation,ARC_C::Lokiarchaeia,0.0,Archaea,Class
XGBoost,warning_acid_accumulation,ARC_C::Methanomethylicia,0.0,Archaea,Class
XGBoost,warning_acid_accumulation,ARC_C::Methanomicrobia,0.050011433660984,Archaea,Class
XGBoost,warning_acid_accumulation,ARC_C::Methanosarcinia,0.0128765366971492,Archaea,Class
XGBoost,warning_acid_accumulation,ARC_C::Micrarchaeia,0.0,Archaea,Class
XGBoost,warning_acid_accumulation,ARC_C::Nanoarchaeia,0.0,Archaea,Class
XGBoost,warning_acid_accumulation,ARC_C::Nitrososphaeria,0.0,Archaea,Class
XGBoost,warning_acid_accumulation,ARC_C::Thermococci,0.0176801849156618,Archaea,Class
XGBoost,warning_acid_accumulation,ARC_C::Thermoplasmata,0.1640868037939071,Archaea,Class
XGBoost,warning_acid_accumulation,ARC_C::unidentified,0.0,Archaea,Class
XGBoost,warning_ammonia_toxicity,BAC_C::ABY1,0.0,Bacteria,Class
XGBoost,warning_ammonia_toxicity,BAC_C::Acetothermiia,0.0,Bacteria,Class
XGBoost,warning_ammonia_toxicity,BAC_C::Acidimicrobiia,0.0,Bacteria,Class
XGBoost,warning_ammonia_toxicity,BAC_C::Acidobacteriae,0.0,Bacteria,Class
XGBoost,warning_ammonia_toxicity,BAC_C::Actinobacteria,0.0,Bacteria,Class
XGBoost,warning_ammonia_toxicity,BAC_C::Alphaproteobacteria,0.0545163303613662,Bacteria,Class
XGBoost,warning_ammonia_toxicity,BAC_C::Aminicenantia,0.0,Bacteria,Class
XGBoost,warning_ammonia_toxicity,BAC_C::Anaerolineae,0.2579159736633301,Bacteria,Class
XGBoost,warning_ammonia_toxicity,BAC_C::BRH-c20a,0.0,Bacteria,Class
XGBoost,warning_ammonia_toxicity,BAC_C::Babeliae,0.0,Bacteria,Class
XGBoost,warning_ammonia_toxicity,BAC_C::Bacilli,0.0173689033836126,Bacteria,Class
XGBoost,warning_ammonia_toxicity,BAC_C::Bacteroidia,0.0200389269739389,Bacteria,Class
XGBoost,warning_ammonia_toxicity,BAC_C::Bdellovibrionia,0.0,Bacteria,Class
XGBoost,warning_ammonia_toxicity,BAC_C::Blastocatellia,0.0,Bacteria,Class
XGBoost,warning_ammonia_toxicity,BAC_C::Brachyspirae,0.0,Bacteria,Class
XGBoost,warning_ammonia_toxicity,BAC_C::CK-2C2-2,0.0,Bacteria,Class
XGBoost,warning_ammonia_toxicity,BAC_C::Caldatribacteriia,0.0,Bacteria,Class
XGBoost,warning_ammonia_toxicity,BAC_C::Caldisericia,0.0,Bacteria,Class
XGBoost,warning_ammonia_toxicity,BAC_C::Campylobacteria,0.0,Bacteria,Class
XGBoost,warning_ammonia_toxicity,BAC_C::Chlamydiae,0.0,Bacteria,Class
XGBoost,warning_ammonia_toxicity,BAC_C::Chthonomonadetes,0.0,Bacteria,Class
XGBoost,warning_ammonia_toxicity,BAC_C::Cloacimonadia,0.014905416406691,Bacteria,Class
XGBoost,warning_ammonia_toxicity,BAC_C::Clostridia,0.16139517724514,Bacteria,Class
XGBoost,warning_ammonia_toxicity,BAC_C::Coprothermobacteria,0.0,Bacteria,Class
XGBoost,warning_ammonia_toxicity,BAC_C::Coriobacteriia,0.0,Bacteria,Class
XGBoost,warning_ammonia_toxicity,BAC_C::D8A-2,0.0239420961588621,Bacteria,Class
XGBoost,warning_ammonia_toxicity,BAC_C::Deinococci,0.0,Bacteria,Class
XGBoost,warning_ammonia_toxicity,BAC_C::Desulfitobacteriia,0.0,Bacteria,Class
XGBoost,warning_ammonia_toxicity,BAC_C::Desulfobulbia,0.0,Bacteria,Class
XGBoost,warning_ammonia_toxicity,BAC_C::Desulfotomaculia,0.0,Bacteria,Class
XGBoost,warning_ammonia_toxicity,BAC_C::Desulfovibrionia,0.0405733995139598,Bacteria,Class
XGBoost,warning_ammonia_toxicity,BAC_C::Desulfuromonadia,0.0,Bacteria,Class
XGBoost,warning_ammonia_toxicity,BAC_C::Dethiobacteria,0.0231406390666961,Bacteria,Class
XGBoost,warning_ammonia_toxicity,BAC_C::Endomicrobia,0.0,Bacteria,Class
XGBoost,warning_ammonia_toxicity,BAC_C::Fermentibacteria,0.0,Bacteria,Class
XGBoost,warning_ammonia_toxicity,BAC_C::Fibrobacteria,0.0,Bacteria,Class
XGBoost,warning_ammonia_toxicity,BAC_C::Fimbriimonadia,0.0,Bacteria,Class
XGBoost,warning_ammonia_toxicity,BAC_C::Fusobacteriia,0.0,Bacteria,Class
XGBoost,warning_ammonia_toxicity,BAC_C::Gammaproteobacteria,0.0716170817613601,Bacteria,Class
XGBoost,warning_ammonia_toxicity,BAC_C::Gemmatimonadetes,0.0,Bacteria,Class
XGBoost,warning_ammonia_toxicity,BAC_C::Gracilibacteria,0.0,Bacteria,Class
XGBoost,warning_ammonia_toxicity,BAC_C::Halanaerobiia,0.0,Bacteria,Class
XGBoost,warning_ammonia_toxicity,BAC_C::Holophagae,0.0,Bacteria,Class
XGBoost,warning_ammonia_toxicity,BAC_C::Hydrogenedentia,0.0,Bacteria,Class
XGBoost,warning_ammonia_toxicity,BAC_C::Hydrothermae,0.0,Bacteria,Class
XGBoost,warning_ammonia_toxicity,BAC_C::Ignavibacteria,0.0,Bacteria,Class
XGBoost,warning_ammonia_toxicity,BAC_C::Incertae_Sedis,0.0538788177073001,Bacteria,Class
XGBoost,warning_ammonia_toxicity,BAC_C::JS1,0.0155797908082604,Bacteria,Class
XGBoost,warning_ammonia_toxicity,BAC_C::Kapabacteria,0.0,Bacteria,Class
XGBoost,warning_ammonia_toxicity,BAC_C::Kiritimatiellae,0.0,Bacteria,Class
XGBoost,warning_ammonia_toxicity,BAC_C::Lentisphaeria,0.0,Bacteria,Class
XGBoost,warning_ammonia_toxicity,BAC_C::Leptospirae,0.0,Bacteria,Class
XGBoost,warning_ammonia_toxicity,BAC_C::Limnochordia,0.0607610568404197,Bacteria,Class
XGBoost,warning_ammonia_toxicity,BAC_C::MVP-15,0.0,Bacteria,Class
XGBoost,warning_ammonia_toxicity,BAC_C::Marinimicrobia_(SAR406_clade),0.0,Bacteria,Class
XGBoost,warning_ammonia_toxicity,BAC_C::Microgenomatia,0.0,Bacteria,Class
XGBoost,warning_ammonia_toxicity,BAC_C::Moorellia,0.0,Bacteria,Class
XGBoost,warning_ammonia_toxicity,BAC_C::Myxococcia,0.0,Bacteria,Class
XGBoost,warning_ammonia_toxicity,BAC_C::NKB15,0.0,Bacteria,Class
XGBoost,warning_ammonia_toxicity,BAC_C::Negativicutes,0.0,Bacteria,Class
XGBoost,warning_ammonia_toxicity,BAC_C::Nitrospiria,0.0,Bacteria,Class
XGBoost,warning_ammonia_toxicity,BAC_C::OLB14,0.0,Bacteria,Class
XGBoost,warning_ammonia_toxicity,BAC_C::Oligoflexia,0.0,Bacteria,Class
XGBoost,warning_ammonia_toxicity,BAC_C::Omnitrophia,0.0,Bacteria,Class
XGBoost,warning_ammonia_toxicity,BAC_C::Parcubacteria,0.0,Bacteria,Class
XGBoost,warning_ammonia_toxicity,BAC_C::Phycisphaerae,0.0,Bacteria,Class
XGBoost,warning_ammonia_toxicity,BAC_C::Pla3_lineage,0.0,Bacteria,Class
XGBoost,warning_ammonia_toxicity,BAC_C::Planctomycetes,0.0204346813261508,Bacteria,Class
XGBoost,warning_ammonia_toxicity,BAC_C::Polyangia,0.0,Bacteria,Class
XGBoost,warning_ammonia_toxicity,BAC_C::RBG-16-55-12,0.0,Bacteria,Class
XGBoost,warning_ammonia_toxicity,BAC_C::SJA-28,0.0,Bacteria,Class
XGBoost,warning_ammonia_toxicity,BAC_C::Saccharimonadia,0.0,Bacteria,Class
XGBoost,warning_ammonia_toxicity,BAC_C::Spirochaetia,0.0155229205265641,Bacteria,Class
XGBoost,warning_ammonia_toxicity,BAC_C::Sumerlaeia,0.0,Bacteria,Class
XGBoost,warning_ammonia_toxicity,BAC_C::Sva0485,0.0,Bacteria,Class
XGBoost,warning_ammonia_toxicity,BAC_C::Symbiobacteriia,0.0,Bacteria,Class
XGBoost,warning_ammonia_toxicity,BAC_C::Synergistia,0.0,Bacteria,Class
XGBoost,warning_ammonia_toxicity,BAC_C::Syntrophia,0.0,Bacteria,Class
XGBoost,warning_ammonia_toxicity,BAC_C::Syntrophobacteria,0.0,Bacteria,Class
XGBoost,warning_ammonia_toxicity,BAC_C::Syntrophomonadia,0.0,Bacteria,Class
XGBoost,warning_ammonia_toxicity,BAC_C::Syntrophorhabdia,0.0,Bacteria,Class
XGBoost,warning_ammonia_toxicity,BAC_C::TA06,0.0,Bacteria,Class
XGBoost,warning_ammonia_toxicity,BAC_C::Thermacetogenia,0.0,Bacteria,Class
XGBoost,warning_ammonia_toxicity,BAC_C::Thermoanaerobacteria,0.0184588208794593,Bacteria,Class
XGBoost,warning_ammonia_toxicity,BAC_C::Thermoanaerobaculia,0.0,Bacteria,Class
XGBoost,warning_ammonia_toxicity,BAC_C::Thermoleophilia,0.0,Bacteria,Class
XGBoost,warning_ammonia_toxicity,BAC_C::Thermotogae,0.0,Bacteria,Class
XGBoost,warning_ammonia_toxicity,BAC_C::Thermovenabulia,0.0066354922018945,Bacteria,Class
XGBoost,warning_ammonia_toxicity,BAC_C::Vampirivibrionia,0.0,Bacteria,Class
XGBoost,warning_ammonia_toxicity,BAC_C::Verrucomicrobiae,0.0,Bacteria,Class
XGBoost,warning_ammonia_toxicity,BAC_C::Vicinamibacteria,0.0,Bacteria,Class
XGBoost,warning_ammonia_toxicity,BAC_C::WCHB1-81,0.0,Bacteria,Class
XGBoost,warning_ammonia_toxicity,BAC_C::WPS-2,0.0,Bacteria,Class
XGBoost,warning_ammonia_toxicity,BAC_C::WS1,0.0188691578805446,Bacteria,Class
XGBoost,warning_ammonia_toxicity,BAC_C::WWE3,0.0,Bacteria,Class
XGBoost,warning_ammonia_toxicity,BAC_C::Zixibacteria,0.0,Bacteria,Class
XGBoost,warning_ammonia_toxicity,BAC_C::c5LKS83,0.0,Bacteria,Class
XGBoost,warning_ammonia_toxicity,BAC_C::unidentified,0.0,Bacteria,Class
XGBoost,warning_ammonia_toxicity,ARC_C::Actinopterygii,0.0,Archaea,Class
XGBoost,warning_ammonia_toxicity,ARC_C::Aenigmarchaeia,0.0,Archaea,Class
XGBoost,warning_ammonia_toxicity,ARC_C::Bathyarchaeia,0.0108321923762559,Archaea,Class
XGBoost,warning_ammonia_toxicity,ARC_C::Bivalvia,0.0,Archaea,Class
XGBoost,warning_ammonia_toxicity,ARC_C::Ichthyosporea,0.0,Archaea,Class
XGBoost,warning_ammonia_toxicity,ARC_C::Lokiarchaeia,0.0,Archaea,Class
XGBoost,warning_ammonia_toxicity,ARC_C::Methanomethylicia,0.0,Archaea,Class
XGBoost,warning_ammonia_toxicity,ARC_C::Methanomicrobia,0.0137380380183458,Archaea,Class
XGBoost,warning_ammonia_toxicity,ARC_C::Methanosarcinia,0.0136334970593452,Archaea,Class
XGBoost,warning_ammonia_toxicity,ARC_C::Micrarchaeia,0.0,Archaea,Class
XGBoost,warning_ammonia_toxicity,ARC_C::Nanoarchaeia,0.0,Archaea,Class
XGBoost,warning_ammonia_toxicity,ARC_C::Nitrososphaeria,0.0,Archaea,Class
XGBoost,warning_ammonia_toxicity,ARC_C::Thermococci,0.0301985591650009,Archaea,Class
XGBoost,warning_ammonia_toxicity,ARC_C::Thermoplasmata,0.0299185197800397,Archaea,Class
XGBoost,warning_ammonia_toxicity,ARC_C::unidentified,0.0061245379038155,Archaea,Class
XGBoost,warning_biogas_quality,BAC_C::ABY1,0.0,Bacteria,Class
XGBoost,warning_biogas_quality,BAC_C::Acetothermiia,0.0,Bacteria,Class
XGBoost,warning_biogas_quality,BAC_C::Acidimicrobiia,0.0,Bacteria,Class
XGBoost,warning_biogas_quality,BAC_C::Acidobacteriae,0.0,Bacteria,Class
XGBoost,warning_biogas_quality,BAC_C::Actinobacteria,0.0216085445135831,Bacteria,Class
XGBoost,warning_biogas_quality,BAC_C::Alphaproteobacteria,0.0237745456397533,Bacteria,Class
XGBoost,warning_biogas_quality,BAC_C::Aminicenantia,0.0,Bacteria,Class
XGBoost,warning_biogas_quality,BAC_C::Anaerolineae,0.0,Bacteria,Class
XGBoost,warning_biogas_quality,BAC_C::BRH-c20a,0.0,Bacteria,Class
XGBoost,warning_biogas_quality,BAC_C::Babeliae,0.0,Bacteria,Class
XGBoost,warning_biogas_quality,BAC_C::Bacilli,0.1063630059361457,Bacteria,Class
XGBoost,warning_biogas_quality,BAC_C::Bacteroidia,0.0224348045885562,Bacteria,Class
XGBoost,warning_biogas_quality,BAC_C::Bdellovibrionia,0.0,Bacteria,Class
XGBoost,warning_biogas_quality,BAC_C::Blastocatellia,0.0,Bacteria,Class
XGBoost,warning_biogas_quality,BAC_C::Brachyspirae,0.0,Bacteria,Class
XGBoost,warning_biogas_quality,BAC_C::CK-2C2-2,0.0,Bacteria,Class
XGBoost,warning_biogas_quality,BAC_C::Caldatribacteriia,0.0,Bacteria,Class
XGBoost,warning_biogas_quality,BAC_C::Caldisericia,0.0,Bacteria,Class
XGBoost,warning_biogas_quality,BAC_C::Campylobacteria,0.0,Bacteria,Class
XGBoost,warning_biogas_quality,BAC_C::Chlamydiae,0.0,Bacteria,Class
XGBoost,warning_biogas_quality,BAC_C::Chthonomonadetes,0.0,Bacteria,Class
XGBoost,warning_biogas_quality,BAC_C::Cloacimonadia,0.0412024669349193,Bacteria,Class
XGBoost,warning_biogas_quality,BAC_C::Clostridia,0.0,Bacteria,Class
XGBoost,warning_biogas_quality,BAC_C::Coprothermobacteria,0.0,Bacteria,Class
XGBoost,warning_biogas_quality,BAC_C::Coriobacteriia,0.175353467464447,Bacteria,Class
XGBoost,warning_biogas_quality,BAC_C::D8A-2,0.0,Bacteria,Class
XGBoost,warning_biogas_quality,BAC_C::Deinococci,0.0,Bacteria,Class
XGBoost,warning_biogas_quality,BAC_C::Desulfitobacteriia,0.0,Bacteria,Class
XGBoost,warning_biogas_quality,BAC_C::Desulfobulbia,0.0,Bacteria,Class
XGBoost,warning_biogas_quality,BAC_C::Desulfotomaculia,0.0,Bacteria,Class
XGBoost,warning_biogas_quality,BAC_C::Desulfovibrionia,0.0,Bacteria,Class
XGBoost,warning_biogas_quality,BAC_C::Desulfuromonadia,0.0,Bacteria,Class
XGBoost,warning_biogas_quality,BAC_C::Dethiobacteria,0.0,Bacteria,Class
XGBoost,warning_biogas_quality,BAC_C::Endomicrobia,0.047208983451128,Bacteria,Class
XGBoost,warning_biogas_quality,BAC_C::Fermentibacteria,0.0,Bacteria,Class
XGBoost,warning_biogas_quality,BAC_C::Fibrobacteria,0.0,Bacteria,Class
XGBoost,warning_biogas_quality,BAC_C::Fimbriimonadia,0.0,Bacteria,Class
XGBoost,warning_biogas_quality,BAC_C::Fusobacteriia,0.0,Bacteria,Class
XGBoost,warning_biogas_quality,BAC_C::Gammaproteobacteria,0.0,Bacteria,Class
XGBoost,warning_biogas_quality,BAC_C::Gemmatimonadetes,0.0,Bacteria,Class
XGBoost,warning_biogas_quality,BAC_C::Gracilibacteria,0.0,Bacteria,Class
XGBoost,warning_biogas_quality,BAC_C::Halanaerobiia,0.0,Bacteria,Class
XGBoost,warning_biogas_quality,BAC_C::Holophagae,0.0,Bacteria,Class
XGBoost,warning_biogas_quality,BAC_C::Hydrogenedentia,0.0,Bacteria,Class
XGBoost,warning_biogas_quality,BAC_C::Hydrothermae,0.0,Bacteria,Class
XGBoost,warning_biogas_quality,BAC_C::Ignavibacteria,0.0,Bacteria,Class
XGBoost,warning_biogas_quality,BAC_C::Incertae_Sedis,0.0,Bacteria,Class
XGBoost,warning_biogas_quality,BAC_C::JS1,0.0,Bacteria,Class
XGBoost,warning_biogas_quality,BAC_C::Kapabacteria,0.0,Bacteria,Class
XGBoost,warning_biogas_quality,BAC_C::Kiritimatiellae,0.1004059538245201,Bacteria,Class
XGBoost,warning_biogas_quality,BAC_C::Lentisphaeria,0.0,Bacteria,Class
XGBoost,warning_biogas_quality,BAC_C::Leptospirae,0.0,Bacteria,Class
XGBoost,warning_biogas_quality,BAC_C::Limnochordia,0.0,Bacteria,Class
XGBoost,warning_biogas_quality,BAC_C::MVP-15,0.0,Bacteria,Class
XGBoost,warning_biogas_quality,BAC_C::Marinimicrobia_(SAR406_clade),0.0,Bacteria,Class
XGBoost,warning_biogas_quality,BAC_C::Microgenomatia,0.0,Bacteria,Class
XGBoost,warning_biogas_quality,BAC_C::Moorellia,0.0,Bacteria,Class
XGBoost,warning_biogas_quality,BAC_C::Myxococcia,0.0,Bacteria,Class
XGBoost,warning_biogas_quality,BAC_C::NKB15,0.0,Bacteria,Class
XGBoost,warning_biogas_quality,BAC_C::Negativicutes,0.0644860863685607,Bacteria,Class
XGBoost,warning_biogas_quality,BAC_C::Nitrospiria,0.0,Bacteria,Class
XGBoost,warning_biogas_quality,BAC_C::OLB14,0.0,Bacteria,Class
XGBoost,warning_biogas_quality,BAC_C::Oligoflexia,0.0,Bacteria,Class
XGBoost,warning_biogas_quality,BAC_C::Omnitrophia,0.0,Bacteria,Class
XGBoost,warning_biogas_quality,BAC_C::Parcubacteria,0.0,Bacteria,Class
XGBoost,warning_biogas_quality,BAC_C::Phycisphaerae,0.0,Bacteria,Class
XGBoost,warning_biogas_quality,BAC_C::Pla3_lineage,0.0,Bacteria,Class
XGBoost,warning_biogas_quality,BAC_C::Planctomycetes,0.0,Bacteria,Class
XGBoost,warning_biogas_quality,BAC_C::Polyangia,0.0,Bacteria,Class
XGBoost,warning_biogas_quality,BAC_C::RBG-16-55-12,0.0,Bacteria,Class
XGBoost,warning_biogas_quality,BAC_C::SJA-28,0.0,Bacteria,Class
XGBoost,warning_biogas_quality,BAC_C::Saccharimonadia,0.0,Bacteria,Class
XGBoost,warning_biogas_quality,BAC_C::Spirochaetia,0.1012276485562324,Bacteria,Class
XGBoost,warning_biogas_quality,BAC_C::Sumerlaeia,0.0,Bacteria,Class
XGBoost,warning_biogas_quality,BAC_C::Sva0485,0.0,Bacteria,Class
XGBoost,warning_biogas_quality,BAC_C::Symbiobacteriia,0.0,Bacteria,Class
XGBoost,warning_biogas_quality,BAC_C::Synergistia,0.0393977351486682,Bacteria,Class
XGBoost,warning_biogas_quality,BAC_C::Syntrophia,0.0,Bacteria,Class
XGBoost,warning_biogas_quality,BAC_C::Syntrophobacteria,0.0,Bacteria,Class
XGBoost,warning_biogas_quality,BAC_C::Syntrophomonadia,0.0208844747394323,Bacteria,Class
XGBoost,warning_biogas_quality,BAC_C::Syntrophorhabdia,0.0,Bacteria,Class
XGBoost,warning_biogas_quality,BAC_C::TA06,0.0,Bacteria,Class
XGBoost,warning_biogas_quality,BAC_C::Thermacetogenia,0.0,Bacteria,Class
XGBoost,warning_biogas_quality,BAC_C::Thermoanaerobacteria,0.0,Bacteria,Class
XGBoost,warning_biogas_quality,BAC_C::Thermoanaerobaculia,0.0,Bacteria,Class
XGBoost,warning_biogas_quality,BAC_C::Thermoleophilia,0.0,Bacteria,Class
XGBoost,warning_biogas_quality,BAC_C::Thermotogae,0.0,Bacteria,Class
XGBoost,warning_biogas_quality,BAC_C::Thermovenabulia,0.0,Bacteria,Class
XGBoost,warning_biogas_quality,BAC_C::Vampirivibrionia,0.0,Bacteria,Class
XGBoost,warning_biogas_quality,BAC_C::Verrucomicrobiae,0.0,Bacteria,Class
XGBoost,warning_biogas_quality,BAC_C::Vicinamibacteria,0.0,Bacteria,Class
XGBoost,warning_biogas_quality,BAC_C::WCHB1-81,0.0,Bacteria,Class
XGBoost,warning_biogas_quality,BAC_C::WPS-2,0.0,Bacteria,Class
XGBoost,warning_biogas_quality,BAC_C::WS1,0.0,Bacteria,Class
XGBoost,warning_biogas_quality,BAC_C::WWE3,0.0,Bacteria,Class
XGBoost,warning_biogas_quality,BAC_C::Zixibacteria,0.0,Bacteria,Class
XGBoost,warning_biogas_quality,BAC_C::c5LKS83,0.0,Bacteria,Class
XGBoost,warning_biogas_quality,BAC_C::unidentified,0.0,Bacteria,Class
XGBoost,warning_biogas_quality,ARC_C::Actinopterygii,0.0,Archaea,Class
XGBoost,warning_biogas_quality,ARC_C::Aenigmarchaeia,0.0,Archaea,Class
XGBoost,warning_biogas_quality,ARC_C::Bathyarchaeia,0.0683412700891494,Archaea,Class
XGBoost,warning_biogas_quality,ARC_C::Bivalvia,0.0,Archaea,Class
XGBoost,warning_biogas_quality,ARC_C::Ichthyosporea,0.0,Archaea,Class
XGBoost,warning_biogas_quality,ARC_C::Lokiarchaeia,0.0,Archaea,Class
XGBoost,warning_biogas_quality,ARC_C::Methanomethylicia,0.0,Archaea,Class
XGBoost,warning_biogas_quality,ARC_C::Methanomicrobia,0.1141440644860267,Archaea,Class
XGBoost,warning_biogas_quality,ARC_C::Methanosarcinia,0.0,Archaea,Class
XGBoost,warning_biogas_quality,ARC_C::Micrarchaeia,0.0,Archaea,Class
XGBoost,warning_biogas_quality,ARC_C::Nanoarchaeia,0.0,Archaea,Class
XGBoost,warning_biogas_quality,ARC_C::Nitrososphaeria,0.0,Archaea,Class
XGBoost,warning_biogas_quality,ARC_C::Thermococci,0.053166925907135,Archaea,Class
XGBoost,warning_biogas_quality,ARC_C::Thermoplasmata,0.0,Archaea,Class
XGBoost,warning_biogas_quality,ARC_C::unidentified,0.0,Archaea,Class
