fold,feature
1,BAC_G::009E01-B-SD-P15
1,BAC_G::0319-6G20
1,BAC_G::1-20
1,BAC_G::113B434
1,BAC_G::67-14
1,BAC_G::A0839
1,BAC_G::A21b
1,BAC_G::AAP99
1,BAC_G::ADurb.Bin063-1
1,BAC_G::ADurb.Bin063-2
1,BAC_G::ADurb.Bin118
1,BAC_G::ADurb.Bin120
1,BAC_G::AKYH767
1,BAC_G::AUTHM297
1,BAC_G::Absconditabacteriales_(SR1)
1,BAC_G::Acetitomaculum
1,BAC_G::Acetivibrio
1,BAC_G::Acetoanaerobium
1,BAC_G::Acetobacter
1,BAC_G::Acetomicrobium
1,BAC_G::Acetothermiia
1,BAC_G::Acholeplasma
1,BAC_G::Achromobacter
1,BAC_G::Acidibacter
1,BAC_G::Acidovorax
1,BAC_G::Acinetobacter
1,BAC_G::Actinomyces
1,BAC_G::Aeriscardovia
1,BAC_G::Aeromonas
1,BAC_G::Ahniella
1,BAC_G::Alcaligenes
1,BAC_G::Alkaliphilus
1,BAC_G::Allorhizobium-Neorhizobium-Pararhizobium-Rhizobium
1,BAC_G::Aminicenantales
1,BAC_G::Aminobacterium
1,BAC_G::Amnipila
1,BAC_G::Amphibacillus
1,BAC_G::Anaerococcus
1,BAC_G::Anaerocolumna
1,BAC_G::Anaerofustis
1,BAC_G::Anaeromyxobacter
1,BAC_G::Anaerovorax
1,BAC_G::Aquabacterium
1,BAC_G::Aquicella
1,BAC_G::Aquimonas
1,BAC_G::Arcobacter
1,BAC_G::Arenimonas
1,BAC_G::Atopobium
1,BAC_G::Azospira
1,BAC_G::B1-7BS
1,BAC_G::B55-F-B-G02
1,BAC_G::BBMC-4
1,BAC_G::BD1-7_clade
1,BAC_G::BRH-c20a
1,BAC_G::BSV13
1,BAC_G::Babeliales
1,BAC_G::Bacillus
1,BAC_G::Bacteroidales_UCG-001
1,BAC_G::Bacteroides
1,BAC_G::Bacteroidetes_BD2-2
1,BAC_G::Bacteroidetes_VC2.1_Bac22
1,BAC_G::Bacteroidetes_vadinHA17
1,BAC_G::Bdellovibrio
1,BAC_G::Bifidobacterium
1,BAC_G::Blastopirellula
1,BAC_G::Brachymonas
1,BAC_G::Bradyrhizobium
1,BAC_G::Burkholderia-Caballeronia-Paraburkholderia
1,BAC_G::Butyrivibrio
1,BAC_G::C1-B045
1,BAC_G::CI75cm.2.12
1,BAC_G::CK-2C2-2
1,BAC_G::Caldicoprobacter
1,BAC_G::Caldisericum
1,BAC_G::Candidatus_Accumulibacter
1,BAC_G::Candidatus_Anammoximicrobium
1,BAC_G::Candidatus_Berkiella
1,BAC_G::Candidatus_Caldatribacterium
1,BAC_G::Candidatus_Cloacimonas
1,BAC_G::Candidatus_Competibacter
1,BAC_G::Candidatus_Obscuribacter
1,BAC_G::Candidatus_Omnitrophus
1,BAC_G::Candidatus_Peregrinibacteria
1,BAC_G::Candidatus_Saccharimonas
1,BAC_G::Candidatus_Soleaferrea
1,BAC_G::Candidatus_Solibacter
1,BAC_G::Caproiciproducens
1,BAC_G::Caulobacter
1,BAC_G::Cetobacterium
1,BAC_G::Chishuiella
1,BAC_G::Chryseobacterium
1,BAC_G::Chthonomonadales
1,BAC_G::Chujaibacter
1,BAC_G::Cloacibacterium
1,BAC_G::Cloacimonadaceae
1,BAC_G::Cloacimonadales
1,BAC_G::Clostridia_UCG-014
1,BAC_G::Clostridium_sensu_stricto_1
1,BAC_G::Clostridium_sensu_stricto_15
1,BAC_G::Clostridium_sensu_stricto_8
1,BAC_G::Comamonas
1,BAC_G::Coprothermobacter
1,BAC_G::Crassaminicella
1,BAC_G::Crenothrix
1,BAC_G::Cryptanaerobacter
1,BAC_G::D8A-2
1,BAC_G::DEV007
1,BAC_G::DEV114
1,BAC_G::DMER64
1,BAC_G::DS-100
1,BAC_G::DTU014
1,BAC_G::Dechloromonas
1,BAC_G::Defluviicoccus
1,BAC_G::Defluviitalea
1,BAC_G::Defluviitoga
1,BAC_G::Dehalobacter
1,BAC_G::Delftia
1,BAC_G::Denitratisoma
1,BAC_G::Denitrobacterium
1,BAC_G::Dermatophilus
1,BAC_G::Desulfitibacter
1,BAC_G::Desulfobulbus
1,BAC_G::Desulfomicrobium
1,BAC_G::Desulfovibrio
1,BAC_G::Dethiobacter
1,BAC_G::Devosia
1,BAC_G::Dialister
1,BAC_G::Dietzia
1,BAC_G::Dokdonella
1,BAC_G::Dongia
1,BAC_G::Dysgonomonadaceae
1,BAC_G::EBM-39
1,BAC_G::Ellin6067
1,BAC_G::Empedobacter
1,BAC_G::Endomicrobium
1,BAC_G::Enhydrobacter
1,BAC_G::Enterococcus
1,BAC_G::Ercella
1,BAC_G::Erysipelothrix
1,BAC_G::Erysipelotrichaceae_UCG-007
1,BAC_G::Exilispira
1,BAC_G::F082
1,BAC_G::FTLpost3
1,BAC_G::Fastidiosipila
1,BAC_G::Fermentibacteraceae
1,BAC_G::Fermentimonas
1,BAC_G::Ferribacterium
1,BAC_G::Ferruginibacter
1,BAC_G::Fervidobacterium
1,BAC_G::Fibrobacter
1,BAC_G::Filomicrobium
1,BAC_G::Fimbriimonadaceae
1,BAC_G::Flavobacterium
1,BAC_G::Flexilinea
1,BAC_G::Fonticella
1,BAC_G::Frisingicoccus
1,BAC_G::Fusibacter
1,BAC_G::Fusobacterium
1,BAC_G::GWE2-31-10
1,BAC_G::GWE2-42-42
1,BAC_G::GZKB124
1,BAC_G::GZKB75
1,BAC_G::Galbitalea
1,BAC_G::Gallicola
1,BAC_G::Gelria
1,BAC_G::Georgenia
1,BAC_G::Globicatella
1,BAC_G::Gluconobacter
1,BAC_G::Gracilibacter
1,BAC_G::Guggenheimella
1,BAC_G::H1
1,BAC_G::HN-HF0106
1,BAC_G::HOC36
1,BAC_G::Haliangium
1,BAC_G::Halocella
1,BAC_G::Herbinix
1,BAC_G::Holophaga
1,BAC_G::Hungateiclostridiaceae
1,BAC_G::Hungateiclostridium
1,BAC_G::Hydrogenedensaceae
1,BAC_G::Hydrogenispora
1,BAC_G::Hydrogenophaga
1,BAC_G::Hydrothermae
1,BAC_G::Hyphomicrobium
1,BAC_G::Hypnocyclicus
1,BAC_G::IMCC26207
1,BAC_G::IMCC26256
1,BAC_G::Iamia
1,BAC_G::Ignatzschineria
1,BAC_G::Ignavibacterium
1,BAC_G::Inhella
1,BAC_G::Irregularibacter
1,BAC_G::Izemoplasmataceae
1,BAC_G::Izemoplasmatales
1,BAC_G::JG36-GS-52
1,BAC_G::JGI-0000079-D21
1,BAC_G::JGI_0001001-H03
1,BAC_G::JS1
1,BAC_G::Janthinobacterium
1,BAC_G::KCLunmb-38-53
1,BAC_G::Kapabacteriales
1,BAC_G::Keratinibaculum
1,BAC_G::Koukoulia
1,BAC_G::LD1-PA32
1,BAC_G::LD1-PB3
1,BAC_G::LF045
1,BAC_G::LNR_A2-18
1,BAC_G::Lachnoclostridium
1,BAC_G::Lachnospira
1,BAC_G::Lachnospiraceae_UCG-004
1,BAC_G::Lactivibrio
1,BAC_G::Lactobacillus
1,BAC_G::Lactococcus
1,BAC_G::Lautropia
1,BAC_G::Lawsonella
1,BAC_G::Leeia
1,BAC_G::Lentimicrobiaceae
1,BAC_G::Lentimicrobium
1,BAC_G::Leptotrichia
1,BAC_G::Leuconostoc
1,BAC_G::Limnobacter
1,BAC_G::Limnochordaceae
1,BAC_G::Limnochordia
1,BAC_G::Longilinea
1,BAC_G::Longivirga
1,BAC_G::Luteimonas
1,BAC_G::Lutispora
1,BAC_G::M55-D21
1,BAC_G::MAT-CR-H4-C10
1,BAC_G::MBA03
1,BAC_G::MM2
1,BAC_G::MVP-15
1,BAC_G::Macellibacteroides
1,BAC_G::Marinilabiliaceae
1,BAC_G::Marinimicrobia_(SAR406_clade)
1,BAC_G::Mariniphaga
1,BAC_G::Megasphaera
1,BAC_G::Membranicola
1,BAC_G::Mesotoga
1,BAC_G::Methylocella
1,BAC_G::Methyloglobulus
1,BAC_G::Methyloparacoccus
1,BAC_G::Methylotenera
1,BAC_G::Methyloversatilis
1,BAC_G::MgMjR-022
1,BAC_G::Microbacterium
1,BAC_G::Microvirgula
1,BAC_G::Mogibacterium
1,BAC_G::Monoglobus
1,BAC_G::Moorella
1,BAC_G::Moraxellaceae
1,BAC_G::Morganella
1,BAC_G::Mycobacterium
1,BAC_G::Myroides
1,BAC_G::NK-L14
1,BAC_G::NKB15
1,BAC_G::Natronincola
1,BAC_G::Niabella
1,BAC_G::Nitrosomonas
1,BAC_G::Nitrospira
1,BAC_G::Novosphingobium
1,BAC_G::OLB12
1,BAC_G::OLB14
1,BAC_G::OLB8
1,BAC_G::OPB41
1,BAC_G::Oligella
1,BAC_G::Olsenella
1,BAC_G::Ornithinibacter
1,BAC_G::Oscillospira
1,BAC_G::PHOS-HE36
1,BAC_G::PLTA13
1,BAC_G::Paludibacter
1,BAC_G::Paludibaculum
1,BAC_G::Pantoea
1,BAC_G::Papillibacter
1,BAC_G::Parabacteroides
1,BAC_G::Paracoccus
1,BAC_G::PeH15
1,BAC_G::PeM15
1,BAC_G::Pedosphaeraceae
1,BAC_G::Pelotomaculum
1,BAC_G::Peptoclostridium
1,BAC_G::Peptoniphilus
1,BAC_G::Peptostreptococcus
1,BAC_G::Petrimonas
1,BAC_G::Phaeodactylibacter
1,BAC_G::Pir4_lineage
1,BAC_G::Pirellula
1,BAC_G::Pla3_lineage
1,BAC_G::Planctomicrobium
1,BAC_G::Prevotella
1,BAC_G::Prevotellaceae_UCG-001
1,BAC_G::Propionispira
1,BAC_G::Propionivibrio
1,BAC_G::Proteiniborus
1,BAC_G::Proteiniphilum
1,BAC_G::Proteocatella
1,BAC_G::Proteus
1,BAC_G::Providencia
1,BAC_G::Pseudarcobacter
1,BAC_G::Pseudobacteroides
1,BAC_G::Pseudomonas
1,BAC_G::Pseudoramibacter
1,BAC_G::Pseudoscardovia
1,BAC_G::Pseudoxanthomonas
1,BAC_G::Psychrobacter
1,BAC_G::RBG-13-54-9
1,BAC_G::RBG-16-49-21
1,BAC_G::RBG-16-55-12
1,BAC_G::Raoultibacter
1,BAC_G::Reyranella
1,BAC_G::Rhodanobacter
1,BAC_G::Rhodobacter
1,BAC_G::Rhodoferax
1,BAC_G::Rivicola
1,BAC_G::Roseimarinus
1,BAC_G::Roseomonas
1,BAC_G::Rubellimicrobium
1,BAC_G::Ruminiclostridium
1,BAC_G::Ruminococcus
1,BAC_G::Ruminofilibacter
1,BAC_G::Run-SP154
1,BAC_G::S15A-MN91
1,BAC_G::SB-5
1,BAC_G::SBR1031
1,BAC_G::SC-I-84
1,BAC_G::SC103
1,BAC_G::SH-PL14
1,BAC_G::SHA-41
1,BAC_G::SJA-15
1,BAC_G::SJA-28
1,BAC_G::SM1A02
1,BAC_G::SN8
1,BAC_G::SRB2
1,BAC_G::ST-12K33
1,BAC_G::SWB02
1,BAC_G::Saccharimonadales
1,BAC_G::Saccharofermentans
1,BAC_G::Sedimentibacter
1,BAC_G::Serratia
1,BAC_G::Shinella
1,BAC_G::Shuttleworthia
1,BAC_G::Simplicispira
1,BAC_G::Smithella
1,BAC_G::Soehngenia
1,BAC_G::Sphaerochaeta
1,BAC_G::Sphingobacterium
1,BAC_G::Sphingomonas
1,BAC_G::Sphingopyxis
1,BAC_G::Spirochaeta
1,BAC_G::Sporanaerobacter
1,BAC_G::Stenotrophomonas
1,BAC_G::Streptococcus
1,BAC_G::Succiniclasticum
1,BAC_G::Sulfuritalea
1,BAC_G::Sumerlaea
1,BAC_G::Sutterella
1,BAC_G::Sva0485
1,BAC_G::Symbiobacterium
1,BAC_G::Syner-01
1,BAC_G::Syntrophaceticus
1,BAC_G::Syntrophobacter
1,BAC_G::Syntrophococcus
1,BAC_G::Syntrophomonas
1,BAC_G::Syntrophorhabdus
1,BAC_G::Syntrophotalea
1,BAC_G::Syntrophothermus
1,BAC_G::Syntrophus
1,BAC_G::TA06
1,BAC_G::TPD-58
1,BAC_G::TTA-B1
1,BAC_G::Tepidanaerobacter
1,BAC_G::Tepidimicrobium
1,BAC_G::Terrimonas
1,BAC_G::Tetrasphaera
1,BAC_G::Thauera
1,BAC_G::Thermoanaerobaculum
1,BAC_G::Thermomonas
1,BAC_G::Thermovirga
1,BAC_G::Thermus
1,BAC_G::Thioclava
1,BAC_G::Thiopseudomonas
1,BAC_G::Tissierella
1,BAC_G::Tolumonas
1,BAC_G::Treponema
1,BAC_G::Trichococcus
1,BAC_G::Truepera
1,BAC_G::U29-B03
1,BAC_G::UCG-002
1,BAC_G::UCG-004
1,BAC_G::UCG-009
1,BAC_G::UCG-010
1,BAC_G::UCG-012
1,BAC_G::Uliginosibacterium
1,BAC_G::Uruburuella
1,BAC_G::Vermiphilaceae
1,BAC_G::Vibrio
1,BAC_G::Vulcanibacillus
1,BAC_G::W27
1,BAC_G::W5
1,BAC_G::W5053
1,BAC_G::WCHB1-02
1,BAC_G::WCHB1-41
1,BAC_G::WCHB1-81
1,BAC_G::WPS-2
1,BAC_G::WS1
1,BAC_G::WWE3
1,BAC_G::Weissella
1,BAC_G::Wohlfahrtiimonas
1,BAC_G::XBB1006
1,BAC_G::Z20
1,BAC_G::Z4MB62
1,BAC_G::Zixibacteria
1,BAC_G::Zoogloea
1,BAC_G::c5LKS83
1,BAC_G::cvE6
1,BAC_G::horsej-a03
1,BAC_G::p-251-o5
1,BAC_G::unidentified
1,ARC_G::Aenigmarchaeales
1,ARC_G::Bathyarchaeia
1,ARC_G::Candidatus_Methanofastidiosum
1,ARC_G::Candidatus_Methanogranum
1,ARC_G::Candidatus_Methanomethylicus
1,ARC_G::Candidatus_Methanomethylophilus
1,ARC_G::Candidatus_Methanoplasma
1,ARC_G::Candidatus_Nitrocosmicus
1,ARC_G::Lokiarchaeia
1,ARC_G::Methanimicrococcus
1,ARC_G::Methanocorpusculum
1,ARC_G::Methanoculleus
1,ARC_G::Methanofollis
1,ARC_G::Methanogenium
1,ARC_G::Methanohalophilus
1,ARC_G::Methanolinea
1,ARC_G::Methanomassiliicoccus
1,ARC_G::Methanomethylovorans
1,ARC_G::Methanoregula
1,ARC_G::Methanosaeta
1,ARC_G::Methanosarcina
1,ARC_G::Methanosphaerula
1,ARC_G::Methanospirillum
1,ARC_G::Micrarchaeales
1,ARC_G::Nitrososphaeraceae
1,ARC_G::Rhinosporideacae
1,ARC_G::RumEn_M2
1,ARC_G::SCGC_AAA011-D5
1,ARC_G::Teleostei
1,ARC_G::Veneroida
1,ARC_G::Woesearchaeales
1,ARC_G::unidentified
2,BAC_G::009E01-B-SD-P15
2,BAC_G::0319-6G20
2,BAC_G::053A03-B-DI-P58
2,BAC_G::1-20
2,BAC_G::113B434
2,BAC_G::37-13
2,BAC_G::4572-13
2,BAC_G::67-14
2,BAC_G::A0839
2,BAC_G::A21b
2,BAC_G::AAP99
2,BAC_G::ADurb.Bin063-1
2,BAC_G::ADurb.Bin063-2
2,BAC_G::ADurb.Bin118
2,BAC_G::ADurb.Bin120
2,BAC_G::AKYH767
2,BAC_G::AUTHM297
2,BAC_G::Absconditabacteriales_(SR1)
2,BAC_G::Acetitomaculum
2,BAC_G::Acetivibrio
2,BAC_G::Acetoanaerobium
2,BAC_G::Acetobacterium
2,BAC_G::Acetobacteroides
2,BAC_G::Acetomicrobium
2,BAC_G::Acetothermiia
2,BAC_G::Acholeplasma
2,BAC_G::Acidaminococcus
2,BAC_G::Acidovorax
2,BAC_G::Acinetobacter
2,BAC_G::Actinomyces
2,BAC_G::Aeriscardovia
2,BAC_G::Aeromonas
2,BAC_G::Ahniella
2,BAC_G::Alistipes
2,BAC_G::Alkaliphilus
2,BAC_G::Alkanindiges
2,BAC_G::Allorhizobium-Neorhizobium-Pararhizobium-Rhizobium
2,BAC_G::Aminicenantales
2,BAC_G::Aminobacterium
2,BAC_G::Amnipila
2,BAC_G::Amphibacillus
2,BAC_G::Anaerobacterium
2,BAC_G::Anaerocolumna
2,BAC_G::Anaerofustis
2,BAC_G::Anaeromyxobacter
2,BAC_G::Anaerosphaera
2,BAC_G::Anaerosporobacter
2,BAC_G::Anaerovibrio
2,BAC_G::Anaerovorax
2,BAC_G::Aquabacterium
2,BAC_G::Aquicella
2,BAC_G::Aquimonas
2,BAC_G::Arcobacter
2,BAC_G::Arenimonas
2,BAC_G::Atopobium
2,BAC_G::Azospira
2,BAC_G::B1-7BS
2,BAC_G::B55-F-B-G02
2,BAC_G::BBMC-4
2,BAC_G::BD1-7_clade
2,BAC_G::BRH-c20a
2,BAC_G::BSV13
2,BAC_G::Babeliales
2,BAC_G::Bacteroidales_UCG-001
2,BAC_G::Bacteroides
2,BAC_G::Bacteroidetes_BD2-2
2,BAC_G::Bacteroidetes_VC2.1_Bac22
2,BAC_G::Bacteroidetes_vadinHA17
2,BAC_G::Bdellovibrio
2,BAC_G::Bifidobacterium
2,BAC_G::Blastopirellula
2,BAC_G::Brachymonas
2,BAC_G::Bradymonadales
2,BAC_G::Bradyrhizobium
2,BAC_G::Bryobacter
2,BAC_G::Burkholderia-Caballeronia-Paraburkholderia
2,BAC_G::Butyrivibrio
2,BAC_G::C1-B045
2,BAC_G::C10-SB1A
2,BAC_G::CAG-352
2,BAC_G::CCM19a
2,BAC_G::CI75cm.2.12
2,BAC_G::CK-2C2-2
2,BAC_G::Caldicoprobacter
2,BAC_G::Caldisericum
2,BAC_G::Candidatus_Accumulibacter
2,BAC_G::Candidatus_Anammoximicrobium
2,BAC_G::Candidatus_Berkiella
2,BAC_G::Candidatus_Caldatribacterium
2,BAC_G::Candidatus_Cloacimonas
2,BAC_G::Candidatus_Competibacter
2,BAC_G::Candidatus_Falkowbacteria
2,BAC_G::Candidatus_Obscuribacter
2,BAC_G::Candidatus_Omnitrophus
2,BAC_G::Candidatus_Peregrinibacteria
2,BAC_G::Candidatus_Saccharimonas
2,BAC_G::Candidatus_Shapirobacteria
2,BAC_G::Candidatus_Soleaferrea
2,BAC_G::Caproiciproducens
2,BAC_G::Chitinivorax
2,BAC_G::Chryseobacterium
2,BAC_G::Chthonomonadales
2,BAC_G::Chujaibacter
2,BAC_G::Cloacibacterium
2,BAC_G::Cloacimonadaceae
2,BAC_G::Clostridia_UCG-014
2,BAC_G::Clostridium_sensu_stricto_1
2,BAC_G::Clostridium_sensu_stricto_8
2,BAC_G::Comamonas
2,BAC_G::Coprothermobacter
2,BAC_G::Corynebacterium
2,BAC_G::Crassaminicella
2,BAC_G::Crenothrix
2,BAC_G::Cryptanaerobacter
2,BAC_G::D8A-2
2,BAC_G::DEV007
2,BAC_G::DEV114
2,BAC_G::DMER64
2,BAC_G::DS-100
2,BAC_G::DTU014
2,BAC_G::Dechloromonas
2,BAC_G::Defluviicoccus
2,BAC_G::Defluviitalea
2,BAC_G::Defluviitoga
2,BAC_G::Dehalobacter
2,BAC_G::Denitratisoma
2,BAC_G::Dermatophilus
2,BAC_G::Desulfitibacter
2,BAC_G::Desulfobulbus
2,BAC_G::Desulfomicrobium
2,BAC_G::Desulfovibrio
2,BAC_G::Dethiobacter
2,BAC_G::Devosia
2,BAC_G::Dietzia
2,BAC_G::Dokdonella
2,BAC_G::Dongia
2,BAC_G::Dysgonomonadaceae
2,BAC_G::EBM-39
2,BAC_G::Ellin6067
2,BAC_G::Elstera
2,BAC_G::Endomicrobium
2,BAC_G::Enhydrobacter
2,BAC_G::Enterococcus
2,BAC_G::Ercella
2,BAC_G::Erysipelothrix
2,BAC_G::Exilispira
2,BAC_G::F082
2,BAC_G::FTLpost3
2,BAC_G::Fastidiosipila
2,BAC_G::Fermentibacteraceae
2,BAC_G::Fermentimonas
2,BAC_G::Ferribacterium
2,BAC_G::Ferruginibacter
2,BAC_G::Fervidobacterium
2,BAC_G::Fibrobacter
2,BAC_G::Fimbriiglobus
2,BAC_G::Fimbriimonadaceae
2,BAC_G::Flavobacterium
2,BAC_G::Flexilinea
2,BAC_G::Fluviicola
2,BAC_G::Fonticella
2,BAC_G::Frisingicoccus
2,BAC_G::Fusibacter
2,BAC_G::GWE2-42-42
2,BAC_G::GZKB124
2,BAC_G::GZKB75
2,BAC_G::Galbitalea
2,BAC_G::Gallicola
2,BAC_G::Gelria
2,BAC_G::Georgenia
2,BAC_G::Gracilibacter
2,BAC_G::Guggenheimella
2,BAC_G::H1
2,BAC_G::HN-HF0106
2,BAC_G::HOC36
2,BAC_G::Hahella
2,BAC_G::Haliangium
2,BAC_G::Halocella
2,BAC_G::Halomonas
2,BAC_G::Helcococcus
2,BAC_G::Herbinix
2,BAC_G::Holophaga
2,BAC_G::Hungateiclostridiaceae
2,BAC_G::Hungateiclostridium
2,BAC_G::Hydrogenedensaceae
2,BAC_G::Hydrogenispora
2,BAC_G::Hydrogenophaga
2,BAC_G::Hydrothermae
2,BAC_G::Hyphomicrobium
2,BAC_G::Hypnocyclicus
2,BAC_G::IMCC26207
2,BAC_G::IMCC26256
2,BAC_G::Iamia
2,BAC_G::Ignavibacterium
2,BAC_G::Inhella
2,BAC_G::Irregularibacter
2,BAC_G::Izemoplasmataceae
2,BAC_G::Izemoplasmatales
2,BAC_G::JG36-GS-52
2,BAC_G::JGI-0000079-D21
2,BAC_G::JGI_0001001-H03
2,BAC_G::JS1
2,BAC_G::KCLunmb-38-53
2,BAC_G::Kapabacteriales
2,BAC_G::Keratinibaculum
2,BAC_G::LD1-PA32
2,BAC_G::LD1-PB3
2,BAC_G::LD29
2,BAC_G::LF045
2,BAC_G::LNR_A2-18
2,BAC_G::LWQ8
2,BAC_G::Lachnoclostridium
2,BAC_G::Lachnospira
2,BAC_G::Lachnospiraceae_UCG-004
2,BAC_G::Lactivibrio
2,BAC_G::Lactobacillus
2,BAC_G::Lactococcus
2,BAC_G::Lautropia
2,BAC_G::Lawsonella
2,BAC_G::Leeia
2,BAC_G::Lentimicrobiaceae
2,BAC_G::Lentimicrobium
2,BAC_G::Leptotrichia
2,BAC_G::LiUU-11-161
2,BAC_G::Limnobacter
2,BAC_G::Limnochordaceae
2,BAC_G::Limnochordia
2,BAC_G::Longilinea
2,BAC_G::Longivirga
2,BAC_G::Lutispora
2,BAC_G::M55-D21
2,BAC_G::MAT-CR-H4-C10
2,BAC_G::MBA03
2,BAC_G::MM2
2,BAC_G::MVP-15
2,BAC_G::Macellibacteroides
2,BAC_G::Marinilabiliaceae
2,BAC_G::Marinimicrobia_(SAR406_clade)
2,BAC_G::Mariniphaga
2,BAC_G::Megasphaera
2,BAC_G::Membranicola
2,BAC_G::Mesotoga
2,BAC_G::Methylocella
2,BAC_G::Methyloglobulus
2,BAC_G::Methyloparacoccus
2,BAC_G::Methylotenera
2,BAC_G::Methyloversatilis
2,BAC_G::MgMjR-022
2,BAC_G::Microbacterium
2,BAC_G::Monoglobus
2,BAC_G::Moorella
2,BAC_G::Moraxellaceae
2,BAC_G::Mycobacterium
2,BAC_G::NK-L14
2,BAC_G::NKB15
2,BAC_G::Nannocystis
2,BAC_G::Natronincola
2,BAC_G::Negativicoccus
2,BAC_G::Niabella
2,BAC_G::Nitrosomonas
2,BAC_G::Nitrospira
2,BAC_G::Novosphingobium
2,BAC_G::OLB12
2,BAC_G::OLB14
2,BAC_G::OLB8
2,BAC_G::OM27_clade
2,BAC_G::OPB41
2,BAC_G::Oligella
2,BAC_G::Olsenella
2,BAC_G::Ornithinibacter
2,BAC_G::PB19
2,BAC_G::PBS-18
2,BAC_G::PHOS-HE36
2,BAC_G::PLTA13
2,BAC_G::Paludibacter
2,BAC_G::Papillibacter
2,BAC_G::Parabacteroides
2,BAC_G::Paracoccus
2,BAC_G::PeH15
2,BAC_G::PeM15
2,BAC_G::Pedosphaeraceae
2,BAC_G::Pelotomaculum
2,BAC_G::Peptoclostridium
2,BAC_G::Peredibacter
2,BAC_G::Petrimonas
2,BAC_G::Phaeodactylibacter
2,BAC_G::Phenylobacterium
2,BAC_G::Pir4_lineage
2,BAC_G::Pirellula
2,BAC_G::Pla3_lineage
2,BAC_G::Planctomicrobium
2,BAC_G::Planctopirus
2,BAC_G::Prevotella
2,BAC_G::Prevotellaceae_UCG-001
2,BAC_G::Prevotellaceae_UCG-004
2,BAC_G::Propionispira
2,BAC_G::Propionivibrio
2,BAC_G::Proteiniborus
2,BAC_G::Proteiniphilum
2,BAC_G::Proteocatella
2,BAC_G::Pseudarcobacter
2,BAC_G::Pseudobacteroides
2,BAC_G::Pseudomonas
2,BAC_G::Pseudoscardovia
2,BAC_G::Pseudoxanthomonas
2,BAC_G::Psychrobacter
2,BAC_G::RBG-13-54-9
2,BAC_G::RBG-16-49-21
2,BAC_G::RBG-16-55-12
2,BAC_G::Reyranella
2,BAC_G::Rhizobacter
2,BAC_G::Rhodanobacter
2,BAC_G::Rhodobacter
2,BAC_G::Rhodoferax
2,BAC_G::Rivicola
2,BAC_G::Roseimarinus
2,BAC_G::Roseomonas
2,BAC_G::Rubellimicrobium
2,BAC_G::Ruminiclostridium
2,BAC_G::Ruminococcus
2,BAC_G::Ruminofilibacter
2,BAC_G::Run-SP154
2,BAC_G::S15A-MN91
2,BAC_G::SB-5
2,BAC_G::SBR1031
2,BAC_G::SC-I-84
2,BAC_G::SC103
2,BAC_G::SH-PL14
2,BAC_G::SJA-15
2,BAC_G::SJA-28
2,BAC_G::SM1A02
2,BAC_G::SM1A07
2,BAC_G::SRB2
2,BAC_G::ST-12K33
2,BAC_G::SWB02
2,BAC_G::Saccharimonadales
2,BAC_G::Saccharofermentans
2,BAC_G::Sedimentibacter
2,BAC_G::Shinella
2,BAC_G::Shuttleworthia
2,BAC_G::Simplicispira
2,BAC_G::Smithella
2,BAC_G::Soehngenia
2,BAC_G::Sphaerochaeta
2,BAC_G::Sphingopyxis
2,BAC_G::Spirochaeta
2,BAC_G::Sporanaerobacter
2,BAC_G::Sterolibacterium
2,BAC_G::Streptococcus
2,BAC_G::Succiniclasticum
2,BAC_G::Sulfuritalea
2,BAC_G::Sumerlaea
2,BAC_G::Sva0485
2,BAC_G::Symbiobacterium
2,BAC_G::Syner-01
2,BAC_G::Syntrophaceticus
2,BAC_G::Syntrophobacter
2,BAC_G::Syntrophococcus
2,BAC_G::Syntrophomonas
2,BAC_G::Syntrophorhabdus
2,BAC_G::Syntrophotalea
2,BAC_G::Syntrophothermus
2,BAC_G::Syntrophus
2,BAC_G::TA06
2,BAC_G::TTA-B1
2,BAC_G::Taibaiella
2,BAC_G::Tepidanaerobacter
2,BAC_G::Tepidimicrobium
2,BAC_G::Terrimonas
2,BAC_G::Tetrasphaera
2,BAC_G::Thauera
2,BAC_G::Thermoanaerobaculum
2,BAC_G::Thermomonas
2,BAC_G::Thermovirga
2,BAC_G::Thiobacillus
2,BAC_G::Thioclava
2,BAC_G::Thiopseudomonas
2,BAC_G::Tissierella
2,BAC_G::Tolumonas
2,BAC_G::Treponema
2,BAC_G::Trichococcus
2,BAC_G::Turneriella
2,BAC_G::U29-B03
2,BAC_G::UCG-002
2,BAC_G::UCG-004
2,BAC_G::UCG-009
2,BAC_G::UCG-010
2,BAC_G::UCG-012
2,BAC_G::Uliginosibacterium
2,BAC_G::Vermiphilaceae
2,BAC_G::Vulcanibacillus
2,BAC_G::W27
2,BAC_G::W5
2,BAC_G::W5053
2,BAC_G::WCHB1-02
2,BAC_G::WCHB1-41
2,BAC_G::WCHB1-81
2,BAC_G::WPS-2
2,BAC_G::WS1
2,BAC_G::WWE3
2,BAC_G::Weissella
2,BAC_G::XBB1006
2,BAC_G::Zixibacteria
2,BAC_G::Zoogloea
2,BAC_G::c5LKS83
2,BAC_G::env.OPS_17
2,BAC_G::horsej-a03
2,BAC_G::p-251-o5
2,BAC_G::unidentified
2,ARC_G::Aenigmarchaeales
2,ARC_G::Bathyarchaeia
2,ARC_G::Candidatus_Methanofastidiosum
2,ARC_G::Candidatus_Methanogranum
2,ARC_G::Candidatus_Methanomethylicus
2,ARC_G::Candidatus_Methanoplasma
2,ARC_G::Candidatus_Nitrocosmicus
2,ARC_G::Lokiarchaeia
2,ARC_G::Methanimicrococcus
2,ARC_G::Methanocorpusculum
2,ARC_G::Methanoculleus
2,ARC_G::Methanogenium
2,ARC_G::Methanohalophilus
2,ARC_G::Methanolinea
2,ARC_G::Methanomassiliicoccus
2,ARC_G::Methanomethylovorans
2,ARC_G::Methanoregula
2,ARC_G::Methanosaeta
2,ARC_G::Methanosarcina
2,ARC_G::Methanosphaerula
2,ARC_G::Methanospirillum
2,ARC_G::Micrarchaeales
2,ARC_G::Rhinosporideacae
2,ARC_G::RumEn_M2
2,ARC_G::SCGC_AAA011-D5
2,ARC_G::Woesearchaeales
2,ARC_G::unidentified
3,BAC_G::009E01-B-SD-P15
3,BAC_G::0319-6G20
3,BAC_G::053A03-B-DI-P58
3,BAC_G::1-20
3,BAC_G::113B434
3,BAC_G::37-13
3,BAC_G::4572-13
3,BAC_G::67-14
3,BAC_G::A0839
3,BAC_G::A21b
3,BAC_G::AAP99
3,BAC_G::ADurb.Bin063-1
3,BAC_G::ADurb.Bin063-2
3,BAC_G::ADurb.Bin118
3,BAC_G::ADurb.Bin120
3,BAC_G::AKYH767
3,BAC_G::AUTHM297
3,BAC_G::Absconditabacteriales_(SR1)
3,BAC_G::Acetitomaculum
3,BAC_G::Acetivibrio
3,BAC_G::Acetoanaerobium
3,BAC_G::Acetobacter
3,BAC_G::Acetobacterium
3,BAC_G::Acetobacteroides
3,BAC_G::Acetomicrobium
3,BAC_G::Acetothermiia
3,BAC_G::Acholeplasma
3,BAC_G::Achromobacter
3,BAC_G::Acidaminococcus
3,BAC_G::Acidibacter
3,BAC_G::Acidovorax
3,BAC_G::Acinetobacter
3,BAC_G::Actinomyces
3,BAC_G::Aeriscardovia
3,BAC_G::Aeromonas
3,BAC_G::Ahniella
3,BAC_G::Alcaligenes
3,BAC_G::Alistipes
3,BAC_G::Alkaliphilus
3,BAC_G::Alkanindiges
3,BAC_G::Allorhizobium-Neorhizobium-Pararhizobium-Rhizobium
3,BAC_G::Aminicenantales
3,BAC_G::Aminobacterium
3,BAC_G::Amnipila
3,BAC_G::Amphibacillus
3,BAC_G::Anaerobacterium
3,BAC_G::Anaerococcus
3,BAC_G::Anaerocolumna
3,BAC_G::Anaerofustis
3,BAC_G::Anaeromyxobacter
3,BAC_G::Anaerosphaera
3,BAC_G::Anaerosporobacter
3,BAC_G::Anaerovibrio
3,BAC_G::Anaerovorax
3,BAC_G::Aquabacterium
3,BAC_G::Aquicella
3,BAC_G::Aquimonas
3,BAC_G::Arcobacter
3,BAC_G::Arenimonas
3,BAC_G::Atopobium
3,BAC_G::Azospira
3,BAC_G::B1-7BS
3,BAC_G::B55-F-B-G02
3,BAC_G::BBMC-4
3,BAC_G::BD1-7_clade
3,BAC_G::BRH-c20a
3,BAC_G::BSV13
3,BAC_G::Babeliales
3,BAC_G::Bacillus
3,BAC_G::Bacteroidales_UCG-001
3,BAC_G::Bacteroides
3,BAC_G::Bacteroidetes_BD2-2
3,BAC_G::Bacteroidetes_VC2.1_Bac22
3,BAC_G::Bacteroidetes_vadinHA17
3,BAC_G::Bdellovibrio
3,BAC_G::Bifidobacterium
3,BAC_G::Blastopirellula
3,BAC_G::Brachymonas
3,BAC_G::Bradymonadales
3,BAC_G::Bradyrhizobium
3,BAC_G::Bryobacter
3,BAC_G::Burkholderia-Caballeronia-Paraburkholderia
3,BAC_G::Butyrivibrio
3,BAC_G::C1-B045
3,BAC_G::C10-SB1A
3,BAC_G::CAG-352
3,BAC_G::CCM19a
3,BAC_G::CI75cm.2.12
3,BAC_G::CK-2C2-2
3,BAC_G::Caldicoprobacter
3,BAC_G::Caldisericum
3,BAC_G::Candidatus_Accumulibacter
3,BAC_G::Candidatus_Anammoximicrobium
3,BAC_G::Candidatus_Berkiella
3,BAC_G::Candidatus_Caldatribacterium
3,BAC_G::Candidatus_Cloacimonas
3,BAC_G::Candidatus_Competibacter
3,BAC_G::Candidatus_Falkowbacteria
3,BAC_G::Candidatus_Obscuribacter
3,BAC_G::Candidatus_Omnitrophus
3,BAC_G::Candidatus_Peregrinibacteria
3,BAC_G::Candidatus_Saccharimonas
3,BAC_G::Candidatus_Shapirobacteria
3,BAC_G::Candidatus_Soleaferrea
3,BAC_G::Candidatus_Solibacter
3,BAC_G::Caproiciproducens
3,BAC_G::Caulobacter
3,BAC_G::Cetobacterium
3,BAC_G::Chishuiella
3,BAC_G::Chitinivorax
3,BAC_G::Chryseobacterium
3,BAC_G::Chthonomonadales
3,BAC_G::Chujaibacter
3,BAC_G::Cloacibacterium
3,BAC_G::Cloacimonadaceae
3,BAC_G::Cloacimonadales
3,BAC_G::Clostridia_UCG-014
3,BAC_G::Clostridium_sensu_stricto_1
3,BAC_G::Clostridium_sensu_stricto_15
3,BAC_G::Clostridium_sensu_stricto_8
3,BAC_G::Comamonas
3,BAC_G::Coprothermobacter
3,BAC_G::Corynebacterium
3,BAC_G::Crassaminicella
3,BAC_G::Crenothrix
3,BAC_G::Cryptanaerobacter
3,BAC_G::D8A-2
3,BAC_G::DEV007
3,BAC_G::DEV114
3,BAC_G::DMER64
3,BAC_G::DS-100
3,BAC_G::DTU014
3,BAC_G::Dechloromonas
3,BAC_G::Defluviicoccus
3,BAC_G::Defluviitalea
3,BAC_G::Defluviitoga
3,BAC_G::Dehalobacter
3,BAC_G::Delftia
3,BAC_G::Denitratisoma
3,BAC_G::Denitrobacterium
3,BAC_G::Desulfitibacter
3,BAC_G::Desulfobulbus
3,BAC_G::Desulfomicrobium
3,BAC_G::Desulfovibrio
3,BAC_G::Dethiobacter
3,BAC_G::Devosia
3,BAC_G::Dialister
3,BAC_G::Dietzia
3,BAC_G::Dokdonella
3,BAC_G::Dongia
3,BAC_G::Dysgonomonadaceae
3,BAC_G::Ellin6067
3,BAC_G::Elstera
3,BAC_G::Empedobacter
3,BAC_G::Endomicrobium
3,BAC_G::Enhydrobacter
3,BAC_G::Enterococcus
3,BAC_G::Ercella
3,BAC_G::Erysipelotrichaceae_UCG-007
3,BAC_G::Exilispira
3,BAC_G::F082
3,BAC_G::FTLpost3
3,BAC_G::Fastidiosipila
3,BAC_G::Fermentibacteraceae
3,BAC_G::Fermentimonas
3,BAC_G::Ferribacterium
3,BAC_G::Ferruginibacter
3,BAC_G::Fervidobacterium
3,BAC_G::Fibrobacter
3,BAC_G::Filomicrobium
3,BAC_G::Fimbriiglobus
3,BAC_G::Fimbriimonadaceae
3,BAC_G::Flavobacterium
3,BAC_G::Flexilinea
3,BAC_G::Fluviicola
3,BAC_G::Fonticella
3,BAC_G::Frisingicoccus
3,BAC_G::Fusibacter
3,BAC_G::Fusobacterium
3,BAC_G::GWE2-31-10
3,BAC_G::GWE2-42-42
3,BAC_G::GZKB124
3,BAC_G::GZKB75
3,BAC_G::Galbitalea
3,BAC_G::Gallicola
3,BAC_G::Gelria
3,BAC_G::Georgenia
3,BAC_G::Globicatella
3,BAC_G::Gluconobacter
3,BAC_G::Gracilibacter
3,BAC_G::Guggenheimella
3,BAC_G::H1
3,BAC_G::HN-HF0106
3,BAC_G::Hahella
3,BAC_G::Haliangium
3,BAC_G::Halocella
3,BAC_G::Halomonas
3,BAC_G::Helcococcus
3,BAC_G::Herbinix
3,BAC_G::Holophaga
3,BAC_G::Hungateiclostridiaceae
3,BAC_G::Hungateiclostridium
3,BAC_G::Hydrogenedensaceae
3,BAC_G::Hydrogenispora
3,BAC_G::Hydrogenophaga
3,BAC_G::Hydrothermae
3,BAC_G::Hyphomicrobium
3,BAC_G::Hypnocyclicus
3,BAC_G::IMCC26207
3,BAC_G::IMCC26256
3,BAC_G::Iamia
3,BAC_G::Ignatzschineria
3,BAC_G::Ignavibacterium
3,BAC_G::Irregularibacter
3,BAC_G::Izemoplasmataceae
3,BAC_G::Izemoplasmatales
3,BAC_G::JG36-GS-52
3,BAC_G::JGI-0000079-D21
3,BAC_G::JGI_0001001-H03
3,BAC_G::JS1
3,BAC_G::Janthinobacterium
3,BAC_G::KCLunmb-38-53
3,BAC_G::Kapabacteriales
3,BAC_G::Keratinibaculum
3,BAC_G::Koukoulia
3,BAC_G::LD1-PA32
3,BAC_G::LD1-PB3
3,BAC_G::LD29
3,BAC_G::LF045
3,BAC_G::LNR_A2-18
3,BAC_G::LWQ8
3,BAC_G::Lachnoclostridium
3,BAC_G::Lachnospira
3,BAC_G::Lachnospiraceae_UCG-004
3,BAC_G::Lactivibrio
3,BAC_G::Lactobacillus
3,BAC_G::Lactococcus
3,BAC_G::Lautropia
3,BAC_G::Lawsonella
3,BAC_G::Leeia
3,BAC_G::Lentimicrobiaceae
3,BAC_G::Lentimicrobium
3,BAC_G::Leptotrichia
3,BAC_G::Leuconostoc
3,BAC_G::LiUU-11-161
3,BAC_G::Limnobacter
3,BAC_G::Limnochordaceae
3,BAC_G::Limnochordia
3,BAC_G::Longilinea
3,BAC_G::Longivirga
3,BAC_G::Luteimonas
3,BAC_G::Lutispora
3,BAC_G::M55-D21
3,BAC_G::MAT-CR-H4-C10
3,BAC_G::MBA03
3,BAC_G::MM2
3,BAC_G::MVP-15
3,BAC_G::Macellibacteroides
3,BAC_G::Marinilabiliaceae
3,BAC_G::Marinimicrobia_(SAR406_clade)
3,BAC_G::Mariniphaga
3,BAC_G::Megasphaera
3,BAC_G::Mesotoga
3,BAC_G::Methylocella
3,BAC_G::Methyloglobulus
3,BAC_G::Methyloparacoccus
3,BAC_G::Methylotenera
3,BAC_G::Methyloversatilis
3,BAC_G::MgMjR-022
3,BAC_G::Microbacterium
3,BAC_G::Microvirgula
3,BAC_G::Mogibacterium
3,BAC_G::Monoglobus
3,BAC_G::Moorella
3,BAC_G::Moraxellaceae
3,BAC_G::Morganella
3,BAC_G::Mycobacterium
3,BAC_G::Myroides
3,BAC_G::NK-L14
3,BAC_G::NKB15
3,BAC_G::Nannocystis
3,BAC_G::Natronincola
3,BAC_G::Negativicoccus
3,BAC_G::Niabella
3,BAC_G::Nitrosomonas
3,BAC_G::Nitrospira
3,BAC_G::Novosphingobium
3,BAC_G::OLB12
3,BAC_G::OLB14
3,BAC_G::OLB8
3,BAC_G::OM27_clade
3,BAC_G::OPB41
3,BAC_G::Oligella
3,BAC_G::Olsenella
3,BAC_G::Ornithinibacter
3,BAC_G::Oscillospira
3,BAC_G::PB19
3,BAC_G::PBS-18
3,BAC_G::PHOS-HE36
3,BAC_G::PLTA13
3,BAC_G::Paludibacter
3,BAC_G::Paludibaculum
3,BAC_G::Pantoea
3,BAC_G::Papillibacter
3,BAC_G::Parabacteroides
3,BAC_G::Paracoccus
3,BAC_G::PeH15
3,BAC_G::PeM15
3,BAC_G::Pedosphaeraceae
3,BAC_G::Pelotomaculum
3,BAC_G::Peptoclostridium
3,BAC_G::Peptoniphilus
3,BAC_G::Peptostreptococcus
3,BAC_G::Peredibacter
3,BAC_G::Petrimonas
3,BAC_G::Phaeodactylibacter
3,BAC_G::Phenylobacterium
3,BAC_G::Pirellula
3,BAC_G::Pla3_lineage
3,BAC_G::Planctomicrobium
3,BAC_G::Planctopirus
3,BAC_G::Prevotella
3,BAC_G::Prevotellaceae_UCG-001
3,BAC_G::Prevotellaceae_UCG-004
3,BAC_G::Propionispira
3,BAC_G::Propionivibrio
3,BAC_G::Proteiniborus
3,BAC_G::Proteiniphilum
3,BAC_G::Proteocatella
3,BAC_G::Proteus
3,BAC_G::Providencia
3,BAC_G::Pseudarcobacter
3,BAC_G::Pseudobacteroides
3,BAC_G::Pseudomonas
3,BAC_G::Pseudoramibacter
3,BAC_G::Pseudoscardovia
3,BAC_G::Pseudoxanthomonas
3,BAC_G::Psychrobacter
3,BAC_G::RBG-13-54-9
3,BAC_G::RBG-16-49-21
3,BAC_G::RBG-16-55-12
3,BAC_G::Raoultibacter
3,BAC_G::Rhizobacter
3,BAC_G::Rhodanobacter
3,BAC_G::Rhodobacter
3,BAC_G::Rhodoferax
3,BAC_G::Rivicola
3,BAC_G::Roseimarinus
3,BAC_G::Roseomonas
3,BAC_G::Ruminiclostridium
3,BAC_G::Ruminococcus
3,BAC_G::Ruminofilibacter
3,BAC_G::Run-SP154
3,BAC_G::S15A-MN91
3,BAC_G::SB-5
3,BAC_G::SBR1031
3,BAC_G::SC-I-84
3,BAC_G::SC103
3,BAC_G::SH-PL14
3,BAC_G::SHA-41
3,BAC_G::SJA-15
3,BAC_G::SJA-28
3,BAC_G::SM1A02
3,BAC_G::SM1A07
3,BAC_G::SN8
3,BAC_G::SRB2
3,BAC_G::ST-12K33
3,BAC_G::SWB02
3,BAC_G::Saccharimonadales
3,BAC_G::Saccharofermentans
3,BAC_G::Sedimentibacter
3,BAC_G::Serratia
3,BAC_G::Shinella
3,BAC_G::Shuttleworthia
3,BAC_G::Simplicispira
3,BAC_G::Smithella
3,BAC_G::Soehngenia
3,BAC_G::Sphaerochaeta
3,BAC_G::Sphingobacterium
3,BAC_G::Sphingomonas
3,BAC_G::Spirochaeta
3,BAC_G::Sporanaerobacter
3,BAC_G::Stenotrophomonas
3,BAC_G::Sterolibacterium
3,BAC_G::Streptococcus
3,BAC_G::Succiniclasticum
3,BAC_G::Sulfuritalea
3,BAC_G::Sumerlaea
3,BAC_G::Sutterella
3,BAC_G::Sva0485
3,BAC_G::Symbiobacterium
3,BAC_G::Syner-01
3,BAC_G::Syntrophaceticus
3,BAC_G::Syntrophobacter
3,BAC_G::Syntrophococcus
3,BAC_G::Syntrophomonas
3,BAC_G::Syntrophorhabdus
3,BAC_G::Syntrophothermus
3,BAC_G::Syntrophus
3,BAC_G::TA06
3,BAC_G::TPD-58
3,BAC_G::TTA-B1
3,BAC_G::Taibaiella
3,BAC_G::Tepidanaerobacter
3,BAC_G::Tepidimicrobium
3,BAC_G::Terrimonas
3,BAC_G::Tetrasphaera
3,BAC_G::Thauera
3,BAC_G::Thermoanaerobaculum
3,BAC_G::Thermomonas
3,BAC_G::Thermovirga
3,BAC_G::Thermus
3,BAC_G::Thiobacillus
3,BAC_G::Thioclava
3,BAC_G::Thiopseudomonas
3,BAC_G::Tissierella
3,BAC_G::Tolumonas
3,BAC_G::Treponema
3,BAC_G::Trichococcus
3,BAC_G::Truepera
3,BAC_G::Turneriella
3,BAC_G::U29-B03
3,BAC_G::UCG-002
3,BAC_G::UCG-004
3,BAC_G::UCG-010
3,BAC_G::UCG-012
3,BAC_G::Uliginosibacterium
3,BAC_G::Uruburuella
3,BAC_G::Vermiphilaceae
3,BAC_G::Vibrio
3,BAC_G::Vulcanibacillus
3,BAC_G::W27
3,BAC_G::W5
3,BAC_G::W5053
3,BAC_G::WCHB1-02
3,BAC_G::WCHB1-41
3,BAC_G::WCHB1-81
3,BAC_G::WPS-2
3,BAC_G::WS1
3,BAC_G::WWE3
3,BAC_G::Weissella
3,BAC_G::Wohlfahrtiimonas
3,BAC_G::XBB1006
3,BAC_G::Z20
3,BAC_G::Z4MB62
3,BAC_G::Zixibacteria
3,BAC_G::Zoogloea
3,BAC_G::c5LKS83
3,BAC_G::cvE6
3,BAC_G::env.OPS_17
3,BAC_G::horsej-a03
3,BAC_G::p-251-o5
3,BAC_G::unidentified
3,ARC_G::Aenigmarchaeales
3,ARC_G::Bathyarchaeia
3,ARC_G::Candidatus_Methanofastidiosum
3,ARC_G::Candidatus_Methanogranum
3,ARC_G::Candidatus_Methanomethylicus
3,ARC_G::Candidatus_Methanomethylophilus
3,ARC_G::Candidatus_Methanoplasma
3,ARC_G::Candidatus_Nitrocosmicus
3,ARC_G::Lokiarchaeia
3,ARC_G::Methanimicrococcus
3,ARC_G::Methanocorpusculum
3,ARC_G::Methanoculleus
3,ARC_G::Methanofollis
3,ARC_G::Methanogenium
3,ARC_G::Methanohalophilus
3,ARC_G::Methanolinea
3,ARC_G::Methanomassiliicoccus
3,ARC_G::Methanomethylovorans
3,ARC_G::Methanoregula
3,ARC_G::Methanosaeta
3,ARC_G::Methanosarcina
3,ARC_G::Methanosphaerula
3,ARC_G::Methanospirillum
3,ARC_G::Micrarchaeales
3,ARC_G::Nitrososphaeraceae
3,ARC_G::Rhinosporideacae
3,ARC_G::RumEn_M2
3,ARC_G::SCGC_AAA011-D5
3,ARC_G::Teleostei
3,ARC_G::Veneroida
3,ARC_G::Woesearchaeales
3,ARC_G::unidentified
4,BAC_G::009E01-B-SD-P15
4,BAC_G::0319-6G20
4,BAC_G::053A03-B-DI-P58
4,BAC_G::1-20
4,BAC_G::113B434
4,BAC_G::37-13
4,BAC_G::4572-13
4,BAC_G::67-14
4,BAC_G::A0839
4,BAC_G::A21b
4,BAC_G::AAP99
4,BAC_G::ADurb.Bin063-1
4,BAC_G::ADurb.Bin063-2
4,BAC_G::ADurb.Bin118
4,BAC_G::ADurb.Bin120
4,BAC_G::AKYH767
4,BAC_G::AUTHM297
4,BAC_G::Absconditabacteriales_(SR1)
4,BAC_G::Acetitomaculum
4,BAC_G::Acetivibrio
4,BAC_G::Acetoanaerobium
4,BAC_G::Acetobacter
4,BAC_G::Acetobacterium
4,BAC_G::Acetobacteroides
4,BAC_G::Acetomicrobium
4,BAC_G::Acetothermiia
4,BAC_G::Acholeplasma
4,BAC_G::Achromobacter
4,BAC_G::Acidaminococcus
4,BAC_G::Acidibacter
4,BAC_G::Acidovorax
4,BAC_G::Acinetobacter
4,BAC_G::Actinomyces
4,BAC_G::Aeriscardovia
4,BAC_G::Aeromonas
4,BAC_G::Ahniella
4,BAC_G::Alcaligenes
4,BAC_G::Alistipes
4,BAC_G::Alkaliphilus
4,BAC_G::Alkanindiges
4,BAC_G::Allorhizobium-Neorhizobium-Pararhizobium-Rhizobium
4,BAC_G::Aminicenantales
4,BAC_G::Aminobacterium
4,BAC_G::Amnipila
4,BAC_G::Amphibacillus
4,BAC_G::Anaerobacterium
4,BAC_G::Anaerococcus
4,BAC_G::Anaerocolumna
4,BAC_G::Anaerofustis
4,BAC_G::Anaeromyxobacter
4,BAC_G::Anaerosphaera
4,BAC_G::Anaerosporobacter
4,BAC_G::Anaerovibrio
4,BAC_G::Anaerovorax
4,BAC_G::Aquabacterium
4,BAC_G::Aquicella
4,BAC_G::Aquimonas
4,BAC_G::Arcobacter
4,BAC_G::Arenimonas
4,BAC_G::Atopobium
4,BAC_G::Azospira
4,BAC_G::B1-7BS
4,BAC_G::B55-F-B-G02
4,BAC_G::BBMC-4
4,BAC_G::BD1-7_clade
4,BAC_G::BRH-c20a
4,BAC_G::BSV13
4,BAC_G::Babeliales
4,BAC_G::Bacillus
4,BAC_G::Bacteroidales_UCG-001
4,BAC_G::Bacteroides
4,BAC_G::Bacteroidetes_BD2-2
4,BAC_G::Bacteroidetes_VC2.1_Bac22
4,BAC_G::Bacteroidetes_vadinHA17
4,BAC_G::Bdellovibrio
4,BAC_G::Bifidobacterium
4,BAC_G::Blastopirellula
4,BAC_G::Brachymonas
4,BAC_G::Bradymonadales
4,BAC_G::Bradyrhizobium
4,BAC_G::Bryobacter
4,BAC_G::Butyrivibrio
4,BAC_G::C1-B045
4,BAC_G::C10-SB1A
4,BAC_G::CAG-352
4,BAC_G::CCM19a
4,BAC_G::CI75cm.2.12
4,BAC_G::CK-2C2-2
4,BAC_G::Caldicoprobacter
4,BAC_G::Caldisericum
4,BAC_G::Candidatus_Accumulibacter
4,BAC_G::Candidatus_Anammoximicrobium
4,BAC_G::Candidatus_Berkiella
4,BAC_G::Candidatus_Caldatribacterium
4,BAC_G::Candidatus_Cloacimonas
4,BAC_G::Candidatus_Competibacter
4,BAC_G::Candidatus_Falkowbacteria
4,BAC_G::Candidatus_Omnitrophus
4,BAC_G::Candidatus_Peregrinibacteria
4,BAC_G::Candidatus_Saccharimonas
4,BAC_G::Candidatus_Shapirobacteria
4,BAC_G::Candidatus_Soleaferrea
4,BAC_G::Candidatus_Solibacter
4,BAC_G::Caproiciproducens
4,BAC_G::Caulobacter
4,BAC_G::Cetobacterium
4,BAC_G::Chishuiella
4,BAC_G::Chitinivorax
4,BAC_G::Chryseobacterium
4,BAC_G::Chthonomonadales
4,BAC_G::Cloacibacterium
4,BAC_G::Cloacimonadaceae
4,BAC_G::Cloacimonadales
4,BAC_G::Clostridia_UCG-014
4,BAC_G::Clostridium_sensu_stricto_1
4,BAC_G::Clostridium_sensu_stricto_15
4,BAC_G::Clostridium_sensu_stricto_8
4,BAC_G::Comamonas
4,BAC_G::Coprothermobacter
4,BAC_G::Corynebacterium
4,BAC_G::Crassaminicella
4,BAC_G::Crenothrix
4,BAC_G::Cryptanaerobacter
4,BAC_G::D8A-2
4,BAC_G::DEV007
4,BAC_G::DEV114
4,BAC_G::DMER64
4,BAC_G::DS-100
4,BAC_G::DTU014
4,BAC_G::Dechloromonas
4,BAC_G::Defluviicoccus
4,BAC_G::Defluviitalea
4,BAC_G::Defluviitoga
4,BAC_G::Dehalobacter
4,BAC_G::Delftia
4,BAC_G::Denitratisoma
4,BAC_G::Denitrobacterium
4,BAC_G::Dermatophilus
4,BAC_G::Desulfitibacter
4,BAC_G::Desulfobulbus
4,BAC_G::Desulfomicrobium
4,BAC_G::Desulfovibrio
4,BAC_G::Dethiobacter
4,BAC_G::Devosia
4,BAC_G::Dialister
4,BAC_G::Dokdonella
4,BAC_G::Dysgonomonadaceae
4,BAC_G::EBM-39
4,BAC_G::Ellin6067
4,BAC_G::Elstera
4,BAC_G::Empedobacter
4,BAC_G::Endomicrobium
4,BAC_G::Enhydrobacter
4,BAC_G::Enterococcus
4,BAC_G::Ercella
4,BAC_G::Erysipelothrix
4,BAC_G::Erysipelotrichaceae_UCG-007
4,BAC_G::Exilispira
4,BAC_G::F082
4,BAC_G::FTLpost3
4,BAC_G::Fastidiosipila
4,BAC_G::Fermentibacteraceae
4,BAC_G::Fermentimonas
4,BAC_G::Ferribacterium
4,BAC_G::Ferruginibacter
4,BAC_G::Fervidobacterium
4,BAC_G::Fibrobacter
4,BAC_G::Filomicrobium
4,BAC_G::Fimbriiglobus
4,BAC_G::Fimbriimonadaceae
4,BAC_G::Flavobacterium
4,BAC_G::Flexilinea
4,BAC_G::Fluviicola
4,BAC_G::Fonticella
4,BAC_G::Frisingicoccus
4,BAC_G::Fusibacter
4,BAC_G::Fusobacterium
4,BAC_G::GWE2-31-10
4,BAC_G::GWE2-42-42
4,BAC_G::GZKB124
4,BAC_G::GZKB75
4,BAC_G::Galbitalea
4,BAC_G::Gallicola
4,BAC_G::Gelria
4,BAC_G::Georgenia
4,BAC_G::Globicatella
4,BAC_G::Gluconobacter
4,BAC_G::Gracilibacter
4,BAC_G::Guggenheimella
4,BAC_G::H1
4,BAC_G::HN-HF0106
4,BAC_G::HOC36
4,BAC_G::Hahella
4,BAC_G::Haliangium
4,BAC_G::Halocella
4,BAC_G::Halomonas
4,BAC_G::Helcococcus
4,BAC_G::Herbinix
4,BAC_G::Holophaga
4,BAC_G::Hungateiclostridiaceae
4,BAC_G::Hungateiclostridium
4,BAC_G::Hydrogenedensaceae
4,BAC_G::Hydrogenispora
4,BAC_G::Hydrogenophaga
4,BAC_G::Hydrothermae
4,BAC_G::Hyphomicrobium
4,BAC_G::Hypnocyclicus
4,BAC_G::IMCC26207
4,BAC_G::IMCC26256
4,BAC_G::Iamia
4,BAC_G::Ignatzschineria
4,BAC_G::Ignavibacterium
4,BAC_G::Inhella
4,BAC_G::Irregularibacter
4,BAC_G::Izemoplasmataceae
4,BAC_G::Izemoplasmatales
4,BAC_G::JG36-GS-52
4,BAC_G::JGI-0000079-D21
4,BAC_G::JGI_0001001-H03
4,BAC_G::JS1
4,BAC_G::Janthinobacterium
4,BAC_G::KCLunmb-38-53
4,BAC_G::Kapabacteriales
4,BAC_G::Keratinibaculum
4,BAC_G::Koukoulia
4,BAC_G::LD1-PA32
4,BAC_G::LD1-PB3
4,BAC_G::LD29
4,BAC_G::LF045
4,BAC_G::LNR_A2-18
4,BAC_G::LWQ8
4,BAC_G::Lachnoclostridium
4,BAC_G::Lachnospira
4,BAC_G::Lachnospiraceae_UCG-004
4,BAC_G::Lactivibrio
4,BAC_G::Lactobacillus
4,BAC_G::Lactococcus
4,BAC_G::Lautropia
4,BAC_G::Lawsonella
4,BAC_G::Leeia
4,BAC_G::Lentimicrobiaceae
4,BAC_G::Lentimicrobium
4,BAC_G::Leptotrichia
4,BAC_G::Leuconostoc
4,BAC_G::LiUU-11-161
4,BAC_G::Limnobacter
4,BAC_G::Limnochordaceae
4,BAC_G::Limnochordia
4,BAC_G::Longilinea
4,BAC_G::Longivirga
4,BAC_G::Luteimonas
4,BAC_G::Lutispora
4,BAC_G::M55-D21
4,BAC_G::MAT-CR-H4-C10
4,BAC_G::MBA03
4,BAC_G::MM2
4,BAC_G::MVP-15
4,BAC_G::Macellibacteroides
4,BAC_G::Marinilabiliaceae
4,BAC_G::Marinimicrobia_(SAR406_clade)
4,BAC_G::Mariniphaga
4,BAC_G::Megasphaera
4,BAC_G::Membranicola
4,BAC_G::Mesotoga
4,BAC_G::Methylocella
4,BAC_G::Methyloglobulus
4,BAC_G::Methyloparacoccus
4,BAC_G::Methylotenera
4,BAC_G::Methyloversatilis
4,BAC_G::MgMjR-022
4,BAC_G::Microbacterium
4,BAC_G::Microvirgula
4,BAC_G::Mogibacterium
4,BAC_G::Monoglobus
4,BAC_G::Moraxellaceae
4,BAC_G::Morganella
4,BAC_G::Mycobacterium
4,BAC_G::Myroides
4,BAC_G::NK-L14
4,BAC_G::NKB15
4,BAC_G::Nannocystis
4,BAC_G::Natronincola
4,BAC_G::Negativicoccus
4,BAC_G::Niabella
4,BAC_G::Nitrosomonas
4,BAC_G::Nitrospira
4,BAC_G::Novosphingobium
4,BAC_G::OLB12
4,BAC_G::OLB14
4,BAC_G::OLB8
4,BAC_G::OM27_clade
4,BAC_G::OPB41
4,BAC_G::Oligella
4,BAC_G::Olsenella
4,BAC_G::Ornithinibacter
4,BAC_G::Oscillospira
4,BAC_G::PB19
4,BAC_G::PBS-18
4,BAC_G::PHOS-HE36
4,BAC_G::PLTA13
4,BAC_G::Paludibacter
4,BAC_G::Paludibaculum
4,BAC_G::Pantoea
4,BAC_G::Papillibacter
4,BAC_G::Parabacteroides
4,BAC_G::Paracoccus
4,BAC_G::PeH15
4,BAC_G::PeM15
4,BAC_G::Pedosphaeraceae
4,BAC_G::Pelotomaculum
4,BAC_G::Peptoclostridium
4,BAC_G::Peptoniphilus
4,BAC_G::Peptostreptococcus
4,BAC_G::Peredibacter
4,BAC_G::Petrimonas
4,BAC_G::Phaeodactylibacter
4,BAC_G::Phenylobacterium
4,BAC_G::Pir4_lineage
4,BAC_G::Pirellula
4,BAC_G::Pla3_lineage
4,BAC_G::Planctomicrobium
4,BAC_G::Planctopirus
4,BAC_G::Prevotella
4,BAC_G::Prevotellaceae_UCG-004
4,BAC_G::Propionispira
4,BAC_G::Propionivibrio
4,BAC_G::Proteiniborus
4,BAC_G::Proteiniphilum
4,BAC_G::Proteocatella
4,BAC_G::Proteus
4,BAC_G::Providencia
4,BAC_G::Pseudarcobacter
4,BAC_G::Pseudobacteroides
4,BAC_G::Pseudomonas
4,BAC_G::Pseudoramibacter
4,BAC_G::Pseudoscardovia
4,BAC_G::Pseudoxanthomonas
4,BAC_G::Psychrobacter
4,BAC_G::RBG-13-54-9
4,BAC_G::RBG-16-49-21
4,BAC_G::RBG-16-55-12
4,BAC_G::Raoultibacter
4,BAC_G::Reyranella
4,BAC_G::Rhizobacter
4,BAC_G::Rhodanobacter
4,BAC_G::Rhodobacter
4,BAC_G::Rhodoferax
4,BAC_G::Rivicola
4,BAC_G::Roseimarinus
4,BAC_G::Roseomonas
4,BAC_G::Rubellimicrobium
4,BAC_G::Ruminiclostridium
4,BAC_G::Ruminococcus
4,BAC_G::Ruminofilibacter
4,BAC_G::Run-SP154
4,BAC_G::S15A-MN91
4,BAC_G::SB-5
4,BAC_G::SBR1031
4,BAC_G::SC-I-84
4,BAC_G::SC103
4,BAC_G::SH-PL14
4,BAC_G::SHA-41
4,BAC_G::SJA-15
4,BAC_G::SJA-28
4,BAC_G::SM1A02
4,BAC_G::SM1A07
4,BAC_G::SN8
4,BAC_G::SRB2
4,BAC_G::ST-12K33
4,BAC_G::SWB02
4,BAC_G::Saccharimonadales
4,BAC_G::Saccharofermentans
4,BAC_G::Sedimentibacter
4,BAC_G::Serratia
4,BAC_G::Shinella
4,BAC_G::Shuttleworthia
4,BAC_G::Simplicispira
4,BAC_G::Smithella
4,BAC_G::Soehngenia
4,BAC_G::Sphaerochaeta
4,BAC_G::Sphingobacterium
4,BAC_G::Sphingomonas
4,BAC_G::Sphingopyxis
4,BAC_G::Spirochaeta
4,BAC_G::Sporanaerobacter
4,BAC_G::Stenotrophomonas
4,BAC_G::Sterolibacterium
4,BAC_G::Streptococcus
4,BAC_G::Succiniclasticum
4,BAC_G::Sulfuritalea
4,BAC_G::Sumerlaea
4,BAC_G::Sutterella
4,BAC_G::Sva0485
4,BAC_G::Symbiobacterium
4,BAC_G::Syner-01
4,BAC_G::Syntrophaceticus
4,BAC_G::Syntrophobacter
4,BAC_G::Syntrophococcus
4,BAC_G::Syntrophomonas
4,BAC_G::Syntrophorhabdus
4,BAC_G::Syntrophotalea
4,BAC_G::Syntrophothermus
4,BAC_G::Syntrophus
4,BAC_G::TA06
4,BAC_G::TPD-58
4,BAC_G::TTA-B1
4,BAC_G::Taibaiella
4,BAC_G::Tepidanaerobacter
4,BAC_G::Tepidimicrobium
4,BAC_G::Terrimonas
4,BAC_G::Tetrasphaera
4,BAC_G::Thauera
4,BAC_G::Thermoanaerobaculum
4,BAC_G::Thermomonas
4,BAC_G::Thermovirga
4,BAC_G::Thermus
4,BAC_G::Thiobacillus
4,BAC_G::Thioclava
4,BAC_G::Thiopseudomonas
4,BAC_G::Tissierella
4,BAC_G::Tolumonas
4,BAC_G::Treponema
4,BAC_G::Trichococcus
4,BAC_G::Truepera
4,BAC_G::Turneriella
4,BAC_G::U29-B03
4,BAC_G::UCG-002
4,BAC_G::UCG-004
4,BAC_G::UCG-009
4,BAC_G::UCG-010
4,BAC_G::UCG-012
4,BAC_G::Uliginosibacterium
4,BAC_G::Uruburuella
4,BAC_G::Vermiphilaceae
4,BAC_G::Vibrio
4,BAC_G::Vulcanibacillus
4,BAC_G::W27
4,BAC_G::W5
4,BAC_G::W5053
4,BAC_G::WCHB1-02
4,BAC_G::WCHB1-41
4,BAC_G::WCHB1-81
4,BAC_G::WPS-2
4,BAC_G::WS1
4,BAC_G::WWE3
4,BAC_G::Weissella
4,BAC_G::Wohlfahrtiimonas
4,BAC_G::XBB1006
4,BAC_G::Z20
4,BAC_G::Z4MB62
4,BAC_G::Zixibacteria
4,BAC_G::Zoogloea
4,BAC_G::c5LKS83
4,BAC_G::cvE6
4,BAC_G::env.OPS_17
4,BAC_G::p-251-o5
4,BAC_G::unidentified
4,ARC_G::Aenigmarchaeales
4,ARC_G::Bathyarchaeia
4,ARC_G::Candidatus_Methanofastidiosum
4,ARC_G::Candidatus_Methanogranum
4,ARC_G::Candidatus_Methanomethylicus
4,ARC_G::Candidatus_Methanomethylophilus
4,ARC_G::Candidatus_Methanoplasma
4,ARC_G::Candidatus_Nitrocosmicus
4,ARC_G::Lokiarchaeia
4,ARC_G::Methanimicrococcus
4,ARC_G::Methanocorpusculum
4,ARC_G::Methanoculleus
4,ARC_G::Methanofollis
4,ARC_G::Methanogenium
4,ARC_G::Methanohalophilus
4,ARC_G::Methanolinea
4,ARC_G::Methanomassiliicoccus
4,ARC_G::Methanomethylovorans
4,ARC_G::Methanoregula
4,ARC_G::Methanosaeta
4,ARC_G::Methanosarcina
4,ARC_G::Methanosphaerula
4,ARC_G::Methanospirillum
4,ARC_G::Micrarchaeales
4,ARC_G::Nitrososphaeraceae
4,ARC_G::RumEn_M2
4,ARC_G::SCGC_AAA011-D5
4,ARC_G::Teleostei
4,ARC_G::Veneroida
4,ARC_G::Woesearchaeales
4,ARC_G::unidentified
5,BAC_G::009E01-B-SD-P15
5,BAC_G::0319-6G20
5,BAC_G::053A03-B-DI-P58
5,BAC_G::1-20
5,BAC_G::113B434
5,BAC_G::37-13
5,BAC_G::4572-13
5,BAC_G::67-14
5,BAC_G::A0839
5,BAC_G::AAP99
5,BAC_G::ADurb.Bin063-1
5,BAC_G::ADurb.Bin063-2
5,BAC_G::ADurb.Bin118
5,BAC_G::ADurb.Bin120
5,BAC_G::AKYH767
5,BAC_G::AUTHM297
5,BAC_G::Absconditabacteriales_(SR1)
5,BAC_G::Acetitomaculum
5,BAC_G::Acetivibrio
5,BAC_G::Acetobacter
5,BAC_G::Acetobacterium
5,BAC_G::Acetobacteroides
5,BAC_G::Acetomicrobium
5,BAC_G::Acholeplasma
5,BAC_G::Achromobacter
5,BAC_G::Acidaminococcus
5,BAC_G::Acidibacter
5,BAC_G::Acidovorax
5,BAC_G::Acinetobacter
5,BAC_G::Actinomyces
5,BAC_G::Aeriscardovia
5,BAC_G::Aeromonas
5,BAC_G::Ahniella
5,BAC_G::Alcaligenes
5,BAC_G::Alistipes
5,BAC_G::Alkaliphilus
5,BAC_G::Alkanindiges
5,BAC_G::Allorhizobium-Neorhizobium-Pararhizobium-Rhizobium
5,BAC_G::Aminicenantales
5,BAC_G::Aminobacterium
5,BAC_G::Amnipila
5,BAC_G::Anaerobacterium
5,BAC_G::Anaerococcus
5,BAC_G::Anaerocolumna
5,BAC_G::Anaerofustis
5,BAC_G::Anaerosphaera
5,BAC_G::Anaerosporobacter
5,BAC_G::Anaerovibrio
5,BAC_G::Anaerovorax
5,BAC_G::Aquabacterium
5,BAC_G::Aquimonas
5,BAC_G::Arcobacter
5,BAC_G::Arenimonas
5,BAC_G::Atopobium
5,BAC_G::Azospira
5,BAC_G::B1-7BS
5,BAC_G::B55-F-B-G02
5,BAC_G::BBMC-4
5,BAC_G::BD1-7_clade
5,BAC_G::BRH-c20a
5,BAC_G::Babeliales
5,BAC_G::Bacillus
5,BAC_G::Bacteroidales_UCG-001
5,BAC_G::Bacteroides
5,BAC_G::Bacteroidetes_BD2-2
5,BAC_G::Bacteroidetes_VC2.1_Bac22
5,BAC_G::Bacteroidetes_vadinHA17
5,BAC_G::Bdellovibrio
5,BAC_G::Bifidobacterium
5,BAC_G::Blastopirellula
5,BAC_G::Brachymonas
5,BAC_G::Bradymonadales
5,BAC_G::Bradyrhizobium
5,BAC_G::Bryobacter
5,BAC_G::Burkholderia-Caballeronia-Paraburkholderia
5,BAC_G::Butyrivibrio
5,BAC_G::C1-B045
5,BAC_G::C10-SB1A
5,BAC_G::CAG-352
5,BAC_G::CCM19a
5,BAC_G::CI75cm.2.12
5,BAC_G::CK-2C2-2
5,BAC_G::Caldicoprobacter
5,BAC_G::Caldisericum
5,BAC_G::Candidatus_Accumulibacter
5,BAC_G::Candidatus_Anammoximicrobium
5,BAC_G::Candidatus_Caldatribacterium
5,BAC_G::Candidatus_Cloacimonas
5,BAC_G::Candidatus_Competibacter
5,BAC_G::Candidatus_Falkowbacteria
5,BAC_G::Candidatus_Obscuribacter
5,BAC_G::Candidatus_Omnitrophus
5,BAC_G::Candidatus_Peregrinibacteria
5,BAC_G::Candidatus_Shapirobacteria
5,BAC_G::Candidatus_Soleaferrea
5,BAC_G::Candidatus_Solibacter
5,BAC_G::Caproiciproducens
5,BAC_G::Caulobacter
5,BAC_G::Cetobacterium
5,BAC_G::Chishuiella
5,BAC_G::Chitinivorax
5,BAC_G::Chryseobacterium
5,BAC_G::Chthonomonadales
5,BAC_G::Chujaibacter
5,BAC_G::Cloacibacterium
5,BAC_G::Cloacimonadaceae
5,BAC_G::Cloacimonadales
5,BAC_G::Clostridia_UCG-014
5,BAC_G::Clostridium_sensu_stricto_1
5,BAC_G::Clostridium_sensu_stricto_15
5,BAC_G::Clostridium_sensu_stricto_8
5,BAC_G::Comamonas
5,BAC_G::Coprothermobacter
5,BAC_G::Corynebacterium
5,BAC_G::Crassaminicella
5,BAC_G::Crenothrix
5,BAC_G::Cryptanaerobacter
5,BAC_G::D8A-2
5,BAC_G::DEV007
5,BAC_G::DEV114
5,BAC_G::DMER64
5,BAC_G::DS-100
5,BAC_G::DTU014
5,BAC_G::Dechloromonas
5,BAC_G::Defluviicoccus
5,BAC_G::Defluviitalea
5,BAC_G::Defluviitoga
5,BAC_G::Delftia
5,BAC_G::Denitratisoma
5,BAC_G::Denitrobacterium
5,BAC_G::Dermatophilus
5,BAC_G::Desulfitibacter
5,BAC_G::Desulfobulbus
5,BAC_G::Desulfomicrobium
5,BAC_G::Desulfovibrio
5,BAC_G::Dethiobacter
5,BAC_G::Devosia
5,BAC_G::Dialister
5,BAC_G::Dietzia
5,BAC_G::Dokdonella
5,BAC_G::Dongia
5,BAC_G::Dysgonomonadaceae
5,BAC_G::EBM-39
5,BAC_G::Ellin6067
5,BAC_G::Elstera
5,BAC_G::Empedobacter
5,BAC_G::Endomicrobium
5,BAC_G::Enhydrobacter
5,BAC_G::Enterococcus
5,BAC_G::Ercella
5,BAC_G::Erysipelothrix
5,BAC_G::Erysipelotrichaceae_UCG-007
5,BAC_G::Exilispira
5,BAC_G::F082
5,BAC_G::FTLpost3
5,BAC_G::Fastidiosipila
5,BAC_G::Fermentibacteraceae
5,BAC_G::Fermentimonas
5,BAC_G::Ferribacterium
5,BAC_G::Ferruginibacter
5,BAC_G::Fervidobacterium
5,BAC_G::Fibrobacter
5,BAC_G::Filomicrobium
5,BAC_G::Fimbriiglobus
5,BAC_G::Fimbriimonadaceae
5,BAC_G::Flavobacterium
5,BAC_G::Flexilinea
5,BAC_G::Fluviicola
5,BAC_G::Fonticella
5,BAC_G::Frisingicoccus
5,BAC_G::Fusibacter
5,BAC_G::Fusobacterium
5,BAC_G::GWE2-31-10
5,BAC_G::GWE2-42-42
5,BAC_G::GZKB124
5,BAC_G::GZKB75
5,BAC_G::Galbitalea
5,BAC_G::Gallicola
5,BAC_G::Gelria
5,BAC_G::Georgenia
5,BAC_G::Globicatella
5,BAC_G::Gluconobacter
5,BAC_G::Gracilibacter
5,BAC_G::Guggenheimella
5,BAC_G::HN-HF0106
5,BAC_G::HOC36
5,BAC_G::Hahella
5,BAC_G::Haliangium
5,BAC_G::Halomonas
5,BAC_G::Helcococcus
5,BAC_G::Herbinix
5,BAC_G::Holophaga
5,BAC_G::Hungateiclostridiaceae
5,BAC_G::Hungateiclostridium
5,BAC_G::Hydrogenedensaceae
5,BAC_G::Hydrogenispora
5,BAC_G::Hydrogenophaga
5,BAC_G::Hyphomicrobium
5,BAC_G::IMCC26207
5,BAC_G::IMCC26256
5,BAC_G::Iamia
5,BAC_G::Ignatzschineria
5,BAC_G::Ignavibacterium
5,BAC_G::Inhella
5,BAC_G::Irregularibacter
5,BAC_G::Izemoplasmataceae
5,BAC_G::Izemoplasmatales
5,BAC_G::JG36-GS-52
5,BAC_G::JGI-0000079-D21
5,BAC_G::JGI_0001001-H03
5,BAC_G::JS1
5,BAC_G::Janthinobacterium
5,BAC_G::KCLunmb-38-53
5,BAC_G::Kapabacteriales
5,BAC_G::Keratinibaculum
5,BAC_G::Koukoulia
5,BAC_G::LD1-PA32
5,BAC_G::LD1-PB3
5,BAC_G::LD29
5,BAC_G::LF045
5,BAC_G::LNR_A2-18
5,BAC_G::LWQ8
5,BAC_G::Lachnoclostridium
5,BAC_G::Lachnospira
5,BAC_G::Lachnospiraceae_UCG-004
5,BAC_G::Lactivibrio
5,BAC_G::Lactobacillus
5,BAC_G::Lactococcus
5,BAC_G::Lautropia
5,BAC_G::Lawsonella
5,BAC_G::Leeia
5,BAC_G::Lentimicrobiaceae
5,BAC_G::Lentimicrobium
5,BAC_G::Leptotrichia
5,BAC_G::Leuconostoc
5,BAC_G::LiUU-11-161
5,BAC_G::Limnobacter
5,BAC_G::Limnochordaceae
5,BAC_G::Longilinea
5,BAC_G::Longivirga
5,BAC_G::Luteimonas
5,BAC_G::Lutispora
5,BAC_G::M55-D21
5,BAC_G::MAT-CR-H4-C10
5,BAC_G::MBA03
5,BAC_G::MVP-15
5,BAC_G::Macellibacteroides
5,BAC_G::Marinilabiliaceae
5,BAC_G::Marinimicrobia_(SAR406_clade)
5,BAC_G::Mariniphaga
5,BAC_G::Megasphaera
5,BAC_G::Membranicola
5,BAC_G::Mesotoga
5,BAC_G::Methyloparacoccus
5,BAC_G::Methylotenera
5,BAC_G::MgMjR-022
5,BAC_G::Microbacterium
5,BAC_G::Microvirgula
5,BAC_G::Mogibacterium
5,BAC_G::Monoglobus
5,BAC_G::Moorella
5,BAC_G::Morganella
5,BAC_G::Mycobacterium
5,BAC_G::Myroides
5,BAC_G::NK-L14
5,BAC_G::NKB15
5,BAC_G::Nannocystis
5,BAC_G::Negativicoccus
5,BAC_G::Niabella
5,BAC_G::Nitrosomonas
5,BAC_G::Nitrospira
5,BAC_G::Novosphingobium
5,BAC_G::OLB12
5,BAC_G::OLB14
5,BAC_G::OLB8
5,BAC_G::OM27_clade
5,BAC_G::OPB41
5,BAC_G::Oligella
5,BAC_G::Olsenella
5,BAC_G::Ornithinibacter
5,BAC_G::Oscillospira
5,BAC_G::PB19
5,BAC_G::PBS-18
5,BAC_G::PHOS-HE36
5,BAC_G::PLTA13
5,BAC_G::Paludibacter
5,BAC_G::Paludibaculum
5,BAC_G::Pantoea
5,BAC_G::Papillibacter
5,BAC_G::Parabacteroides
5,BAC_G::Paracoccus
5,BAC_G::PeH15
5,BAC_G::PeM15
5,BAC_G::Pedosphaeraceae
5,BAC_G::Pelotomaculum
5,BAC_G::Peptoclostridium
5,BAC_G::Peptoniphilus
5,BAC_G::Peptostreptococcus
5,BAC_G::Peredibacter
5,BAC_G::Petrimonas
5,BAC_G::Phaeodactylibacter
5,BAC_G::Phenylobacterium
5,BAC_G::Pir4_lineage
5,BAC_G::Pirellula
5,BAC_G::Pla3_lineage
5,BAC_G::Planctomicrobium
5,BAC_G::Planctopirus
5,BAC_G::Prevotella
5,BAC_G::Prevotellaceae_UCG-001
5,BAC_G::Prevotellaceae_UCG-004
5,BAC_G::Propionispira
5,BAC_G::Propionivibrio
5,BAC_G::Proteiniborus
5,BAC_G::Proteiniphilum
5,BAC_G::Proteocatella
5,BAC_G::Proteus
5,BAC_G::Providencia
5,BAC_G::Pseudarcobacter
5,BAC_G::Pseudobacteroides
5,BAC_G::Pseudomonas
5,BAC_G::Pseudoramibacter
5,BAC_G::Pseudoxanthomonas
5,BAC_G::Psychrobacter
5,BAC_G::RBG-13-54-9
5,BAC_G::RBG-16-49-21
5,BAC_G::RBG-16-55-12
5,BAC_G::Raoultibacter
5,BAC_G::Reyranella
5,BAC_G::Rhizobacter
5,BAC_G::Rhodanobacter
5,BAC_G::Rhodobacter
5,BAC_G::Rivicola
5,BAC_G::Roseimarinus
5,BAC_G::Roseomonas
5,BAC_G::Rubellimicrobium
5,BAC_G::Ruminiclostridium
5,BAC_G::Ruminococcus
5,BAC_G::Ruminofilibacter
5,BAC_G::Run-SP154
5,BAC_G::S15A-MN91
5,BAC_G::SB-5
5,BAC_G::SBR1031
5,BAC_G::SC-I-84
5,BAC_G::SC103
5,BAC_G::SH-PL14
5,BAC_G::SHA-41
5,BAC_G::SJA-15
5,BAC_G::SJA-28
5,BAC_G::SM1A02
5,BAC_G::SM1A07
5,BAC_G::SN8
5,BAC_G::SRB2
5,BAC_G::ST-12K33
5,BAC_G::SWB02
5,BAC_G::Saccharimonadales
5,BAC_G::Saccharofermentans
5,BAC_G::Sedimentibacter
5,BAC_G::Serratia
5,BAC_G::Shinella
5,BAC_G::Shuttleworthia
5,BAC_G::Simplicispira
5,BAC_G::Smithella
5,BAC_G::Soehngenia
5,BAC_G::Sphaerochaeta
5,BAC_G::Sphingobacterium
5,BAC_G::Sphingomonas
5,BAC_G::Sphingopyxis
5,BAC_G::Spirochaeta
5,BAC_G::Sporanaerobacter
5,BAC_G::Stenotrophomonas
5,BAC_G::Sterolibacterium
5,BAC_G::Streptococcus
5,BAC_G::Succiniclasticum
5,BAC_G::Sulfuritalea
5,BAC_G::Sumerlaea
5,BAC_G::Sutterella
5,BAC_G::Symbiobacterium
5,BAC_G::Syner-01
5,BAC_G::Syntrophaceticus
5,BAC_G::Syntrophobacter
5,BAC_G::Syntrophococcus
5,BAC_G::Syntrophomonas
5,BAC_G::Syntrophorhabdus
5,BAC_G::Syntrophotalea
5,BAC_G::Syntrophothermus
5,BAC_G::Syntrophus
5,BAC_G::TA06
5,BAC_G::TPD-58
5,BAC_G::TTA-B1
5,BAC_G::Taibaiella
5,BAC_G::Tepidanaerobacter
5,BAC_G::Tepidimicrobium
5,BAC_G::Terrimonas
5,BAC_G::Tetrasphaera
5,BAC_G::Thauera
5,BAC_G::Thermoanaerobaculum
5,BAC_G::Thermomonas
5,BAC_G::Thermovirga
5,BAC_G::Thermus
5,BAC_G::Thiobacillus
5,BAC_G::Thioclava
5,BAC_G::Thiopseudomonas
5,BAC_G::Tissierella
5,BAC_G::Tolumonas
5,BAC_G::Treponema
5,BAC_G::Trichococcus
5,BAC_G::Truepera
5,BAC_G::Turneriella
5,BAC_G::U29-B03
5,BAC_G::UCG-002
5,BAC_G::UCG-004
5,BAC_G::UCG-009
5,BAC_G::UCG-010
5,BAC_G::UCG-012
5,BAC_G::Uliginosibacterium
5,BAC_G::Uruburuella
5,BAC_G::Vermiphilaceae
5,BAC_G::Vibrio
5,BAC_G::Vulcanibacillus
5,BAC_G::W27
5,BAC_G::W5
5,BAC_G::W5053
5,BAC_G::WCHB1-02
5,BAC_G::WCHB1-41
5,BAC_G::WCHB1-81
5,BAC_G::WPS-2
5,BAC_G::WS1
5,BAC_G::WWE3
5,BAC_G::Weissella
5,BAC_G::Wohlfahrtiimonas
5,BAC_G::XBB1006
5,BAC_G::Z20
5,BAC_G::Z4MB62
5,BAC_G::Zixibacteria
5,BAC_G::Zoogloea
5,BAC_G::c5LKS83
5,BAC_G::cvE6
5,BAC_G::env.OPS_17
5,BAC_G::horsej-a03
5,BAC_G::p-251-o5
5,BAC_G::unidentified
5,ARC_G::Bathyarchaeia
5,ARC_G::Candidatus_Methanofastidiosum
5,ARC_G::Candidatus_Methanogranum
5,ARC_G::Candidatus_Methanomethylicus
5,ARC_G::Candidatus_Methanomethylophilus
5,ARC_G::Candidatus_Methanoplasma
5,ARC_G::Candidatus_Nitrocosmicus
5,ARC_G::Methanimicrococcus
5,ARC_G::Methanocorpusculum
5,ARC_G::Methanoculleus
5,ARC_G::Methanofollis
5,ARC_G::Methanogenium
5,ARC_G::Methanolinea
5,ARC_G::Methanomassiliicoccus
5,ARC_G::Methanomethylovorans
5,ARC_G::Methanoregula
5,ARC_G::Methanosaeta
5,ARC_G::Methanosarcina
5,ARC_G::Methanosphaerula
5,ARC_G::Methanospirillum
5,ARC_G::Micrarchaeales
5,ARC_G::Nitrososphaeraceae
5,ARC_G::Rhinosporideacae
5,ARC_G::RumEn_M2
5,ARC_G::SCGC_AAA011-D5
5,ARC_G::Teleostei
5,ARC_G::Veneroida
5,ARC_G::Woesearchaeales
5,ARC_G::unidentified
