domain,rank,workbook_sample,SampleID,workbook_suffix,original_suffix,Site
BAC,Genus,1-1-BSSG,1-1,BSSG,BSSG,BSS
BAC,Genus,1-10-DGDC,1-10,DGDC,DGDC,DGC
BAC,Genus,1-11-DGYSa,1-11,DGYSa,DGYSa,DGY
BAC,Genus,1-11b-DGYSb,1-11b,DGYSb,DGYSb,DGYb
BAC,Genus,1-12-USOS,1-12,USOS,USOS,USO
BAC,Genus,1-13-USYY,1-13,USYY,USYY,USY
BAC,Genus,1-14-USYJ,1-14,USYJ,USYJ,USJ
BAC,Genus,1-15-GSGA,1-15,GSGA,GSGA,GSG
BAC,Genus,1-16-GCGD,1-16,GCGD,GCGD,GCG
BAC,Genus,1-17-MGYS,1-17,MGYS,MGYS,MGY
BAC,Genus,1-18-ADAS,1-18,ADAS,ADAS,ADA
BAC,Genus,1-19-ADPC,1-19,ADPC,ADPC,ADP
BAC,Genus,1-2-BSNS,1-2,BSNS,BSNS,BSN
BAC,Genus,1-20-YCGH,1-20,YCGH,YCGH,YCG
BAC,Genus,1-21-YCDG,1-21,YCDG,YCDG,YCD
BAC,Genus,1-22-UJGN,1-22,UJGN,UJGN,UJG
BAC,Genus,1-23-CGSJ,1-23,CGSJ,CGSJ,CGS
BAC,Genus,1-24-GHGHa,1-24,GHGHa,GHGHa,GHGa
BAC,Genus,1-25-GHGHb,1-25,GHGHb,GHGHb,GHGb
BAC,Genus,1-26-GHHM,1-26,GHHM,GHHM,GHH
BAC,Genus,1-27-GHJY,1-27,GHJY,GHJY,GHJ
BAC,Genus,1-28-MYSN,1-28,MYSN,MYSN,MYS
BAC,Genus,1-29-SCHG,1-29,SCHG,SCHG,SCH
BAC,Genus,1-3-BSIGa,1-3,BSIGa,BSIGa,BSI
BAC,Genus,1-30-YSDM,1-30,YSDM,YSDM,YSD
BAC,Genus,1-31-YSYS,1-31,YSYS,YSYS,YSY
BAC,Genus,1-32-JJNG,1-32,JJNG,JJNG,JJN
BAC,Genus,1-32'-JJYS,1-32',JJYS,JJYS,JJY
BAC,Genus,1-33-CWMS,1-33,CWMS,CWMS,CWM
BAC,Genus,1-34-CWSS,1-34,CWSS,CWSS,CWS
BAC,Genus,1-3b-BSIGb,1-3b,BSIGb,BSIGb,BSIb
BAC,Genus,1-4-BSOC,1-4,BSOC,BSOC,BSO
BAC,Genus,1-5-BSES,1-5,BSES,BSES,BSE
BAC,Genus,1-6-DGGW,1-6,DGGW,DGGW,DGG
BAC,Genus,1-7-DGDS,1-7,DGDS,DGDS,DGD
BAC,Genus,1-8-DGJY,1-8,DGJY,DGJY,DGJ
BAC,Genus,1-9-DGGB,1-9,DGGB,DGGB,DGB
BAC,Genus,2-1-BSSG,2-1,BSSG,BSSG,BSS
BAC,Genus,2-10-DGDC,2-10,DGDC,DGDC,DGC
BAC,Genus,2-11-DGYSa,2-11,DGYSa,DGYSa,DGY
BAC,Genus,2-12-USOS,2-12,USOS,USOS,USO
BAC,Genus,2-13-USYY,2-13,USYY,USYY,USY
BAC,Genus,2-14-USYJ,2-14,USYJ,USYJ,USJ
BAC,Genus,2-15-GSGA,2-15,GSGA,GSGA,GSG
BAC,Genus,2-16-GCGD,2-16,GCGD,GCGD,GCG
BAC,Genus,2-17-MGYS,2-17,MGYS,MGYS,MGY
BAC,Genus,2-18-ADAS,2-18,ADAS,ADAS,ADA
BAC,Genus,2-19-ADPC,2-19,ADPC,ADPC,ADP
BAC,Genus,2-2-BSNS,2-2,BSNS,BSNS,BSN
BAC,Genus,2-20-YCGH,2-20,YCGH,YCGH,YCG
BAC,Genus,2-21-YCDG,2-21,YCDG,YCDG,YCD
BAC,Genus,2-22-UJGN,2-22,UJGN,UJGN,UJG
BAC,Genus,2-23-CGSJ,2-23,CGSJ,CGSJ,CGS
BAC,Genus,2-24-GHGHa,2-24,GHGHa,GHGHa,GHGa
BAC,Genus,2-25-GHGHb,2-25,GHGHb,GHGHb,GHGb
BAC,Genus,2-26-GHHM,2-26,GHHM,GHHM,GHH
BAC,Genus,2-27-GHJY,2-27,GHJY,GHJY,GHJ
BAC,Genus,2-28-MYSN,2-28,MYSN,MYSN,MYS
BAC,Genus,2-29-SCHG,2-29,SCHG,SCHG,SCH
BAC,Genus,2-3-BSIGa,2-3,BSIGa,BSIGa,BSI
BAC,Genus,2-30-YSDM,2-30,YSDM,YSDM,YSD
BAC,Genus,2-31-YSYS,2-31,YSYS,YSYS,YSY
BAC,Genus,2-32-JJNG,2-32,JJNG,JJNG,JJN
BAC,Genus,2-32'-JJYS,2-32',JJYS,JJYS,JJY
BAC,Genus,2-33-CWMS,2-33,CWMS,CWMS,CWM
BAC,Genus,2-34-CWSS,2-34,CWSS,CWSS,CWS
BAC,Genus,2-4-BSOC,2-4,BSOC,BSOC,BSO
BAC,Genus,2-5-BSES,2-5,BSES,BSES,BSE
BAC,Genus,2-6-DGGW,2-6,DGGW,DGGW,DGG
BAC,Genus,2-7-DGDS,2-7,DGDS,DGDS,DGD
BAC,Genus,2-8-DGJY,2-8,DGJY,DGJY,DGJ
BAC,Genus,2-9-DGGB,2-9,DGGB,DGGB,DGB
BAC,Genus,3-1-BSSG,3-1,BSSG,BSSG,BSS
BAC,Genus,3-10-DGDC,3-10,DGDC,DGDC,DGC
BAC,Genus,3-11-DGYSa,3-11,DGYSa,DGYSa,DGY
BAC,Genus,3-12-USOS,3-12,USOS,USOS,USO
BAC,Genus,3-13-USYY,3-13,USYY,USYY,USY
BAC,Genus,3-14-USYJ,3-14,USYJ,USYJ,USJ
BAC,Genus,3-15-GSGA,3-15,GSGA,GSGA,GSG
BAC,Genus,3-16-GCGD,3-16,GCGD,GCGD,GCG
BAC,Genus,3-17-MGYS,3-17,MGYS,MGYS,MGY
BAC,Genus,3-18-ADAS,3-18,ADAS,ADAS,ADA
BAC,Genus,3-19-ADPC,3-19,ADPC,ADPC,ADP
BAC,Genus,3-2-BSNS,3-2,BSNS,BSNS,BSN
BAC,Genus,3-20-YCGH,3-20,YCGH,YCGH,YCG
BAC,Genus,3-21-YCDG,3-21,YCDG,YCDG,YCD
BAC,Genus,3-22-UJGN,3-22,UJGN,UJGN,UJG
BAC,Genus,3-23-CGSJ,3-23,CGSJ,CGSJ,CGS
BAC,Genus,3-24-GHGHa,3-24,GHGHa,GHGHa,GHGa
BAC,Genus,3-25-GHGHb,3-25,GHGHb,GHGHb,GHGb
BAC,Genus,3-26-GHHM,3-26,GHHM,GHHM,GHH
BAC,Genus,3-27-GHJY,3-27,GHJY,GHJY,GHJ
BAC,Genus,3-28-MYSN,3-28,MYSN,MYSN,MYS
BAC,Genus,3-29-SCHG,3-29,SCHG,SCHG,SCH
BAC,Genus,3-3-BSIGa,3-3,BSIGa,BSIGa,BSI
BAC,Genus,3-30-YSDM,3-30,YSDM,YSDM,YSD
BAC,Genus,3-31-YSYS,3-31,YSYS,YSYS,YSY
BAC,Genus,3-32-JJNG,3-32,JJNG,JJNG,JJN
BAC,Genus,3-32'-JJYS,3-32',JJYS,JJYS,JJY
BAC,Genus,3-33-CWMS,3-33,CWMS,CWMS,CWM
BAC,Genus,3-34-CWSS,3-34,CWSS,CWSS,CWS
BAC,Genus,3-4-BSOC,3-4,BSOC,BSOC,BSO
BAC,Genus,3-5-BSES,3-5,BSES,BSES,BSE
BAC,Genus,3-6-DGGW,3-6,DGGW,DGGW,DGG
BAC,Genus,3-7-DGDS,3-7,DGDS,DGDS,DGD
BAC,Genus,3-8-DGJY,3-8,DGJY,DGJY,DGJ
BAC,Genus,3-9-DGGB,3-9,DGGB,DGGB,DGB
BAC,Genus,4-1-BSSG,4-1,BSSG,BSSG,BSS
BAC,Genus,4-10-DGDC,4-10,DGDC,DGDC,DGC
BAC,Genus,4-11-DGYSa,4-11,DGYSa,DGYSa,DGY
BAC,Genus,4-12-USOS,4-12,USOS,USOS,USO
BAC,Genus,4-13-USYY,4-13,USYY,USYY,USY
BAC,Genus,4-14-USYJ,4-14,USYJ,USYJ,USJ
BAC,Genus,4-15-GSGA,4-15,GSGA,GSGA,GSG
BAC,Genus,4-16-GCGD,4-16,GCGD,GCGD,GCG
BAC,Genus,4-17-MGYS,4-17,MGYS,MGYS,MGY
BAC,Genus,4-18-ADAS,4-18,ADAS,ADAS,ADA
BAC,Genus,4-2-BSNS,4-2,BSNS,BSNS,BSN
BAC,Genus,4-21-YCDG,4-21,YCDG,YCDG,YCD
BAC,Genus,4-22-UJGN,4-22,UJGN,UJGN,UJG
BAC,Genus,4-23-CGSJ,4-23,CGSJ,CGSJ,CGS
BAC,Genus,4-24-GHGHa,4-24,GHGHa,GHGHa,GHGa
BAC,Genus,4-25-GHGHb,4-25,GHGHb,GHGHb,GHGb
BAC,Genus,4-26-GHHM,4-26,GHHM,GHHM,GHH
BAC,Genus,4-27-GHJY,4-27,GHJY,GHJY,GHJ
BAC,Genus,4-28-MYSN,4-28,MYSN,MYSN,MYS
BAC,Genus,4-29-SCHG,4-29,SCHG,SCHG,SCH
BAC,Genus,4-3-BSIGa,4-3,BSIGa,BSIGa,BSI
BAC,Genus,4-30-YSDM,4-30,YSDM,YSDM,YSD
BAC,Genus,4-31-YSYS,4-31,YSYS,YSYS,YSY
BAC,Genus,4-32-JJNG,4-32,JJNG,JJNG,JJN
BAC,Genus,4-32'-JJYS,4-32',JJYS,JJYS,JJY
BAC,Genus,4-33-CWMS,4-33,CWMS,CWMS,CWM
BAC,Genus,4-34-CWSS,4-34,CWSS,CWSS,CWS
BAC,Genus,4-4-BSOC,4-4,BSOC,BSOC,BSO
BAC,Genus,4-5-BSES,4-5,BSES,BSES,BSE
BAC,Genus,4-6-DGGW,4-6,DGGW,DGGW,DGG
BAC,Genus,4-7-DGDS,4-7,DGDS,DGDS,DGD
BAC,Genus,4-8-DGJY,4-8,DGJY,DGJY,DGJ
BAC,Genus,4-9-DGGB,4-9,DGGB,DGGB,DGB
ARC,Genus,1-1-BSSG,1-1,BSSG,BSSG,BSS
ARC,Genus,1-10-DGDC,1-10,DGDC,DGDC,DGC
ARC,Genus,1-11-DGYSa,1-11,DGYSa,DGYSa,DGY
ARC,Genus,1-11b-DGYSb,1-11b,DGYSb,DGYSb,DGYb
ARC,Genus,1-12-USOS,1-12,USOS,USOS,USO
ARC,Genus,1-13-USYY,1-13,USYY,USYY,USY
ARC,Genus,1-14-USYJ,1-14,USYJ,USYJ,USJ
ARC,Genus,1-15-GSGA,1-15,GSGA,GSGA,GSG
ARC,Genus,1-16-GCGD,1-16,GCGD,GCGD,GCG
ARC,Genus,1-17-MGYS,1-17,MGYS,MGYS,MGY
ARC,Genus,1-18-ADAS,1-18,ADAS,ADAS,ADA
ARC,Genus,1-19-ADPC,1-19,ADPC,ADPC,ADP
ARC,Genus,1-2-BSNS,1-2,BSNS,BSNS,BSN
ARC,Genus,1-20-YCGH,1-20,YCGH,YCGH,YCG
ARC,Genus,1-21-YCDG,1-21,YCDG,YCDG,YCD
ARC,Genus,1-22-UJGN,1-22,UJGN,UJGN,UJG
ARC,Genus,1-23-CGSJ,1-23,CGSJ,CGSJ,CGS
ARC,Genus,1-24-GHGHa,1-24,GHGHa,GHGHa,GHGa
ARC,Genus,1-25-GHGHb,1-25,GHGHb,GHGHb,GHGb
ARC,Genus,1-26-GHHM,1-26,GHHM,GHHM,GHH
ARC,Genus,1-27-GHJY,1-27,GHJY,GHJY,GHJ
ARC,Genus,1-28-MYSN,1-28,MYSN,MYSN,MYS
ARC,Genus,1-29-SCHG,1-29,SCHG,SCHG,SCH
ARC,Genus,1-3-BSIGa,1-3,BSIGa,BSIGa,BSI
ARC,Genus,1-30-YSDM,1-30,YSDM,YSDM,YSD
ARC,Genus,1-31-YSYS,1-31,YSYS,YSYS,YSY
ARC,Genus,1-32-JJNG,1-32,JJNG,JJNG,JJN
ARC,Genus,1-33-CWMS,1-33,CWMS,CWMS,CWM
ARC,Genus,1-34-CWSS,1-34,CWSS,CWSS,CWS
ARC,Genus,1-3b-BSIGb,1-3b,BSIGb,BSIGb,BSIb
ARC,Genus,1-4-BSOC,1-4,BSOC,BSOC,BSO
ARC,Genus,1-5-BSES,1-5,BSES,BSES,BSE
ARC,Genus,1-6-DGGW,1-6,DGGW,DGGW,DGG
ARC,Genus,1-7-DGDS,1-7,DGDS,DGDS,DGD
ARC,Genus,1-8-DGJY,1-8,DGJY,DGJY,DGJ
ARC,Genus,1-9-DGGB,1-9,DGGB,DGGB,DGB
ARC,Genus,2-1-BSSG,2-1,BSSG,BSSG,BSS
ARC,Genus,2-10-DGDC,2-10,DGDC,DGDC,DGC
ARC,Genus,2-11-DGYSa,2-11,DGYSa,DGYSa,DGY
ARC,Genus,2-12-USOS,2-12,USOS,USOS,USO
ARC,Genus,2-13-USYY,2-13,USYY,USYY,USY
ARC,Genus,2-14-USYJ,2-14,USYJ,USYJ,USJ
ARC,Genus,2-15-GSGA,2-15,GSGA,GSGA,GSG
ARC,Genus,2-16-GCGD,2-16,GCGD,GCGD,GCG
ARC,Genus,2-17-MGYS,2-17,MGYS,MGYS,MGY
ARC,Genus,2-18-ADAS,2-18,ADAS,ADAS,ADA
ARC,Genus,2-19-ADPC,2-19,ADPC,ADPC,ADP
ARC,Genus,2-2-BSNS,2-2,BSNS,BSNS,BSN
ARC,Genus,2-20-YCGH,2-20,YCGH,YCGH,YCG
ARC,Genus,2-21-YCDG,2-21,YCDG,YCDG,YCD
ARC,Genus,2-22-UJGN,2-22,UJGN,UJGN,UJG
ARC,Genus,2-23-CGSJ,2-23,CGSJ,CGSJ,CGS
ARC,Genus,2-24-GHGHa,2-24,GHGHa,GHGHa,GHGa
ARC,Genus,2-25-GHGHb,2-25,GHGHb,GHGHb,GHGb
ARC,Genus,2-26-GHHM,2-26,GHHM,GHHM,GHH
ARC,Genus,2-27-GHJY,2-27,GHJY,GHJY,GHJ
ARC,Genus,2-28-MYSN,2-28,MYSN,MYSN,MYS
ARC,Genus,2-29-SCHG-ARC,2-29,SCHG,SCHG-ARC,SCH
ARC,Genus,2-3-BSIGa,2-3,BSIGa,BSIGa,BSI
ARC,Genus,2-30-YSDM,2-30,YSDM,YSDM,YSD
ARC,Genus,2-31-YSYS,2-31,YSYS,YSYS,YSY
ARC,Genus,2-32-JJNG,2-32,JJNG,JJNG,JJN
ARC,Genus,2-32'-JJYS,2-32',JJYS,JJYS,JJY
ARC,Genus,2-33-CWMS,2-33,CWMS,CWMS,CWM
ARC,Genus,2-34-CWSS,2-34,CWSS,CWSS,CWS
ARC,Genus,2-4-BSOC,2-4,BSOC,BSOC,BSO
ARC,Genus,2-5-BSES,2-5,BSES,BSES,BSE
ARC,Genus,2-6-DGGW,2-6,DGGW,DGGW,DGG
ARC,Genus,2-7-DGDS,2-7,DGDS,DGDS,DGD
ARC,Genus,2-8-DGJY,2-8,DGJY,DGJY,DGJ
ARC,Genus,2-9-DGGB,2-9,DGGB,DGGB,DGB
ARC,Genus,3-1-BSSG,3-1,BSSG,BSSG,BSS
ARC,Genus,3-10-DGDC,3-10,DGDC,DGDC,DGC
ARC,Genus,3-11-DGYSa,3-11,DGYSa,DGYSa,DGY
ARC,Genus,3-12-USOS,3-12,USOS,USOS,USO
ARC,Genus,3-13-USYY,3-13,USYY,USYY,USY
ARC,Genus,3-14-USYJ,3-14,USYJ,USYJ,USJ
ARC,Genus,3-15-GSGA,3-15,GSGA,GSGA,GSG
ARC,Genus,3-16-GCGD,3-16,GCGD,GCGD,GCG
ARC,Genus,3-17-MGYS,3-17,MGYS,MGYS,MGY
ARC,Genus,3-18-ADAS,3-18,ADAS,ADAS,ADA
ARC,Genus,3-19-ADPC,3-19,ADPC,ADPC,ADP
ARC,Genus,3-2-BSNS,3-2,BSNS,BSNS,BSN
ARC,Genus,3-20-YCGH,3-20,YCGH,YCGH,YCG
ARC,Genus,3-21-YCDG,3-21,YCDG,YCDG,YCD
ARC,Genus,3-22-UJGN,3-22,UJGN,UJGN,UJG
ARC,Genus,3-23-CGSJ,3-23,CGSJ,CGSJ,CGS
ARC,Genus,3-24-GHGHa,3-24,GHGHa,GHGHa,GHGa
ARC,Genus,3-25-GHGHb,3-25,GHGHb,GHGHb,GHGb
ARC,Genus,3-26-GHHM,3-26,GHHM,GHHM,GHH
ARC,Genus,3-27-GHJY,3-27,GHJY,GHJY,GHJ
ARC,Genus,3-28-MYSN,3-28,MYSN,MYSN,MYS
ARC,Genus,3-29-SCHG,3-29,SCHG,SCHG,SCH
ARC,Genus,3-3-BSIGa,3-3,BSIGa,BSIGa,BSI
ARC,Genus,3-30-YSDM,3-30,YSDM,YSDM,YSD
ARC,Genus,3-31-YSYS,3-31,YSYS,YSYS,YSY
ARC,Genus,3-32-JJNG,3-32,JJNG,JJNG,JJN
ARC,Genus,3-32'-JJYS,3-32',JJYS,JJYS,JJY
ARC,Genus,3-33-CWMS,3-33,CWMS,CWMS,CWM
ARC,Genus,3-34-CWSS,3-34,CWSS,CWSS,CWS
ARC,Genus,3-4-BSOC,3-4,BSOC,BSOC,BSO
ARC,Genus,3-5-BSES,3-5,BSES,BSES,BSE
ARC,Genus,3-6-DGGW,3-6,DGGW,DGGW,DGG
ARC,Genus,3-7-DGDS,3-7,DGDS,DGDS,DGD
ARC,Genus,3-8-DGJY,3-8,DGJY,DGJY,DGJ
ARC,Genus,3-9-DGGB,3-9,DGGB,DGGB,DGB
ARC,Genus,4-1-BSSG,4-1,BSSG,BSSG,BSS
ARC,Genus,4-10-DGDC,4-10,DGDC,DGDC,DGC
ARC,Genus,4-11-DGYSa,4-11,DGYSa,DGYSa,DGY
ARC,Genus,4-12-USOS,4-12,USOS,USOS,USO
ARC,Genus,4-13-USYY,4-13,USYY,USYY,USY
ARC,Genus,4-14-USYJ,4-14,USYJ,USYJ,USJ
ARC,Genus,4-15-GSGA,4-15,GSGA,GSGA,GSG
ARC,Genus,4-16-GCGD,4-16,GCGD,GCGD,GCG
ARC,Genus,4-17-MGYS,4-17,MGYS,MGYS,MGY
ARC,Genus,4-18-ADAS,4-18,ADAS,ADAS,ADA
ARC,Genus,4-2-BSNS,4-2,BSNS,BSNS,BSN
ARC,Genus,4-21-YCDG,4-21,YCDG,YCDG,YCD
ARC,Genus,4-22-UJGN,4-22,UJGN,UJGN,UJG
ARC,Genus,4-23-CGSJ,4-23,CGSJ,CGSJ,CGS
ARC,Genus,4-25-GHGHb,4-25,GHGHb,GHGHb,GHGb
ARC,Genus,4-26-GHHM,4-26,GHHM,GHHM,GHH
ARC,Genus,4-27-GHJY,4-27,GHJY,GHJY,GHJ
ARC,Genus,4-28-MYSN,4-28,MYSN,MYSN,MYS
ARC,Genus,4-29-SCHG,4-29,SCHG,SCHG,SCH
ARC,Genus,4-3-BSIGa,4-3,BSIGa,BSIGa,BSI
ARC,Genus,4-30-YSDM,4-30,YSDM,YSDM,YSD
ARC,Genus,4-31-YSYS,4-31,YSYS,YSYS,YSY
ARC,Genus,4-32-JJNG,4-32,JJNG,JJNG,JJN
ARC,Genus,4-32'-JJYS,4-32',JJYS,JJYS,JJY
ARC,Genus,4-33-CWMS,4-33,CWMS,CWMS,CWM
ARC,Genus,4-34-CWSS,4-34,CWSS,CWSS,CWS
ARC,Genus,4-4-BSOC,4-4,BSOC,BSOC,BSO
ARC,Genus,4-5-BSES,4-5,BSES,BSES,BSE
ARC,Genus,4-6-DGGW,4-6,DGGW,DGGW,DGG
ARC,Genus,4-7-DGDS,4-7,DGDS,DGDS,DGD
ARC,Genus,4-8-DGJY,4-8,DGJY,DGJY,DGJ
ARC,Genus,4-9-DGGB,4-9,DGGB,DGGB,DGB
