Model,domain,feature,importance,taxonomic_level
RandomForest,Bacteria,BAC_O::Oscillospirales,0.1085247922795034,Order
RandomForest,Bacteria,BAC_O::Bacteroidales,0.084125053911218,Order
RandomForest,Bacteria,BAC_O::Spirochaetales,0.0590595626301325,Order
RandomForest,Bacteria,BAC_O::Lactobacillales,0.0576551381433505,Order
RandomForest,Bacteria,BAC_O::Clostridia,0.0549881546476062,Order
RandomForest,Bacteria,BAC_O::unidentified,0.0408731343659397,Order
RandomForest,Bacteria,BAC_O::Coriobacteriales,0.0359787540743252,Order
RandomForest,Bacteria,BAC_O::Burkholderiales,0.0332936972921005,Order
RandomForest,Bacteria,BAC_O::Rhizobiales,0.0217621021783298,Order
RandomForest,Archaea,ARC_O::Methanomicrobiales,0.0213173227493069,Order
RandomForest,Bacteria,BAC_O::Synergistales,0.0210389506738119,Order
RandomForest,Archaea,ARC_O::Methanofastidiosales,0.0206812052503594,Order
RandomForest,Bacteria,BAC_O::Cloacimonadales,0.020198030978136,Order
RandomForest,Archaea,ARC_O::Methanosarciniales,0.0181252611552244,Order
RandomForest,Bacteria,BAC_O::Caldicoprobacterales,0.0178209774944195,Order
RandomForest,Bacteria,BAC_O::Pseudomonadales,0.0169048239600163,Order
RandomForest,Bacteria,BAC_O::Thermoanaerobacterales,0.0137795852717811,Order
RandomForest,Archaea,ARC_O::Methanomassiliicoccales,0.0137584206491956,Order
RandomForest,Bacteria,BAC_O::Sphingobacteriales,0.0135474210460262,Order
RandomForest,Bacteria,BAC_O::WCHB1-41,0.0134775300926238,Order
RandomForest,Bacteria,BAC_O::MBA03,0.0130117565186972,Order
RandomForest,Bacteria,BAC_O::D8A-2,0.0125923781515689,Order
RandomForest,Bacteria,BAC_O::Lachnospirales,0.0124943577146026,Order
RandomForest,Bacteria,BAC_O::Syntrophales,0.0123867262489521,Order
RandomForest,Bacteria,BAC_O::Acholeplasmatales,0.0119852206594939,Order
RandomForest,Bacteria,BAC_O::Incertae_Sedis,0.0104731756624046,Order
RandomForest,Bacteria,BAC_O::Caldisericales,0.0100853373664976,Order
RandomForest,Bacteria,BAC_O::Petrotogales,0.0099653025139308,Order
RandomForest,Bacteria,BAC_O::Caldatribacteriales,0.0098088103386805,Order
RandomForest,Bacteria,BAC_O::Chitinophagales,0.0087024716882892,Order
RandomForest,Bacteria,BAC_O::Eubacteriales,0.0086280052689385,Order
RandomForest,Bacteria,BAC_O::Veillonellales-Selenomonadales,0.0085901176337967,Order
RandomForest,Bacteria,BAC_O::Micrococcales,0.0077921889605633,Order
RandomForest,Bacteria,BAC_O::Enterobacterales,0.0077441046675568,Order
RandomForest,Bacteria,BAC_O::Izemoplasmatales,0.0071819084162335,Order
RandomForest,Bacteria,BAC_O::Thermacetogeniales,0.0071501095226425,Order
RandomForest,Bacteria,BAC_O::Christensenellales,0.0067174320421592,Order
RandomForest,Bacteria,BAC_O::Peptostreptococcales-Tissierellales,0.0065840362978469,Order
RandomForest,Archaea,ARC_O::unidentified,0.0060150056253762,Order
RandomForest,Bacteria,BAC_O::Chthonomonadales,0.0057979538448404,Order
RandomForest,Bacteria,BAC_O::Endomicrobiales,0.0053884803895439,Order
RandomForest,Bacteria,BAC_O::Rhodobacterales,0.0053775538975368,Order
RandomForest,Bacteria,BAC_O::Xanthomonadales,0.0048607948295716,Order
RandomForest,Bacteria,BAC_O::Desulfitobacteriales,0.0046021166196347,Order
RandomForest,Bacteria,BAC_O::Anaerolineales,0.0041504536828881,Order
RandomForest,Bacteria,BAC_O::Syntrophomonadales,0.0040697124353449,Order
RandomForest,Bacteria,BAC_O::DTU014,0.0040068219583516,Order
RandomForest,Bacteria,BAC_O::Fibrobacterales,0.0037880032259746,Order
RandomForest,Bacteria,BAC_O::Marinimicrobia_(SAR406_clade),0.0036021408889252,Order
RandomForest,Bacteria,BAC_O::Pirellulales,0.0033733035518305,Order
RandomForest,Bacteria,BAC_O::Clostridiales,0.0030124261163074,Order
RandomForest,Bacteria,BAC_O::Clostridia_UCG-014,0.0028737757244042,Order
RandomForest,Bacteria,BAC_O::MAT-CR-H4-C10,0.0028531241167771,Order
RandomForest,Bacteria,BAC_O::Oligosphaerales,0.0028525473893496,Order
RandomForest,Bacteria,BAC_O::Bifidobacteriales,0.00272401648782,Order
RandomForest,Bacteria,BAC_O::JS1,0.002713558546751,Order
RandomForest,Bacteria,BAC_O::Dethiobacterales,0.0026228175753982,Order
RandomForest,Archaea,ARC_O::Woesearchaeales,0.0025721979446205,Order
RandomForest,Bacteria,BAC_O::Holophagales,0.0025195860102925,Order
RandomForest,Bacteria,BAC_O::B55-F-B-G02,0.0024887806910173,Order
RandomForest,Bacteria,BAC_O::Limnochordales,0.002444776472102,Order
RandomForest,Bacteria,BAC_O::Leptospirales,0.0024106575934747,Order
RandomForest,Bacteria,BAC_O::SBR1031,0.0022252312899434,Order
RandomForest,Archaea,ARC_O::Bathyarchaeia,0.0020624112827049,Order
RandomForest,Bacteria,BAC_O::Fimbriimonadales,0.0020384589211331,Order
RandomForest,Bacteria,BAC_O::Erysipelotrichales,0.0019688381123555,Order
RandomForest,Bacteria,BAC_O::M55-D21,0.0016763550349363,Order
RandomForest,Bacteria,BAC_O::WS1,0.0015989112038403,Order
RandomForest,Bacteria,BAC_O::Syntrophorhabdales,0.0015750545128646,Order
RandomForest,Archaea,ARC_O::Veneroida,0.0015274480884801,Order
RandomForest,Bacteria,BAC_O::Thermovenabulales,0.0014614484762072,Order
RandomForest,Bacteria,BAC_O::Corynebacteriales,0.0014298587990563,Order
RandomForest,Bacteria,BAC_O::Pedosphaerales,0.001281516512626,Order
RandomForest,Bacteria,BAC_O::Fusobacteriales,0.0012266477723643,Order
RandomForest,Bacteria,BAC_O::0319-6G20,0.0011880230497327,Order
RandomForest,Bacteria,BAC_O::Saccharimonadales,0.0011661814955563,Order
RandomForest,Bacteria,BAC_O::Flavobacteriales,0.0011127858783929,Order
RandomForest,Bacteria,BAC_O::Desulfovibrionales,0.0010994185893805,Order
RandomForest,Bacteria,BAC_O::Desulfotomaculales,0.0010957547662117,Order
RandomForest,Bacteria,BAC_O::SJA-28,0.0010208659559945,Order
RandomForest,Bacteria,BAC_O::RBG-13-54-9,0.0010206389784953,Order
RandomForest,Archaea,ARC_O::Methanomethyliales,0.0009466270838551,Order
RandomForest,Bacteria,BAC_O::Candidatus_Peregrinibacteria,0.0008842897376951,Order
RandomForest,Bacteria,BAC_O::Geobacterales,0.0008761025029999,Order
RandomForest,Bacteria,BAC_O::Brachyspirales,0.000854376272961,Order
RandomForest,Bacteria,BAC_O::SJA-15,0.0008525313750678,Order
RandomForest,Bacteria,BAC_O::Absconditabacteriales_(SR1),0.0008450717119565,Order
RandomForest,Bacteria,BAC_O::Desulfobulbales,0.0008405049195724,Order
RandomForest,Bacteria,BAC_O::Actinomycetales,0.0008203228198642,Order
RandomForest,Bacteria,BAC_O::Peptococcales,0.0007975903994688,Order
RandomForest,Bacteria,BAC_O::Aminicenantales,0.0007865650294565,Order
RandomForest,Bacteria,BAC_O::Cytophagales,0.0007818390260342,Order
RandomForest,Bacteria,BAC_O::Planctomycetales,0.0007489173841368,Order
RandomForest,Bacteria,BAC_O::Proteinivoracales,0.0006877805237335,Order
RandomForest,Bacteria,BAC_O::Bacillales,0.0006874647780564,Order
RandomForest,Bacteria,BAC_O::Microtrichales,0.000686198153556,Order
RandomForest,Bacteria,BAC_O::Campylobacterales,0.0006589002466,Order
RandomForest,Bacteria,BAC_O::LD1-PB3,0.0006456244556557,Order
RandomForest,Bacteria,BAC_O::Syntrophobacterales,0.0005944482772893,Order
RandomForest,Bacteria,BAC_O::Bacteroidetes_VC2.1_Bac22,0.0005908253873691,Order
RandomForest,Bacteria,BAC_O::MSBL9,0.0005704635125023,Order
RandomForest,Bacteria,BAC_O::Kapabacteriales,0.0005556024781374,Order
RandomForest,Bacteria,BAC_O::Reyranellales,0.0005075564801273,Order
RandomForest,Archaea,ARC_O::Nitrososphaerales,0.000495345522683,Order
RandomForest,Bacteria,BAC_O::Thermoanaerobaculales,0.0004603184213257,Order
RandomForest,Bacteria,BAC_O::Myxococcales,0.0004463412883516,Order
RandomForest,Bacteria,BAC_O::MVP-15,0.0004369055474265,Order
RandomForest,Bacteria,BAC_O::Acetobacterales,0.000434192267313,Order
RandomForest,Bacteria,BAC_O::CK-2C2-2,0.0003763578233449,Order
RandomForest,Bacteria,BAC_O::Sphingomonadales,0.0003613824700867,Order
RandomForest,Bacteria,BAC_O::WCHB1-81,0.0003542637909464,Order
RandomForest,Archaea,ARC_O::Teleostei,0.000321685531398,Order
RandomForest,Bacteria,BAC_O::Limnochordia,0.0003015176172952,Order
RandomForest,Bacteria,BAC_O::Blastocatellales,0.000296114985458,Order
RandomForest,Bacteria,BAC_O::Kosmotogales,0.000289729665556,Order
RandomForest,Bacteria,BAC_O::Competibacterales,0.0002873520393864,Order
RandomForest,Bacteria,BAC_O::Hydrothermae,0.0002849658527458,Order
RandomForest,Bacteria,BAC_O::Nitrosococcales,0.0002711274019531,Order
RandomForest,Bacteria,BAC_O::IMCC26256,0.0002687140115163,Order
RandomForest,Bacteria,BAC_O::Vibrionales,0.0002614385236594,Order
RandomForest,Archaea,ARC_O::Micrarchaeales,0.0002592283799443,Order
RandomForest,Bacteria,BAC_O::Desulfuromonadia,0.0002508462988982,Order
RandomForest,Bacteria,BAC_O::DS-100,0.0002356711354512,Order
RandomForest,Bacteria,BAC_O::Defluviicoccales,0.0002258646371562,Order
RandomForest,Bacteria,BAC_O::Caulobacterales,0.0002046517683478,Order
RandomForest,Bacteria,BAC_O::Babeliales,0.0001816090331124,Order
RandomForest,Bacteria,BAC_O::Gemmatales,0.0001762897776312,Order
RandomForest,Bacteria,BAC_O::Acidaminococcales,0.0001739848785706,Order
RandomForest,Bacteria,BAC_O::Steroidobacterales,0.0001712109402593,Order
RandomForest,Bacteria,BAC_O::Bdellovibrionales,0.0001695659882853,Order
RandomForest,Bacteria,BAC_O::RBG-16-55-12,0.0001629480026648,Order
RandomForest,Bacteria,BAC_O::Gaiellales,0.0001511930408672,Order
RandomForest,Bacteria,BAC_O::Halanaerobiales,0.0001479809098544,Order
RandomForest,Bacteria,BAC_O::Fermentibacterales,0.0001471500758308,Order
RandomForest,Bacteria,BAC_O::Coprothermobacterales,0.0001352557076181,Order
RandomForest,Bacteria,BAC_O::Desulfitibacterales,0.0001308083009067,Order
RandomForest,Bacteria,BAC_O::Hydrogenedentiales,0.0001225599806476,Order
RandomForest,Bacteria,BAC_O::Omnitrophales,0.00010674581731,Order
RandomForest,Bacteria,BAC_O::Symbiobacteriales,9.135997640887426e-05,Order
RandomForest,Bacteria,BAC_O::Cardiobacteriales,9.108790291930884e-05,Order
RandomForest,Bacteria,BAC_O::Isosphaerales,8.396944531390718e-05,Order
RandomForest,Bacteria,BAC_O::JG36-GS-52,7.462982211163764e-05,Order
RandomForest,Bacteria,BAC_O::Gammaproteobacteria_Incertae_Sedis,5.748959650956293e-05,Order
RandomForest,Bacteria,BAC_O::Sva0485,4.567888861048565e-05,Order
RandomForest,Bacteria,BAC_O::Aeromonadales,3.9565328759747695e-05,Order
RandomForest,Bacteria,BAC_O::Sumerlaeales,3.873532580209176e-05,Order
RandomForest,Bacteria,BAC_O::Acetothermiia,3.859023328078275e-05,Order
RandomForest,Bacteria,BAC_O::Ignavibacteriales,3.846153846154652e-05,Order
RandomForest,Bacteria,BAC_O::BRH-c20a,3.793195307531729e-05,Order
RandomForest,Bacteria,BAC_O::Frankiales,3.614036836737442e-05,Order
RandomForest,Bacteria,BAC_O::Thermotogales,3.273384715792945e-05,Order
RandomForest,Bacteria,BAC_O::Alteromonadales,3.069115166998496e-05,Order
RandomForest,Bacteria,BAC_O::1-20,2.694972524442331e-05,Order
RandomForest,Bacteria,BAC_O::Cellvibrionales,2.575264222250266e-05,Order
RandomForest,Bacteria,BAC_O::LD1-PA32,2.4950543657753923e-05,Order
RandomForest,Bacteria,BAC_O::PeM15,2.012759126639381e-05,Order
RandomForest,Bacteria,BAC_O::Methylococcales,1.9170904607802363e-05,Order
RandomForest,Bacteria,BAC_O::Bryobacterales,1.6761225591974355e-05,Order
RandomForest,Bacteria,BAC_O::Acidobacteriae,1.6641772467019266e-05,Order
RandomForest,Bacteria,BAC_O::Propionibacteriales,1.5387325561807114e-05,Order
RandomForest,Bacteria,BAC_O::Nitrospirales,1.4182772377814332e-05,Order
RandomForest,Bacteria,BAC_O::Ardenticatenales,1.3113083788845807e-05,Order
RandomForest,Bacteria,BAC_O::Deinococcales,1.3086543447505263e-05,Order
RandomForest,Archaea,ARC_O::Lokiarchaeia,1.3053613053613532e-05,Order
RandomForest,Bacteria,BAC_O::Thermales,1.151201684460577e-05,Order
RandomForest,Bacteria,BAC_O::Run-SP154,1.151201684460452e-05,Order
RandomForest,Bacteria,BAC_O::Micavibrionales,1.123265298818158e-17,Order
RandomForest,Bacteria,BAC_O::Gemmatimonadales,7.708818943322304e-18,Order
RandomForest,Bacteria,BAC_O::SM1A07,6.560104308738709e-18,Order
RandomForest,Bacteria,BAC_O::Chlamydiales,6.0522468119625935e-18,Order
RandomForest,Bacteria,BAC_O::Rickettsiales,5.67742369475838e-18,Order
RandomForest,Bacteria,BAC_O::NKB15,5.486481113385201e-18,Order
RandomForest,Bacteria,BAC_O::Solirubrobacterales,5.2455689251248286e-18,Order
RandomForest,Bacteria,BAC_O::PLTA13,5.038982568386964e-18,Order
RandomForest,Bacteria,BAC_O::Caldilineales,5.010000278040213e-18,Order
RandomForest,Bacteria,BAC_O::OLB14,4.911127247926385e-18,Order
RandomForest,Bacteria,BAC_O::Polyangiales,4.873014232570885e-18,Order
RandomForest,Bacteria,BAC_O::Candidatus_Falkowbacteria,4.8126279796202025e-18,Order
RandomForest,Bacteria,BAC_O::OPB41,4.6912128303642345e-18,Order
RandomForest,Bacteria,BAC_O::Pla3_lineage,4.195628486442299e-18,Order
RandomForest,Archaea,ARC_O::Rhinosporideacae,4.15444509856116e-18,Order
RandomForest,Bacteria,BAC_O::TA06,3.572804775357535e-18,Order
RandomForest,Bacteria,BAC_O::WPS-2,3.477017670755878e-18,Order
RandomForest,Bacteria,BAC_O::Solibacterales,3.35514319768564e-18,Order
RandomForest,Bacteria,BAC_O::Phycisphaerales,3.3453672780905007e-18,Order
RandomForest,Bacteria,BAC_O::C10-SB1A,2.896901156080095e-18,Order
RandomForest,Bacteria,BAC_O::Oceanospirillales,2.8793555979735296e-18,Order
RandomForest,Bacteria,BAC_O::Haliangiales,2.8622695804696083e-18,Order
RandomForest,Bacteria,BAC_O::Bradymonadales,2.6603617394928946e-18,Order
RandomForest,Bacteria,BAC_O::Verrucomicrobiales,2.5310834531122975e-18,Order
RandomForest,Bacteria,BAC_O::WWE3,2.4904768075437227e-18,Order
RandomForest,Bacteria,BAC_O::Candidatus_Shapirobacteria,2.474040361232773e-18,Order
RandomForest,Bacteria,BAC_O::HOC36,2.0178632837899857e-18,Order
RandomForest,Bacteria,BAC_O::c5LKS83,1.8740594355418546e-18,Order
RandomForest,Bacteria,BAC_O::PB19,1.3863987922584517e-18,Order
RandomForest,Bacteria,BAC_O::Dongiales,1.3171145062851038e-18,Order
RandomForest,Bacteria,BAC_O::113B434,1.2038682502470025e-18,Order
RandomForest,Bacteria,BAC_O::053A03-B-DI-P58,1.1503659952528449e-18,Order
RandomForest,Bacteria,BAC_O::Elsterales,9.392292501233737e-19,Order
RandomForest,Bacteria,BAC_O::Monoglobales,9.282120913475409e-19,Order
RandomForest,Bacteria,BAC_O::Nannocystales,6.670461526483475e-19,Order
RandomForest,Bacteria,BAC_O::Obscuribacterales,5.026812470490841e-19,Order
RandomForest,Bacteria,BAC_O::CCM19a,3.6928694932567213e-19,Order
RandomForest,Bacteria,BAC_O::Zixibacteria,3.0623419312726943e-19,Order
RandomForest,Bacteria,BAC_O::Chthoniobacterales,2.6641082569755484e-19,Order
RandomForest,Bacteria,BAC_O::Bacteriovoracales,2.3323024356505784e-19,Order
RandomForest,Bacteria,BAC_O::Diplorickettsiales,2.1661902023697266e-19,Order
RandomForest,Bacteria,BAC_O::Rhodospirillales,2.0332904956393968e-19,Order
RandomForest,Bacteria,BAC_O::Arenicellales,1.6212759612533472e-19,Order
RandomForest,Archaea,ARC_O::Aenigmarchaeales,0.0,Order
RandomForest,Bacteria,BAC_O::Ectothiorhodospirales,0.0,Order
RandomForest,Bacteria,BAC_O::Moorellales,0.0,Order
RandomForest,Bacteria,BAC_O::Vicinamibacterales,0.0,Order
XGBoost,Bacteria,BAC_O::Bacteroidales,0.093743260204792,Order
XGBoost,Bacteria,BAC_O::Oscillospirales,0.069710821006447,Order
XGBoost,Bacteria,BAC_O::Eubacteriales,0.0518675699830055,Order
XGBoost,Bacteria,BAC_O::Spirochaetales,0.051273075887002,Order
XGBoost,Bacteria,BAC_O::Coriobacteriales,0.0488279085606336,Order
XGBoost,Bacteria,BAC_O::Burkholderiales,0.0376085020601749,Order
XGBoost,Bacteria,BAC_O::Lactobacillales,0.035867628082633,Order
XGBoost,Bacteria,BAC_O::Bifidobacteriales,0.0333184413611888,Order
XGBoost,Bacteria,BAC_O::Clostridia,0.0303865514695644,Order
XGBoost,Bacteria,BAC_O::MBA03,0.0252962253987789,Order
XGBoost,Bacteria,BAC_O::unidentified,0.0248781412839889,Order
XGBoost,Archaea,ARC_O::Methanomicrobiales,0.0248775387648493,Order
XGBoost,Bacteria,BAC_O::Endomicrobiales,0.022302758693695,Order
XGBoost,Archaea,ARC_O::Methanofastidiosales,0.0191905606538057,Order
XGBoost,Archaea,ARC_O::Bathyarchaeia,0.0191785290837287,Order
XGBoost,Bacteria,BAC_O::Sphingobacteriales,0.0187861004844307,Order
XGBoost,Bacteria,BAC_O::Rhizobiales,0.0182694662362337,Order
XGBoost,Bacteria,BAC_O::SBR1031,0.0162411794066429,Order
XGBoost,Bacteria,BAC_O::Desulfovibrionales,0.0152222111821174,Order
XGBoost,Bacteria,BAC_O::Lachnospirales,0.0151592433452606,Order
XGBoost,Bacteria,BAC_O::CK-2C2-2,0.0149854555726051,Order
XGBoost,Bacteria,BAC_O::Veillonellales-Selenomonadales,0.0143552254885435,Order
XGBoost,Bacteria,BAC_O::Chthonomonadales,0.0137878447771072,Order
XGBoost,Bacteria,BAC_O::Syntrophomonadales,0.013688638433814,Order
XGBoost,Bacteria,BAC_O::D8A-2,0.0135687921196222,Order
XGBoost,Bacteria,BAC_O::WCHB1-41,0.0124735578894615,Order
XGBoost,Bacteria,BAC_O::Izemoplasmatales,0.0121872525662183,Order
XGBoost,Bacteria,BAC_O::Xanthomonadales,0.0105921175330877,Order
XGBoost,Bacteria,BAC_O::Acholeplasmatales,0.0101898379623889,Order
XGBoost,Archaea,ARC_O::Methanosarciniales,0.0095810551196336,Order
XGBoost,Bacteria,BAC_O::Incertae_Sedis,0.0095801725983619,Order
XGBoost,Archaea,ARC_O::Methanomassiliicoccales,0.0095054253935813,Order
XGBoost,Bacteria,BAC_O::Syntrophales,0.0094515115022659,Order
XGBoost,Bacteria,BAC_O::Cloacimonadales,0.0093105845153331,Order
XGBoost,Bacteria,BAC_O::Caldatribacteriales,0.0086772914975881,Order
XGBoost,Bacteria,BAC_O::Clostridiales,0.0086105573922395,Order
XGBoost,Bacteria,BAC_O::Limnochordales,0.0080750739201903,Order
XGBoost,Archaea,ARC_O::unidentified,0.0080151027301326,Order
XGBoost,Bacteria,BAC_O::Caldicoprobacterales,0.0073187842965126,Order
XGBoost,Bacteria,BAC_O::Rhodobacterales,0.0069304846227169,Order
XGBoost,Bacteria,BAC_O::Leptospirales,0.0066351540386676,Order
XGBoost,Bacteria,BAC_O::Acetobacterales,0.0064674898982048,Order
XGBoost,Bacteria,BAC_O::Cytophagales,0.0063867688179016,Order
XGBoost,Bacteria,BAC_O::Christensenellales,0.0063192224130034,Order
XGBoost,Bacteria,BAC_O::Peptostreptococcales-Tissierellales,0.0063184982987877,Order
XGBoost,Bacteria,BAC_O::Chitinophagales,0.0059624046087265,Order
XGBoost,Bacteria,BAC_O::Anaerolineales,0.0056393802165985,Order
XGBoost,Bacteria,BAC_O::Thermoanaerobacterales,0.0054272811859846,Order
XGBoost,Bacteria,BAC_O::Petrotogales,0.0052609656006097,Order
XGBoost,Bacteria,BAC_O::JS1,0.0052328443154692,Order
XGBoost,Bacteria,BAC_O::0319-6G20,0.0051742501556873,Order
XGBoost,Bacteria,BAC_O::Aminicenantales,0.0048532512038946,Order
XGBoost,Bacteria,BAC_O::Synergistales,0.0043715622276067,Order
XGBoost,Bacteria,BAC_O::M55-D21,0.0038506142795085,Order
XGBoost,Bacteria,BAC_O::Dethiobacterales,0.0038430329412221,Order
XGBoost,Bacteria,BAC_O::Marinimicrobia_(SAR406_clade),0.0036115478724241,Order
XGBoost,Bacteria,BAC_O::DS-100,0.0035958282649517,Order
XGBoost,Bacteria,BAC_O::B55-F-B-G02,0.003148191794753,Order
XGBoost,Bacteria,BAC_O::Geobacterales,0.0031442996114492,Order
XGBoost,Bacteria,BAC_O::DTU014,0.0030406676232814,Order
XGBoost,Bacteria,BAC_O::Pirellulales,0.0028505362570285,Order
XGBoost,Bacteria,BAC_O::Oligosphaerales,0.0025321381166577,Order
XGBoost,Bacteria,BAC_O::Absconditabacteriales_(SR1),0.0024653619155287,Order
XGBoost,Bacteria,BAC_O::Thermacetogeniales,0.0023816742002964,Order
XGBoost,Bacteria,BAC_O::Erysipelotrichales,0.0022362051531672,Order
XGBoost,Bacteria,BAC_O::Micrococcales,0.0021467918530106,Order
XGBoost,Archaea,ARC_O::Woesearchaeales,0.0021447962149977,Order
XGBoost,Bacteria,BAC_O::Pseudomonadales,0.0014297420158982,Order
XGBoost,Bacteria,BAC_O::Actinomycetales,0.0006390246562659,Order
XGBoost,Archaea,ARC_O::Aenigmarchaeales,0.0,Order
XGBoost,Archaea,ARC_O::Lokiarchaeia,0.0,Order
XGBoost,Archaea,ARC_O::Methanomethyliales,0.0,Order
XGBoost,Archaea,ARC_O::Micrarchaeales,0.0,Order
XGBoost,Archaea,ARC_O::Nitrososphaerales,0.0,Order
XGBoost,Archaea,ARC_O::Rhinosporideacae,0.0,Order
XGBoost,Archaea,ARC_O::Teleostei,0.0,Order
XGBoost,Archaea,ARC_O::Veneroida,0.0,Order
XGBoost,Bacteria,BAC_O::053A03-B-DI-P58,0.0,Order
XGBoost,Bacteria,BAC_O::1-20,0.0,Order
XGBoost,Bacteria,BAC_O::113B434,0.0,Order
XGBoost,Bacteria,BAC_O::Acetothermiia,0.0,Order
XGBoost,Bacteria,BAC_O::Acidaminococcales,0.0,Order
XGBoost,Bacteria,BAC_O::Acidobacteriae,0.0,Order
XGBoost,Bacteria,BAC_O::Aeromonadales,0.0,Order
XGBoost,Bacteria,BAC_O::Alteromonadales,0.0,Order
XGBoost,Bacteria,BAC_O::Ardenticatenales,0.0,Order
XGBoost,Bacteria,BAC_O::Arenicellales,0.0,Order
XGBoost,Bacteria,BAC_O::BRH-c20a,0.0,Order
XGBoost,Bacteria,BAC_O::Babeliales,0.0,Order
XGBoost,Bacteria,BAC_O::Bacillales,0.0,Order
XGBoost,Bacteria,BAC_O::Bacteriovoracales,0.0,Order
XGBoost,Bacteria,BAC_O::Bacteroidetes_VC2.1_Bac22,0.0,Order
XGBoost,Bacteria,BAC_O::Bdellovibrionales,0.0,Order
XGBoost,Bacteria,BAC_O::Blastocatellales,0.0,Order
XGBoost,Bacteria,BAC_O::Brachyspirales,0.0,Order
XGBoost,Bacteria,BAC_O::Bradymonadales,0.0,Order
XGBoost,Bacteria,BAC_O::Bryobacterales,0.0,Order
XGBoost,Bacteria,BAC_O::C10-SB1A,0.0,Order
XGBoost,Bacteria,BAC_O::CCM19a,0.0,Order
XGBoost,Bacteria,BAC_O::Caldilineales,0.0,Order
XGBoost,Bacteria,BAC_O::Caldisericales,0.0,Order
XGBoost,Bacteria,BAC_O::Campylobacterales,0.0,Order
XGBoost,Bacteria,BAC_O::Candidatus_Falkowbacteria,0.0,Order
XGBoost,Bacteria,BAC_O::Candidatus_Peregrinibacteria,0.0,Order
XGBoost,Bacteria,BAC_O::Candidatus_Shapirobacteria,0.0,Order
XGBoost,Bacteria,BAC_O::Cardiobacteriales,0.0,Order
XGBoost,Bacteria,BAC_O::Caulobacterales,0.0,Order
XGBoost,Bacteria,BAC_O::Cellvibrionales,0.0,Order
XGBoost,Bacteria,BAC_O::Chlamydiales,0.0,Order
XGBoost,Bacteria,BAC_O::Chthoniobacterales,0.0,Order
XGBoost,Bacteria,BAC_O::Clostridia_UCG-014,0.0,Order
XGBoost,Bacteria,BAC_O::Competibacterales,0.0,Order
XGBoost,Bacteria,BAC_O::Coprothermobacterales,0.0,Order
XGBoost,Bacteria,BAC_O::Corynebacteriales,0.0,Order
XGBoost,Bacteria,BAC_O::Defluviicoccales,0.0,Order
XGBoost,Bacteria,BAC_O::Deinococcales,0.0,Order
XGBoost,Bacteria,BAC_O::Desulfitibacterales,0.0,Order
XGBoost,Bacteria,BAC_O::Desulfitobacteriales,0.0,Order
XGBoost,Bacteria,BAC_O::Desulfobulbales,0.0,Order
XGBoost,Bacteria,BAC_O::Desulfotomaculales,0.0,Order
XGBoost,Bacteria,BAC_O::Desulfuromonadia,0.0,Order
XGBoost,Bacteria,BAC_O::Diplorickettsiales,0.0,Order
XGBoost,Bacteria,BAC_O::Dongiales,0.0,Order
XGBoost,Bacteria,BAC_O::Ectothiorhodospirales,0.0,Order
XGBoost,Bacteria,BAC_O::Elsterales,0.0,Order
XGBoost,Bacteria,BAC_O::Enterobacterales,0.0,Order
XGBoost,Bacteria,BAC_O::Fermentibacterales,0.0,Order
XGBoost,Bacteria,BAC_O::Fibrobacterales,0.0,Order
XGBoost,Bacteria,BAC_O::Fimbriimonadales,0.0,Order
XGBoost,Bacteria,BAC_O::Flavobacteriales,0.0,Order
XGBoost,Bacteria,BAC_O::Frankiales,0.0,Order
XGBoost,Bacteria,BAC_O::Fusobacteriales,0.0,Order
XGBoost,Bacteria,BAC_O::Gaiellales,0.0,Order
XGBoost,Bacteria,BAC_O::Gammaproteobacteria_Incertae_Sedis,0.0,Order
XGBoost,Bacteria,BAC_O::Gemmatales,0.0,Order
XGBoost,Bacteria,BAC_O::Gemmatimonadales,0.0,Order
XGBoost,Bacteria,BAC_O::HOC36,0.0,Order
XGBoost,Bacteria,BAC_O::Halanaerobiales,0.0,Order
XGBoost,Bacteria,BAC_O::Haliangiales,0.0,Order
XGBoost,Bacteria,BAC_O::Holophagales,0.0,Order
XGBoost,Bacteria,BAC_O::Hydrogenedentiales,0.0,Order
XGBoost,Bacteria,BAC_O::Hydrothermae,0.0,Order
XGBoost,Bacteria,BAC_O::IMCC26256,0.0,Order
XGBoost,Bacteria,BAC_O::Ignavibacteriales,0.0,Order
XGBoost,Bacteria,BAC_O::Isosphaerales,0.0,Order
XGBoost,Bacteria,BAC_O::JG36-GS-52,0.0,Order
XGBoost,Bacteria,BAC_O::Kapabacteriales,0.0,Order
XGBoost,Bacteria,BAC_O::Kosmotogales,0.0,Order
XGBoost,Bacteria,BAC_O::LD1-PA32,0.0,Order
XGBoost,Bacteria,BAC_O::LD1-PB3,0.0,Order
XGBoost,Bacteria,BAC_O::Limnochordia,0.0,Order
XGBoost,Bacteria,BAC_O::MAT-CR-H4-C10,0.0,Order
XGBoost,Bacteria,BAC_O::MSBL9,0.0,Order
XGBoost,Bacteria,BAC_O::MVP-15,0.0,Order
XGBoost,Bacteria,BAC_O::Methylococcales,0.0,Order
XGBoost,Bacteria,BAC_O::Micavibrionales,0.0,Order
XGBoost,Bacteria,BAC_O::Microtrichales,0.0,Order
XGBoost,Bacteria,BAC_O::Monoglobales,0.0,Order
XGBoost,Bacteria,BAC_O::Moorellales,0.0,Order
XGBoost,Bacteria,BAC_O::Myxococcales,0.0,Order
XGBoost,Bacteria,BAC_O::NKB15,0.0,Order
XGBoost,Bacteria,BAC_O::Nannocystales,0.0,Order
XGBoost,Bacteria,BAC_O::Nitrosococcales,0.0,Order
XGBoost,Bacteria,BAC_O::Nitrospirales,0.0,Order
XGBoost,Bacteria,BAC_O::OLB14,0.0,Order
XGBoost,Bacteria,BAC_O::OPB41,0.0,Order
XGBoost,Bacteria,BAC_O::Obscuribacterales,0.0,Order
XGBoost,Bacteria,BAC_O::Oceanospirillales,0.0,Order
XGBoost,Bacteria,BAC_O::Omnitrophales,0.0,Order
XGBoost,Bacteria,BAC_O::PB19,0.0,Order
XGBoost,Bacteria,BAC_O::PLTA13,0.0,Order
XGBoost,Bacteria,BAC_O::PeM15,0.0,Order
XGBoost,Bacteria,BAC_O::Pedosphaerales,0.0,Order
XGBoost,Bacteria,BAC_O::Peptococcales,0.0,Order
XGBoost,Bacteria,BAC_O::Phycisphaerales,0.0,Order
XGBoost,Bacteria,BAC_O::Pla3_lineage,0.0,Order
XGBoost,Bacteria,BAC_O::Planctomycetales,0.0,Order
XGBoost,Bacteria,BAC_O::Polyangiales,0.0,Order
XGBoost,Bacteria,BAC_O::Propionibacteriales,0.0,Order
XGBoost,Bacteria,BAC_O::Proteinivoracales,0.0,Order
XGBoost,Bacteria,BAC_O::RBG-13-54-9,0.0,Order
XGBoost,Bacteria,BAC_O::RBG-16-55-12,0.0,Order
XGBoost,Bacteria,BAC_O::Reyranellales,0.0,Order
XGBoost,Bacteria,BAC_O::Rhodospirillales,0.0,Order
XGBoost,Bacteria,BAC_O::Rickettsiales,0.0,Order
XGBoost,Bacteria,BAC_O::Run-SP154,0.0,Order
XGBoost,Bacteria,BAC_O::SJA-15,0.0,Order
XGBoost,Bacteria,BAC_O::SJA-28,0.0,Order
XGBoost,Bacteria,BAC_O::SM1A07,0.0,Order
XGBoost,Bacteria,BAC_O::Saccharimonadales,0.0,Order
XGBoost,Bacteria,BAC_O::Solibacterales,0.0,Order
XGBoost,Bacteria,BAC_O::Solirubrobacterales,0.0,Order
XGBoost,Bacteria,BAC_O::Sphingomonadales,0.0,Order
XGBoost,Bacteria,BAC_O::Steroidobacterales,0.0,Order
XGBoost,Bacteria,BAC_O::Sumerlaeales,0.0,Order
XGBoost,Bacteria,BAC_O::Sva0485,0.0,Order
XGBoost,Bacteria,BAC_O::Symbiobacteriales,0.0,Order
XGBoost,Bacteria,BAC_O::Syntrophobacterales,0.0,Order
XGBoost,Bacteria,BAC_O::Syntrophorhabdales,0.0,Order
XGBoost,Bacteria,BAC_O::TA06,0.0,Order
XGBoost,Bacteria,BAC_O::Thermales,0.0,Order
XGBoost,Bacteria,BAC_O::Thermoanaerobaculales,0.0,Order
XGBoost,Bacteria,BAC_O::Thermotogales,0.0,Order
XGBoost,Bacteria,BAC_O::Thermovenabulales,0.0,Order
XGBoost,Bacteria,BAC_O::Verrucomicrobiales,0.0,Order
XGBoost,Bacteria,BAC_O::Vibrionales,0.0,Order
XGBoost,Bacteria,BAC_O::Vicinamibacterales,0.0,Order
XGBoost,Bacteria,BAC_O::WCHB1-81,0.0,Order
XGBoost,Bacteria,BAC_O::WPS-2,0.0,Order
XGBoost,Bacteria,BAC_O::WS1,0.0,Order
XGBoost,Bacteria,BAC_O::WWE3,0.0,Order
XGBoost,Bacteria,BAC_O::Zixibacteria,0.0,Order
XGBoost,Bacteria,BAC_O::c5LKS83,0.0,Order
