SampleID,substrate1_Q,substrate1_pH,substrate1_ALK,substrate1_VS,substrate1_COD,substrate1_sCOD,substrate1_TC,substrate1_Protein,substrate1_Lipid,substrate1_TVFAs,substrate1_HAc,substrate1_HPro,substrate2_Q,substrate2_pH,substrate2_ALK,substrate2_VS,substrate2_COD,substrate2_sCOD,substrate2_TC,substrate2_Protein,substrate2_Lipid,substrate2_TVFAs,substrate2_HAc,substrate2_HPro,substrate3_Q,substrate3_pH,substrate3_ALK,substrate3_VS,substrate3_COD,substrate3_sCOD,substrate3_TC,substrate3_Protein,substrate3_Lipid,substrate3_TVFAs,substrate3_HAc,substrate3_HPro,HRT_d,T_C,eff_pH,eff_VS,eff_TC,eff_Lipid,eff_COD,eff_sCOD,eff_CH4,eff_H2S,eff_protein,has_substrate2,has_substrate3,substrate1_name,substrate2_name,substrate3_name,ARC__Halobacterota,ARC__Euryarchaeota,ARC__unidentified,ARC__Thermoplasmatota,ARC__Crenarchaeota,ARC__Nanoarchaeota,ARC__Micrarchaeota,ARC__Asgardarchaeota,ARC__Mollusca,ARC__Vertebrata,BAC__Firmicutes,BAC__Bacteroidota,BAC__Cloacimonadota,BAC__Proteobacteria,BAC__Desulfobacterota,BAC__Chloroflexi,BAC__Spirochaetota,BAC__Thermotogota,BAC__Synergistota,BAC__Actinobacteriota,Site,Season,target
1-1,40179.0,4.38,1.642,24.5,346.61,75.4,73.13,69.657,39.25,7.67,4.36,0.3,0.0,0.0,0.0,0.0,0.0,0.0,0.0,0.0,0.0,0.0,0.0,0.0,0.0,0.0,0.0,0.0,0.0,0.0,0.0,0.0,0.0,0.0,0.0,0.0,36.3,38.0,7.87,71.5,16.23,8.4,23.05,11.7,60.3,0.05,25.969350000000002,0,0,FW,None,None,95.725,0.159,2.511,1.399,0.204,0.0,0.0,0.0,0.0,0.0,60.914,21.441,8.534,0.473,0.135,0.0,1.949,0.323,1.061,2.929,BSS,Summer,0.010768659487560341
2-1,40179.0,4.48,0.0,28.8,58.82,81.8,57.9,47.374,33.75,4.63,3.96,0.32,0.0,0.0,0.0,0.0,0.0,0.0,0.0,0.0,0.0,0.0,0.0,0.0,0.0,0.0,0.0,0.0,0.0,0.0,0.0,0.0,0.0,0.0,0.0,0.0,36.3,38.0,8.22,20.7,4.31,5.15,28.48,9.8,60.4,0.045,53.8938671875,0,0,FW,None,None,91.614,0.674,5.971,1.742,0.0,0.0,0.0,0.0,0.0,0.0,64.059,19.316,5.275,4.667,0.03700000000000001,0.0,1.338,0.141,0.842,2.223,BSS,Fall,0.04318037883585698
3-1,40179.0,4.86,0.91,17.7,47.78,10.6,30.16,12.47,5.75,0.21,0.2,0.0,0.0,0.0,0.0,0.0,0.0,0.0,0.0,0.0,0.0,0.0,0.0,0.0,0.0,0.0,0.0,0.0,0.0,0.0,0.0,0.0,0.0,0.0,0.0,0.0,36.3,38.0,7.95,8.03,11.18,6.03,118.74,5.7,62.2,0.042,55.53859175,0,0,FW,None,None,9.52,0.0,90.256,0.224,0.0,0.0,0.0,0.0,0.0,0.0,65.363,19.81,8.643,0.451,0.039,0.0,1.593,0.105,0.467,2.66,BSS,Winter,0.002775850104094379
4-1,40179.0,4.86,1.21,174.13,60.31,13.4,84.87,10.57,4.45,0.63,0.59,0.0,0.0,0.0,0.0,0.0,0.0,0.0,0.0,0.0,0.0,0.0,0.0,0.0,0.0,0.0,0.0,0.0,0.0,0.0,0.0,0.0,0.0,0.0,0.0,0.0,36.3,38.0,7.96,76.51,15.93,3.8,149.61,7.2,66.1,0.006,57.0143375,0,0,FW,None,None,99.247,0.063,0.301,0.387,0.0,0.0,0.0,0.0,0.0,0.0,60.36799999999999,18.526,2.703,8.444,0.212,0.127,0.469,0.471,1.068,4.567,BSS,Spring,0.0
1-2,48333.0,5.18,0.394,12.93,23.69,3.5,2.65,5.071,1.4,1.39,0.86,0.24,45386.0,6.71,2.306,24.82,20.79,2.5,4.78,20.151,2.43,1.16,0.63,0.21,31266.0,3.66,,69.63,112.92,67.5,20.19,21.789,7.42,0.07,0.07,0.0,28.0,36.5,7.56,18.67,3.41,1.5,30.13,1.2,58.2,0.003,10.484960625,1,1,1SC,2SC,Fww,86.74900000000001,9.49,1.408,0.994,0.193,1.166,0.0,0.0,0.0,0.0,33.759,33.63,11.439,3.836,3.026,1.965,0.3,5.744,2.847,0.9410000000000001,BSN,Summer,0.0129366106080207
2-2,93719.0,5.98,0.1725,23.15,41.04,2.5,5.83,10.627,3.37,0.8,0.45,0.2,31266.0,4.02,0.0,39.12,112.03,70.3,7.43,15.549,6.77,11.66,9.69,1.82,0.0,0.0,0.0,0.0,0.0,0.0,0.0,0.0,0.0,0.0,0.0,0.0,28.0,36.5,6.69,20.05,5.76,2.67,30.95,0.6,51.6,2.533,13.027319999999998,1,0,MSC,Fww,None,84.20100000000001,12.678,0.418,0.914,0.0,1.789,0.0,0.0,0.0,0.0,32.076,28.731,14.888,6.572,3.25,1.208,0.362,4.551,2.139,1.124,BSN,Fall,0.13578884834083002
3-2,93719.0,6.04,0.675,33.75,64.15,2.0,12.56,17.67,3.87,0.02,0.02,0.0,31266.0,3.57,,51.22,120.02,44.4,18.03,18.06,6.75,4.59,4.07,0.52,0.0,0.0,0.0,0.0,0.0,0.0,0.0,0.0,0.0,0.0,0.0,0.0,28.0,36.5,7.63,17.37,5.6,2.03,31.78,1.1,58.6,1.687,16.0952024375,1,0,MSC,Fww,None,85.156,12.028,0.083,1.464,0.607,0.663,0.0,0.0,0.0,0.0,32.486,20.418,22.348,4.015,3.412,1.917,0.5589999999999999,6.63,2.853,0.829,BSN,Winter,0.003507172167081682
4-2,93719.0,5.78,8.8,24.78,51.73,1.6,22.52,17.67,2.4,1.11,0.25,0.2,31266.0,3.55,,52.75,109.24,40.4,11.77,21.05,5.4,4.12,3.96,0.17,0.0,0.0,0.0,0.0,0.0,0.0,0.0,0.0,0.0,0.0,0.0,0.0,28.0,36.5,7.46,15.88,11.2,1.7,24.13,0.8,56.1,0.917,12.6596875,1,0,MSC,Fww,None,91.524,8.225,0.0,0.0,0.163,0.049,0.038,0.0,0.0,0.0,28.355,25.538,15.025,6.472,4.018,1.003,0.6869999999999999,9.699,2.741,2.108,BSN,Spring,0.0
1-3,326166.0,5.71,,29.12,53.29,0.3,8.68,12.287,4.43,0.75,0.52,0.1,0.0,0.0,0.0,0.0,0.0,0.0,0.0,0.0,0.0,0.0,0.0,0.0,0.0,0.0,0.0,0.0,0.0,0.0,0.0,0.0,0.0,0.0,0.0,0.0,25.0,35.0,7.23,20.87,6.65,2.05,26.3,0.3,67.14,7.321,11.54137875,0,0,MSC,None,None,53.749,21.419,23.278,0.5449999999999999,0.663,0.348,0.0,0.0,0.0,0.0,15.366,25.081,17.62,11.596,5.519,1.923,2.915,2.699,6.313,1.963,BSI,Summer,0.002304147465437788
2-3,326166.0,5.79,0.1198,30.37,55.53,1.4,9.11,12.054,4.6,0.07,0.07,0.0,0.0,0.0,0.0,0.0,0.0,0.0,0.0,0.0,0.0,0.0,0.0,0.0,0.0,0.0,0.0,0.0,0.0,0.0,0.0,0.0,0.0,0.0,0.0,0.0,25.0,35.0,7.33,21.22,5.11,2.9,27.46,0.6,66.69,3.022,13.37690875,0,0,MSC,None,None,71.187,27.643,0.149,1.021,0.0,0.0,0.0,0.0,0.0,0.0,14.857,24.745,25.723,9.984,5.415,0.655,2.119,3.613,5.119,1.225,BSI,Fall,0.0
3-3,326166.0,5.7,1.4717,21.18,81.4,4.8,28.98,34.77,3.92,0.04,0.04,0.0,0.0,0.0,0.0,0.0,0.0,0.0,0.0,0.0,0.0,0.0,0.0,0.0,0.0,0.0,0.0,0.0,0.0,0.0,0.0,0.0,0.0,0.0,0.0,0.0,25.0,35.0,7.51,18.65,8.37,3.2,30.38,0.8,67.3,5.763,16.746886875,0,0,MSC,None,None,68.68599999999999,24.799,4.723,1.011,0.513,0.213,0.055,0.0,0.0,0.0,15.01,23.636,17.619,12.909,6.66,1.147,2.008,3.502,8.109,2.072,BSI,Winter,0.004112433944029774
4-3,326166.0,5.55,0.9925,31.35,54.34,3.2,15.34,16.11,4.05,0.4,0.22,0.1,0.0,0.0,0.0,0.0,0.0,0.0,0.0,0.0,0.0,0.0,0.0,0.0,0.0,0.0,0.0,0.0,0.0,0.0,0.0,0.0,0.0,0.0,0.0,0.0,25.0,35.0,7.32,22.35,6.31,3.4,34.36,0.9,66.4,0.204,18.6395625,0,0,MSC,None,None,73.902,24.844,0.303,0.395,0.269,0.217,0.069,0.0,0.0,0.0,16.941,24.888,10.101,21.093,4.294,1.136,2.182,2.632,6.016,3.833,BSI,Spring,0.0
1-4,559071.0,4.44,,34.07,49.9,8.8,10.84,14.123,4.43,0.01,0.01,0.0,0.0,0.0,0.0,0.0,0.0,0.0,0.0,0.0,0.0,0.0,0.0,0.0,0.0,0.0,0.0,0.0,0.0,0.0,0.0,0.0,0.0,0.0,0.0,0.0,18.0,37.3,7.38,11.42,3.31,1.03,21.63,0.0,61.2,0.297,6.001783125,0,0,MSC+Fww,None,None,70.014,21.259,2.222,5.255,0.55,0.671,0.03,0.0,0.0,0.0,22.615,27.865,8.251000000000001,15.263,4.683,6.306999999999999,5.427,0.996,0.77,1.035,BSO,Summer,0.0
2-4,559071.0,5.19,0.0,21.55,33.78,4.9,6.32,10.155,2.33,0.72,0.56,0.13,0.0,0.0,0.0,0.0,0.0,0.0,0.0,0.0,0.0,0.0,0.0,0.0,0.0,0.0,0.0,0.0,0.0,0.0,0.0,0.0,0.0,0.0,0.0,0.0,18.0,37.3,7.34,12.6,3.02,1.85,17.85,0.3,62.78,0.103,6.510184375,0,0,MSC+Fww,None,None,77.869,17.385,0.0,4.181,0.085,0.479,0.0,0.0,0.0,0.0,25.377,23.606,11.198,12.841,3.712,12.184,4.294,0.831,0.804,0.877,BSO,Fall,0.016680567139282735
3-4,559071.0,4.88,0.458,22.12,40.88,9.3,15.19,19.4,4.83,1.52,1.4,0.1,0.0,0.0,0.0,0.0,0.0,0.0,0.0,0.0,0.0,0.0,0.0,0.0,0.0,0.0,0.0,0.0,0.0,0.0,0.0,0.0,0.0,0.0,0.0,0.0,18.0,37.3,7.07,12.1,4.48,2.0,19.21,0.5,57.0,0.158,12.2948790625,0,0,MSC+Fww,None,None,77.25800000000001,19.365,0.062,2.922,0.34,0.054,0.0,0.0,0.0,0.0,25.184,21.664,16.347,13.75,5.081,3.489,4.739,1.288,1.524,1.054,BSO,Winter,0.06643356643356643
4-4,559071.0,5.05,1.1275,31.65,58.95,13.4,20.41,17.91,4.05,0.37,0.31,0.05,0.0,0.0,0.0,0.0,0.0,0.0,0.0,0.0,0.0,0.0,0.0,0.0,0.0,0.0,0.0,0.0,0.0,0.0,0.0,0.0,0.0,0.0,0.0,0.0,18.0,37.3,7.2,10.13,2.44,1.3,15.47,0.4,63.8,0.168,8.131874999999999,0,0,MSC+Fww,None,None,73.716,22.429,0.136,3.184,0.324,0.048,0.164,0.0,0.0,0.0,22.548,21.948,17.499,15.33,4.191000000000001,3.083,4.609,1.59,1.32,1.977,BSO,Spring,0.0
1-5,376217.0,5.82,0.495,28.97,49.56,1.1,9.2,14.532,2.57,0.95,0.57,0.23,214734.0,6.47,0.3891,26.55,51.22,0.0,16.82,17.108,0.4,0.01,0.01,0.0,0.0,0.0,0.0,0.0,0.0,0.0,0.0,0.0,0.0,0.0,0.0,0.0,26.0,34.1,7.19,14.58,4.04,1.38,26.99,10.9,60.7,0.006,10.24726375,1,0,1SC,2SC,None,63.397,28.474,2.896,2.979,0.845,0.8340000000000001,0.573,0.0,0.0,0.0,12.778,25.745,23.733,14.949,6.492,0.839,4.012,1.221,1.915,1.755,BSE,Summer,0.0031347962382445144
2-5,376217.0,6.13,0.145,20.97,32.82,0.8,5.56,9.343,1.83,0.0,0.0,0.0,214734.0,6.7,0.1515,33.23,48.65,0.3,9.79,17.632,2.42,0.0,0.0,0.0,0.0,0.0,0.0,0.0,0.0,0.0,0.0,0.0,0.0,0.0,0.0,0.0,26.0,34.1,7.49,14.85,3.8,2.2,22.63,0.4,65.06,0.001,8.292889375000001,1,0,1SC,2SC,None,72.907,16.19,0.8570000000000001,3.539,2.976,1.87,1.659,0.0,0.0,0.0,12.652,28.095,11.636,18.045,6.441,1.683,5.472,2.479,1.223,2.275,BSE,Fall,0.0
3-5,376217.0,5.9,0.495,31.68,41.19,0.95,21.27,34.59,2.24,0.0,0.0,0.0,214734.0,6.36,0.296,23.73,81.22,0.4,25.77,13.26,3.3,0.01,0.01,0.0,0.0,0.0,0.0,0.0,0.0,0.0,0.0,0.0,0.0,0.0,0.0,0.0,26.0,34.1,7.34,13.1,5.33,2.07,25.74,0.6,61.4,0.008,13.261363437500002,1,0,1SC,2SC,None,65.102,27.607,0.347,2.834,1.322,1.388,1.198,0.0,0.0,0.0,15.868,25.184,20.842,11.139,5.312,0.793,2.694,6.935,3.897,1.128,BSE,Winter,0.0023248785250970633
4-5,376217.0,5.52,0.845,23.0,36.39,1.5,6.66,14.48,3.35,0.06,0.06,0.0,214734.0,6.48,0.72,33.83,50.11,0.2,10.3,23.94,2.65,0.0,0.0,0.0,0.0,0.0,0.0,0.0,0.0,0.0,0.0,0.0,0.0,0.0,0.0,0.0,26.0,34.1,7.34,16.65,4.57,2.6,26.73,0.6,63.62,0.009,12.865624999999998,1,0,1SC,2SC,None,74.564,22.945,0.062,1.202,0.594,0.067,0.437,0.0,0.0,0.0,15.441,24.648,6.262,20.835,4.562,1.215,1.756,10.748,6.037,1.941,BSE,Spring,0.0
1-6,14645.0,6.6,5.7925,19.23,44.32,15.1,6.11,8.848,2.0,0.38,0.19,0.07,0.0,0.0,0.0,0.0,0.0,0.0,0.0,0.0,0.0,0.0,0.0,0.0,0.0,0.0,0.0,0.0,0.0,0.0,0.0,0.0,0.0,0.0,0.0,0.0,40.0,38.0,7.83,14.55,4.94,2.03,53.01,3.3,65.25,1.184,7.19685625,0,0,FW+HM+Aww,None,None,69.938,22.894,4.524,1.491,0.78,0.264,0.111,0.0,0.0,0.0,57.253,27.379,3.842,0.971,2.044,0.15,0.173,0.0,1.087,0.45,DGG,Summer,0.0026942074539739558
2-6,14645.0,6.74,0.797,16.05,28.87,13.3,5.91,6.239,2.2,4.98,2.34,1.15,0.0,0.0,0.0,0.0,0.0,0.0,0.0,0.0,0.0,0.0,0.0,0.0,0.0,0.0,0.0,0.0,0.0,0.0,0.0,0.0,0.0,0.0,0.0,0.0,40.0,38.0,8.16,7.33,1.59,1.5,12.12,3.2,49.3,0.014,4.951962499999999,0,0,FW+HM+Aww,None,None,79.847,16.611,0.0,2.46,1.08,0.0,0.0,0.0,0.0,0.0,57.586,31.887,0.9410000000000001,1.415,1.557,0.3,0.478,0.027,0.567,0.966,DGG,Fall,0.01375831231368952
3-6,14645.0,7.76,4.5125,22.87,90.55,31.9,11.5,8.29,2.1,5.3,2.3,0.8,0.0,0.0,0.0,0.0,0.0,0.0,0.0,0.0,0.0,0.0,0.0,0.0,0.0,0.0,0.0,0.0,0.0,0.0,0.0,0.0,0.0,0.0,0.0,0.0,40.0,38.0,7.99,3.02,0.35,1.765,20.5,2.7,65.1,0.042,8.285982250000002,0,0,FW+HM+Aww,None,None,65.25800000000001,22.913,6.218,3.853,1.183,0.575,0.0,0.0,0.0,0.0,47.983,37.916,0.327,0.637,1.351,0.48,2.875,0.0,0.904,0.293,DGG,Winter,0.0
4-6,14645.0,6.79,9.044,27.88,68.76,24.2,14.6,13.81,3.1,5.45,2.33,1.16,0.0,0.0,0.0,0.0,0.0,0.0,0.0,0.0,0.0,0.0,0.0,0.0,0.0,0.0,0.0,0.0,0.0,0.0,0.0,0.0,0.0,0.0,0.0,0.0,40.0,38.0,7.99,12.43,4.5,0.35,19.79,2.6,57.9,0.11,11.266875,0,0,FW+HM+Aww,None,None,76.343,22.222,0.398,0.488,0.5489999999999999,0.0,0.0,0.0,0.0,0.0,53.348,34.646,0.452,0.5479999999999999,0.615,0.259,0.293,0.0,0.348,0.626,DGG,Spring,0.0
1-7,472558.0,6.65,0.856,15.95,20.72,0.2,6.1,7.936,2.2,0.07,0.07,0.0,0.0,0.0,0.0,0.0,0.0,0.0,0.0,0.0,0.0,0.0,0.0,0.0,0.0,0.0,0.0,0.0,0.0,0.0,0.0,0.0,0.0,0.0,0.0,0.0,22.6,35.0,6.98,14.72,4.78,2.32,17.44,0.2,65.8,0.002,7.4345493750000005,0,0,MSC+HM,None,None,73.206,14.823,4.109,4.179,0.8350000000000001,2.73,0.0,0.12,0.0,0.0,8.024,31.499,1.838,21.814,8.01,5.27,4.987,0.333,0.5,1.937,DGD,Summer,0.0
2-7,472558.0,6.31,0.0805,17.3,27.11,2.1,1.27,4.82,2.17,0.32,0.11,0.12,0.0,0.0,0.0,0.0,0.0,0.0,0.0,0.0,0.0,0.0,0.0,0.0,0.0,0.0,0.0,0.0,0.0,0.0,0.0,0.0,0.0,0.0,0.0,0.0,22.6,35.0,7.11,12.27,2.37,1.5,27.87,1.0,63.3,0.002,5.810303125000001,0,0,MSC+HM,None,None,64.797,12.901,0.189,15.838,4.296,1.978,0.0,0.0,0.0,0.0,9.441,22.998,6.957,11.021,7.505,3.065,19.783,0.811,0.791,1.597,DGD,Fall,0.026490066225165563
3-7,472558.0,6.22,0.302,28.78,49.17,1.2,22.92,11.8,5.7,0.03,0.02,0.01,0.0,0.0,0.0,0.0,0.0,0.0,0.0,0.0,0.0,0.0,0.0,0.0,0.0,0.0,0.0,0.0,0.0,0.0,0.0,0.0,0.0,0.0,0.0,0.0,22.6,35.0,7.43,13.4,6.25,2.28,24.8,0.3,64.4,0.0,11.796905875,0,0,MSC+HM,None,None,69.682,20.705,1.421,2.078,4.714,1.4,0.0,0.0,0.0,0.0,15.442,14.01,18.477,9.976,6.199,4.416,12.961,2.813,0.642,1.328,DGD,Winter,0.006119951040391677
4-7,452233.0,6.34,0.588,25.43,40.8,1.0,14.52,15.94,2.5,0.0,0.0,0.0,20325.0,6.55,2.712,4.17,11.25,0.1,4.51,3.43,0.8,0.0,0.0,0.0,0.0,0.0,0.0,0.0,0.0,0.0,0.0,0.0,0.0,0.0,0.0,0.0,22.6,35.0,7.37,12.75,4.13,0.9,19.99,0.2,62.4,0.002,10.233749999999999,1,0,MSC,HM,None,75.925,23.193,0.0,0.881,0.0,0.0,0.0,0.0,0.0,0.0,17.817,25.489,16.988,12.56,5.633999999999999,1.937,5.943,2.789,1.356,2.045,DGD,Spring,0.0
1-8,546356.0,6.49,0.794,19.22,20.25,0.2,9.21,7.349,1.18,0.0,0.01,0.0,147781.0,3.79,,42.45,92.75,43.8,22.59,11.555,16.9,0.2,0.18,0.0,0.0,0.0,0.0,0.0,0.0,0.0,0.0,0.0,0.0,0.0,0.0,0.0,14.4,35.1,7.24,11.2,3.65,0.88,15.41,0.5,62.2,0.001,5.572611875,1,0,MSC,Fww,None,77.56700000000001,13.683,3.019,4.691,0.828,0.163,0.004,0.02,0.0,0.0,26.092,24.105,9.119,5.854,9.67,9.822,2.204,3.179,2.624,0.844,DGJ,Summer,0.0
2-8,546356.0,5.45,0.0255,35.27,36.84,2.0,3.93,8.794,2.38,1.77,1.55,0.07,147781.0,3.72,0.0,17.68,90.17,37.8,6.46,9.97,7.55,1.25,0.74,0.37,0.0,0.0,0.0,0.0,0.0,0.0,0.0,0.0,0.0,0.0,0.0,0.0,14.4,35.1,7.56,10.23,1.7,1.53,21.26,1.0,57.0,0.005,6.685228125000001,1,0,MSC,Fww,None,70.553,16.493,0.0,11.266,1.139,0.548,0.0,0.0,0.0,0.0,20.699,20.731,10.937,2.943,2.765,18.248,13.249,3.771,1.192,0.416,DGJ,Fall,0.354552780016116
3-8,546356.0,6.12,0.366,20.12,35.8,1.9,19.25,9.45,10.58,0.17,0.06,0.06,147781.0,5.07,0.457,8.37,12.0,0.6,85.33,15.8,4.27,0.01,0.01,0.0,0.0,0.0,0.0,0.0,0.0,0.0,0.0,0.0,0.0,0.0,0.0,0.0,14.4,35.1,7.53,8.18,3.1,1.28,91.71,37.3,55.7,0.003,9.363841749999999,1,0,MSC,Fww,None,77.143,18.247,0.925,3.133,0.0,0.552,0.0,0.0,0.0,0.0,16.8,18.504,15.162,3.601,3.816,23.722,4.467000000000001,5.779,2.669,0.349,DGJ,Winter,0.6416772554002541
4-8,546356.0,5.83,1.444,24.48,40.38,2.1,12.51,13.61,3.25,0.23,0.06,0.09,147781.0,3.95,,28.2,81.62,33.2,12.78,14.78,5.3,0.8,0.8,0.0,0.0,0.0,0.0,0.0,0.0,0.0,0.0,0.0,0.0,0.0,0.0,0.0,14.4,35.1,7.33,11.93,3.73,1.65,18.51,0.9,59.2,0.001,5.2684375,1,0,MSC,Fww,None,79.98599999999999,18.902,0.141,0.0,0.489,0.061,0.419,0.0,0.0,0.0,19.665,17.643,19.971,4.934,7.949000000000001,12.724,1.982,4.237,4.046,1.071,DGJ,Spring,0.0
1-9,72778.0,4.14,,21.75,43.49,15.6,18.4,7.685,3.83,2.49,2.39,0.2,0.0,0.0,0.0,0.0,0.0,0.0,0.0,0.0,0.0,0.0,0.0,0.0,0.0,0.0,0.0,0.0,0.0,0.0,0.0,0.0,0.0,0.0,0.0,0.0,39.0,36.2,8.05,26.05,8.1,2.52,50.3,16.3,59.5,0.068,19.543756249999998,0,0,FW,None,None,91.379,0.144,5.532,2.876,0.069,0.0,0.0,0.0,0.0,0.0,60.781,32.653,0.827,1.325,0.0,0.0,0.14,0.935,1.599,0.279,DGB,Summer,0.0036085450346420326
2-9,72778.0,4.46,0.0,31.02,334.51,107.0,67.11,31.334,3.13,3.46,2.61,0.67,0.0,0.0,0.0,0.0,0.0,0.0,0.0,0.0,0.0,0.0,0.0,0.0,0.0,0.0,0.0,0.0,0.0,0.0,0.0,0.0,0.0,0.0,0.0,0.0,39.0,36.2,8.32,26.4,5.67,3.12,117.91,11.1,65.0,0.01,41.8110921875,0,0,FW,None,None,83.16099999999999,0.0,3.013,13.6,0.225,0.0,0.0,0.0,0.0,0.0,48.727,43.274,0.05,0.179,0.0,0.0,0.037,2.741,3.463,0.135,DGB,Fall,0.2655294496298681
3-9,72778.0,4.93,0.533,16.24,222.01,85.4,174.02,44.06,5.77,3.7,3.7,0.0,0.0,0.0,0.0,0.0,0.0,0.0,0.0,0.0,0.0,0.0,0.0,0.0,0.0,0.0,0.0,0.0,0.0,0.0,0.0,0.0,0.0,0.0,0.0,0.0,39.0,36.2,7.85,26.47,10.96,2.53,51.03,10.9,60.9,0.032,29.23244425,0,0,FW,None,None,20.339,0.05,70.99600000000001,8.616,0.0,0.0,0.0,0.0,0.0,0.0,56.526,27.269,11.241,0.034,0.0,0.0,0.745,2.348,1.181,0.345,DGB,Winter,0.013180192054227078
4-9,72778.0,4.75,0.0,162.13,287.64,110.6,122.91,12.69,4.35,0.69,0.69,0.0,0.0,0.0,0.0,0.0,0.0,0.0,0.0,0.0,0.0,0.0,0.0,0.0,0.0,0.0,0.0,0.0,0.0,0.0,0.0,0.0,0.0,0.0,0.0,0.0,39.0,36.2,7.98,36.98,7.64,3.45,45.1,9.6,60.47,0.085,38.658750000000005,0,0,FW,None,None,86.145,1.407,0.268,11.967,0.17,0.043,0.0,0.0,0.0,0.0,70.05199999999999,24.31,1.11,0.064,0.022,0.092,1.419,0.372,1.343,0.188,DGB,Spring,0.0
1-10,38863.0,6.77,1.414,16.25,17.76,0.2,4.79,7.098,4.15,0.48,0.39,0.09,144002.0,6.79,0.468,19.28,12.26,0.2,8.42,4.278,1.48,0.0,0.0,0.0,0.0,0.0,0.0,0.0,0.0,0.0,0.0,0.0,0.0,0.0,0.0,0.0,22.3,36.6,7.26,15.8,5.28,1.85,19.26,0.3,67.5,0.001,7.744870625,1,0,1SC,2SC,None,50.798,27.767,13.175,2.884,4.534,0.199,0.0,0.642,0.0,0.0,6.403,30.075,20.503,6.788,9.281,1.224,7.868,0.7949999999999999,0.328,2.503,DGC,Summer,0.0
3-10,182865.0,7.2,1.466,19.37,32.26,0.7,10.44,12.87,3.25,0.02,0.01,0.01,0.0,0.0,0.0,0.0,0.0,0.0,0.0,0.0,0.0,0.0,0.0,0.0,0.0,0.0,0.0,0.0,0.0,0.0,0.0,0.0,0.0,0.0,0.0,0.0,22.3,36.6,7.38,18.68,10.89,2.53,33.6,1.0,60.5,0.052,14.109802187500001,0,0,MSC,None,None,61.069,21.587,11.346,5.446,0.552,0.0,0.0,0.0,0.0,0.0,10.678,9.562,18.347,10.247,9.212,1.752,24.98,1.152,0.175,2.347,DGC,Winter,0.0
4-10,182865.0,6.37,1.615,21.75,34.79,0.8,8.23,10.75,2.55,0.66,0.05,0.44,0.0,0.0,0.0,0.0,0.0,0.0,0.0,0.0,0.0,0.0,0.0,0.0,0.0,0.0,0.0,0.0,0.0,0.0,0.0,0.0,0.0,0.0,0.0,0.0,22.3,36.6,7.69,16.18,6.54,1.3,12.54,0.4,64.1,0.141,8.153375000000002,0,0,MSC,None,None,90.824,5.491,0.573,3.098,0.013,0.0,0.0,0.0,0.0,0.0,23.234,3.118,33.025,12.155,0.775,0.249,0.32,2.693,1.43,2.256,DGC,Spring,0.0
1-11,31628.0,6.67,0.6961,20.42,33.83,4.5,4.6,5.559,3.88,1.47,1.22,0.04,61715.0,6.92,0.3814999999999999,22.63,0.0,0.9,10.55,3.995,1.68,0.08,0.06,0.0,0.0,0.0,0.0,0.0,0.0,0.0,0.0,0.0,0.0,0.0,0.0,0.0,36.0,33.0,7.4,19.08,4.88,1.8,20.52,0.6,69.55,0.059,7.467565000000001,1,0,(HM)1S,2S,None,70.743,18.857,4.418,3.306,2.204,0.355,0.0,0.115,0.0,0.0,15.887,13.88,3.242,27.967,8.957,2.095,2.247,5.246,0.195,2.725,DGY,Summer,0.0
2-11,31628.0,7.36,0.3108,5.38,16.13,0.3,1.15,2.694,0.78,0.06,0.03,0.01,61715.0,6.79,0.1105,20.92,44.01,0.3,5.1,11.436,2.1,0.03,0.01,0.01,0.0,0.0,0.0,0.0,0.0,0.0,0.0,0.0,0.0,0.0,0.0,0.0,36.0,33.0,7.37,14.78,2.68,1.77,43.86,0.3,70.5,0.107,8.89372625,1,0,(HM)1SC,2SC,None,66.186,20.16,1.426,3.653,8.575,0.0,0.0,0.0,0.0,0.0,4.322,12.153,9.595,25.453,5.311,1.359,8.217,6.714,0.26,1.247,DGY,Fall,0.0606918875177018
3-11,31628.0,6.35,0.505,19.92,38.68,0.6,10.17,17.25,5.48,0.01,0.01,0.0,61715.0,6.58,0.299,29.0,57.15,0.5,24.74,21.93,3.0,0.01,0.01,0.0,0.0,0.0,0.0,0.0,0.0,0.0,0.0,0.0,0.0,0.0,0.0,0.0,36.0,33.0,7.28,15.85,8.02,4.25,25.97,0.4,69.9,0.129,14.119709062500002,1,0,(HM)1SC,2SC,None,56.424,10.221,25.097,2.149,4.543,1.371,0.194,0.0,0.0,0.0,6.273,20.232,9.524,28.679,7.578,0.595,5.548,4.12,0.255,0.896,DGY,Winter,0.006944444444444445
4-11,31628.0,6.5,1.2725,8.03,62.08,1.0,10.44,5.17,1.25,0.0,0.0,0.0,61715.0,6.54,0.735,32.05,52.74,0.5,12.47,23.24,1.75,0.0,0.0,0.0,0.0,0.0,0.0,0.0,0.0,0.0,0.0,0.0,0.0,0.0,0.0,0.0,36.0,33.0,7.59,15.8,6.36,1.75,27.38,0.4,64.3,0.002,10.509375000000002,1,0,(HM)1SC,2SC,None,84.158,12.235,0.099,0.661,2.848,0.0,0.0,0.0,0.0,0.0,12.035,13.133,16.385,19.759,6.098,1.025,7.144000000000001,8.341999999999999,0.352,2.143,DGY,Spring,0.0
1-12,36812.0,5.41,5.23,32.48,96.81,45.8,7.87,12.644,9.8,21.17,4.17,0.64,0.0,0.0,0.0,0.0,0.0,0.0,0.0,0.0,0.0,0.0,0.0,0.0,0.0,0.0,0.0,0.0,0.0,0.0,0.0,0.0,0.0,0.0,0.0,0.0,24.0,36.5,7.69,9.85,1.95,1.48,15.94,2.6,68.0,1.347,11.224456250000001,0,0,FW+Aww,None,None,93.785,0.216,2.059,3.816,0.081,0.043,0.0,0.0,0.0,0.0,49.079,41.585,2.621,0.149,0.577,0.019,2.884,0.017,0.753,0.028,USO,Summer,0.15766923736075406
2-12,36812.0,5.25,3.2,70.33,128.28,32.9,14.59,14.79,12.78,6.97,3.85,1.49,0.0,0.0,0.0,0.0,0.0,0.0,0.0,0.0,0.0,0.0,0.0,0.0,0.0,0.0,0.0,0.0,0.0,0.0,0.0,0.0,0.0,0.0,0.0,0.0,24.0,36.5,7.87,11.8,1.95,1.37,23.24,5.2,68.6,0.514,9.309693750000001,0,0,FW+Aww,None,None,96.84800000000001,0.169,0.361,1.674,0.06,0.0,0.891,0.0,0.0,0.0,57.557,29.873,2.156,0.291,0.318,0.028,4.079,0.014,1.84,0.183,USO,Fall,0.09468317552804079
3-12,36812.0,4.32,0.0,46.02,115.59,42.8,16.18,15.8,12.75,4.7,2.53,0.412,0.0,0.0,0.0,0.0,0.0,0.0,0.0,0.0,0.0,0.0,0.0,0.0,0.0,0.0,0.0,0.0,0.0,0.0,0.0,0.0,0.0,0.0,0.0,0.0,24.0,36.5,7.74,16.65,7.1,2.95,28.96,8.2,65.9,0.194,10.20765375,0,0,FW+Aww,None,None,82.959,0.218,13.119,3.313,0.0,0.0,0.389,0.0,0.0,0.0,69.8,25.365,0.521,0.0,0.393,0.0,1.955,0.0,0.98,0.0,USO,Winter,0.0
4-12,36812.0,5.53,4.3733,29.33,98.87,36.6,10.53,15.39,2.3,9.13,2.73,0.26,0.0,0.0,0.0,0.0,0.0,0.0,0.0,0.0,0.0,0.0,0.0,0.0,0.0,0.0,0.0,0.0,0.0,0.0,0.0,0.0,0.0,0.0,0.0,0.0,24.0,36.5,7.79,17.15,4.28,2.65,26.37,7.5,68.1,0.571,16.261874999999996,0,0,FW+Aww,None,None,89.318,0.358,0.175,10.149,0.0,0.0,0.0,0.0,0.0,0.0,71.99,21.071,0.564,0.0,0.226,0.07300000000000001,2.431,0.0,0.773,0.114,USO,Spring,0.011169024571854059
1-13,56007.0,6.02,1.242,37.05,58.15,1.8,13.45,16.771,3.65,5.69,3.76,1.24,69453.0,3.71,,71.58,132.85,68.6,37.13,19.28,13.3,0.28,0.28,0.0,0.0,0.0,0.0,0.0,0.0,0.0,0.0,0.0,0.0,0.0,0.0,0.0,30.0,39.5,7.4,17.15,4.42,1.73,26.88,4.7,63.22,0.0224,8.25326875,1,0,1SC,FW,None,80.908,13.639,2.921,1.39,0.652,0.491,0.0,0.0,0.0,0.0,43.003,22.835,5.811,1.571,1.053,7.771,0.541,4.598999999999999,5.873,0.523,USY,Summer,0.013724951962668132
2-13,56007.0,4.14,,72.92,171.07,66.5,38.87,21.589,8.48,2.85,2.53,0.17,69453.0,5.89,4.72,86.67,56.04,3.8,14.65,21.518,60.75,3.2,2.38,0.6,0.0,0.0,0.0,0.0,0.0,0.0,0.0,0.0,0.0,0.0,0.0,0.0,30.0,39.5,7.66,17.88,2.86,2.63,27.79,2.9,62.01,0.0259,12.014893749999999,1,0,1SC,FW,None,79.711,16.736,0.558,2.066,0.93,0.0,0.0,0.0,0.0,0.0,44.025,25.762,2.201,2.539,1.155,7.858000000000001,1.409,5.042,3.428,0.618,USY,Fall,0.00441262992743675
3-13,56007.0,5.74,1.3025,7.9,56.15,2.2,24.1,17.58,0.0,0.0,0.0,0.0,69453.0,4.36,,101.67,169.88,66.9,79.19,25.75,0.0,0.93,0.93,0.0,0.0,0.0,0.0,0.0,0.0,0.0,0.0,0.0,0.0,0.0,0.0,0.0,30.0,39.5,7.31,20.4,7.64,0.0,32.11,2.0,61.41,0.02595,11.706883125,1,0,1SC,FW,None,51.098,14.244,27.004,2.795,0.908,3.95,0.0,0.0,0.0,0.0,29.134,17.183,2.951,1.096,0.5750000000000001,28.39,3.132,7.774,2.639,0.398,USY,Winter,0.0
4-13,56007.0,5.76,5.74,48.77,101.6,45.21,25.3,14.803,4.7,1.54,0.7,0.26,69453.0,4.28,,42.62,43.196666666666665,4.3,9.466666666666669,19.279666666666667,8.45,0.33,0.28,0.0,0.0,0.0,0.0,0.0,0.0,0.0,0.0,0.0,0.0,0.0,0.0,0.0,30.0,39.5,7.29,11.77,2.4,3.5,18.39,3.36,60.8,0.026,10.658348541666667,1,0,1SC,FW,None,90.65599999999999,7.246,0.06,0.0,1.0,1.037,0.0,0.0,0.0,0.0,20.005,18.079,4.975,0.903,1.006,31.726,2.444,6.712,5.308,0.772,USY,Spring,0.020553576322280075
1-14,131768.0,3.25,,378.56,172.74,93.1,26.26,21.112,15.18,9.04,8.08,0.48,0.0,0.0,0.0,0.0,0.0,0.0,0.0,0.0,0.0,0.0,0.0,0.0,0.0,0.0,0.0,0.0,0.0,0.0,0.0,0.0,0.0,0.0,0.0,0.0,8.0,37.5,7.85,19.21,3.08,1.95,32.15,3.1,62.4,0.218,22.448909375,0,0,Fww,None,None,74.853,0.088,11.499,13.319,0.118,0.123,0.0,0.0,0.0,0.0,65.54899999999999,32.123,0.646,0.017,0.0,0.017,0.1,0.137,1.017,0.085,USJ,Summer,0.013158913228578064
2-14,131768.0,3.71,,83.98,176.87,104.2,15.79,21.392,17.38,9.33,8.23,0.83,0.0,0.0,0.0,0.0,0.0,0.0,0.0,0.0,0.0,0.0,0.0,0.0,0.0,0.0,0.0,0.0,0.0,0.0,0.0,0.0,0.0,0.0,0.0,0.0,8.0,37.5,7.67,16.77,1.72,1.67,36.88,13.4,62.7,0.037,8.055196874999998,0,0,Fww,None,None,81.56700000000001,0.245,1.093,17.095,0.0,0.0,0.0,0.0,0.0,0.0,68.657,27.336,0.963,0.123,0.0,0.0,0.51,0.468,1.539,0.014,USJ,Fall,0.05851063829787235
3-14,131768.0,3.52,,73.57,170.88,106.6,36.99,20.59,22.45,4.81,4.17,0.57,0.0,0.0,0.0,0.0,0.0,0.0,0.0,0.0,0.0,0.0,0.0,0.0,0.0,0.0,0.0,0.0,0.0,0.0,0.0,0.0,0.0,0.0,0.0,0.0,8.0,37.5,7.84,12.73,2.88,0.0,25.94,7.6,63.5,0.159,10.373658249999998,0,0,Fww,None,None,62.031,0.0,2.697,34.06,0.0,1.213,0.0,0.0,0.0,0.0,66.503,22.028,6.794,0.023,0.032,0.029,1.833,0.425,1.356,0.324,USJ,Winter,0.0
4-14,131768.0,3.33,,77.6,106.61,66.5,29.97,23.17,20.65,37.1,34.7,1.06,0.0,0.0,0.0,0.0,0.0,0.0,0.0,0.0,0.0,0.0,0.0,0.0,0.0,0.0,0.0,0.0,0.0,0.0,0.0,0.0,0.0,0.0,0.0,0.0,8.0,37.5,8.01,17.9,2.39,1.85,28.83,8.4,64.6,0.088,14.782499999999999,0,0,Fww,None,None,95.441,0.226,0.05,4.282999999999999,0.0,0.0,0.0,0.0,0.0,0.0,65.244,21.355,6.508999999999999,0.0,0.0,0.051,0.054,4.239,1.785,0.517,USJ,Spring,0.009367681498829042
1-15,43070.0,6.95,0.249,12.23,30.3,0.1,2.07,6.702,0.98,0.0,0.0,0.0,0.0,0.0,0.0,0.0,0.0,0.0,0.0,0.0,0.0,0.0,0.0,0.0,0.0,0.0,0.0,0.0,0.0,0.0,0.0,0.0,0.0,0.0,0.0,0.0,21.8,35.0,6.95,13.57,2.09,1.15,42.73,0.3,,,7.0912112500000015,0,0,MSC,None,None,66.15,25.136,4.752,2.94,0.658,0.215,0.079,0.051,0.0,0.0,13.329,23.288,10.72,23.82,7.079,2.129,3.362,4.011,1.185,1.808,GSG,Summer,0.0
2-15,43070.0,5.41,0.2585,41.18,11.2,4.6,9.48,17.728,5.2,2.34,0.98,0.64,0.0,0.0,0.0,0.0,0.0,0.0,0.0,0.0,0.0,0.0,0.0,0.0,0.0,0.0,0.0,0.0,0.0,0.0,0.0,0.0,0.0,0.0,0.0,0.0,21.8,35.0,7.36,20.03,4.47,1.7,28.15,0.6,65.1,2.077,6.708263124999999,0,0,MSC,None,None,63.912,24.03,8.823,2.608,0.627,0.0,0.0,0.0,0.0,0.0,14.034,28.936,15.279,11.866,7.941,1.867,4.806,2.882,1.557,1.414,GSG,Fall,0.08132836326668925
3-15,43070.0,5.6,0.7725,42.73,70.77,2.2,20.79,14.14,0.0,0.02,0.01,0.01,0.0,0.0,0.0,0.0,0.0,0.0,0.0,0.0,0.0,0.0,0.0,0.0,0.0,0.0,0.0,0.0,0.0,0.0,0.0,0.0,0.0,0.0,0.0,0.0,21.8,35.0,7.48,18.28,9.23,0.0,31.87,0.5,65.9,2.288,18.2054011875,0,0,MSC,None,None,57.399,13.991,26.948,1.333,0.328,0.0,0.0,0.0,0.0,0.0,17.95,32.921,16.878,10.216,9.725,0.639,1.188,2.08,2.526,0.993,GSG,Winter,0.0
4-15,43070.0,5.43,0.926,33.88,86.75,2.7,19.4,24.17,2.2,0.27,0.06,0.0,0.0,0.0,0.0,0.0,0.0,0.0,0.0,0.0,0.0,0.0,0.0,0.0,0.0,0.0,0.0,0.0,0.0,0.0,0.0,0.0,0.0,0.0,0.0,0.0,21.8,35.0,7.45,19.6,6.18,2.25,32.9,0.5,64.7,2.729,13.708124999999999,0,0,MSC,None,None,83.899,14.451,0.0,1.651,0.0,0.0,0.0,0.0,0.0,0.0,20.31,27.127,11.229,6.846,13.032,0.962,1.713,5.288,5.995,1.449,GSG,Spring,0.010084033613445377
1-16,36865.0,5.23,0.43,15.35,25.88,1.7,10.56,5.652,1.75,0.98,0.5,0.28,0.0,0.0,0.0,0.0,0.0,0.0,0.0,0.0,0.0,0.0,0.0,0.0,0.0,0.0,0.0,0.0,0.0,0.0,0.0,0.0,0.0,0.0,0.0,0.0,31.0,35.0,6.83,14.37,3.01,1.4,18.26,4.5,60.0,,7.243073750000001,0,0,1S,None,None,92.09,1.147,3.538,2.568,0.408,0.246,0.0,0.0,0.0,0.0,4.923,23.096,10.038,47.077,1.434,0.6529999999999999,1.969,0.298,0.422,0.728,GCG,Summer,0.018633540372670804
2-16,36865.0,5.06,0.0004,23.73,38.96,1.8,14.47,7.639,4.6,1.1,0.44,0.32,0.0,0.0,0.0,0.0,0.0,0.0,0.0,0.0,0.0,0.0,0.0,0.0,0.0,0.0,0.0,0.0,0.0,0.0,0.0,0.0,0.0,0.0,0.0,0.0,31.0,35.0,6.79,21.32,6.45,4.2,39.45,0.6,61.3,1.612,10.7721734375,0,0,1S,None,None,97.561,0.297,0.604,1.378,0.159,0.0,0.0,0.0,0.0,0.0,6.181,25.922,15.55,24.144,6.197,2.026,3.264,0.488,0.982,0.803,GCG,Fall,0.046783625730994156
3-16,36865.0,6.03,0.4563,0.98,3.21,0.2,0.62,11.62,0.3,0.0,0.0,0.0,0.0,0.0,0.0,0.0,0.0,0.0,0.0,0.0,0.0,0.0,0.0,0.0,0.0,0.0,0.0,0.0,0.0,0.0,0.0,0.0,0.0,0.0,0.0,0.0,31.0,35.0,6.82,9.42,2.79,1.28,14.94,1.0,60.5,1.588,7.513775562500001,0,0,1S,None,None,83.457,8.628,2.458,5.457,0.0,0.0,0.0,0.0,0.0,0.0,15.674,23.791,25.498,9.919,0.633,1.422,9.182,0.395,1.041,0.767,GCG,Winter,0.012084592145015106
4-16,36865.0,5.77,0.127,24.8,27.98,1.7,28.5,12.08,5.15,0.37,0.16,0.13,0.0,0.0,0.0,0.0,0.0,0.0,0.0,0.0,0.0,0.0,0.0,0.0,0.0,0.0,0.0,0.0,0.0,0.0,0.0,0.0,0.0,0.0,0.0,0.0,31.0,35.0,6.89,10.53,3.94,1.75,8.39,0.6,65.4,1.386,7.819999999999999,0,0,1S,None,None,90.608,9.338,0.054,0.0,0.0,0.0,0.0,0.0,0.0,0.0,27.221,16.64,9.464,7.653,3.057,2.238,1.427,0.146,2.425,0.873,GCG,Spring,0.0
1-17,25915.0,7.3,6.38,32.43,48.73,3.6,16.95,15.252,3.75,3.22,1.63,0.61,0.0,0.0,0.0,0.0,0.0,0.0,0.0,0.0,0.0,0.0,0.0,0.0,0.0,0.0,0.0,0.0,0.0,0.0,0.0,0.0,0.0,0.0,0.0,0.0,30.0,37.0,7.64,18.45,7.23,2.05,30.11,1.7,69.7,3.467,11.950743750000004,0,0,MS(AwwB3),None,None,77.92699999999999,17.117,3.602,0.904,0.306,0.106,0.04,0.0,0.0,0.0,43.453,24.016,10.807,5.556999999999999,4.303,0.11,1.469,0.04,1.231,0.667,MGY,Summer,0.0019120458891013384
2-17,25915.0,7.24,4.618,24.12,45.12,16.8,5.37,9.31,3.78,5.68,2.67,0.98,0.0,0.0,0.0,0.0,0.0,0.0,0.0,0.0,0.0,0.0,0.0,0.0,0.0,0.0,0.0,0.0,0.0,0.0,0.0,0.0,0.0,0.0,0.0,0.0,30.0,37.0,7.765000000000001,14.56,3.295,2.085,18.85,3.35,69.2,3.467,7.878558333333312,0,0,MS(AwwB3),None,None,70.681,25.441,1.718,2.16,0.0,0.0,0.0,0.0,0.0,0.0,36.004,28.188,16.382,6.226,3.049,0.222,1.787,0.142,1.182,0.87,MGY,Fall,0.0020683949255377826
3-17,11368.0,5.87,0.5388,8.07,13.09,0.3,3.44,4.19,1.72,0.0,0.0,0.0,11368.0,6.15,0.365,6.57,7.72,0.0,1.26,4.41,0.88,0.01,0.01,0.0,3180.0,7.81,5.2125,25.53,42.79,1.8,9.96,3.73,5.33,0.02,0.02,0.0,30.0,37.0,7.845000000000001,15.675,4.445,2.95,23.565,3.0,65.2,4.474,15.65514071875,1,1,1S,2S,AwwB3,65.137,21.941,8.101,2.716,0.575,0.0,1.53,0.0,0.0,0.0,40.151,20.635,24.841,4.089,2.103,0.112,1.646,0.07,1.455,0.29,MGY,Winter,0.007100961470183049
4-17,25915.0,6.92,5.97,27.57,56.54,2.4,9.57,11.95,4.6,1.96,0.89,0.37,0.0,0.0,0.0,0.0,0.0,0.0,0.0,0.0,0.0,0.0,0.0,0.0,0.0,0.0,0.0,0.0,0.0,0.0,0.0,0.0,0.0,0.0,0.0,0.0,30.0,37.0,7.5975,19.7475,5.6475,2.58,33.2,2.625,69.5,3.78,13.551083333333313,0,0,MS(AwwB3),None,None,84.636,11.957,0.077,1.289,0.296,0.05,1.695,0.0,0.0,0.0,38.166,21.968,20.735,10.047,0.754,0.11,2.101,0.065,1.156,1.342,MGY,Spring,0.0034302179331793547
1-18,47085.0,5.06,0.2825,18.92,27.62,0.9,9.58,11.125,1.9,2.02,1.67,0.1,15148.0,6.95,1.4275,18.98,30.84,0.2,6.64,8.484,1.75,5.41,2.77,1.37,7264.0,7.63,5.8,39.18,41.18,5.4,10.24,14.212,5.7,0.15,0.15,0.0,20.0,35.0,7.3,16.72,5.25,2.0,46.2,0.5,57.6,0.004,11.719653125,1,1,1S,HM,Aww,84.661,4.568000000000001,2.843,0.921,6.974,0.034,0.0,0.0,0.0,0.0,34.884,15.355,25.796,11.01,1.38,0.5740000000000001,3.11,0.17,1.132,1.946,ADA,Summer,0.23040996367410485
2-18,47085.0,5.34,0.046,15.97,22.13,1.5,0.0,4.783,2.3,0.87,0.43,0.17,15148.0,6.48,0.0917999999999999,7.13,6.71,0.4,2.29,3.074,0.9,0.15,0.14,0.0,7264.0,8.47,0.7513,12.83,17.92,3.3,2.02,5.117,2.17,0.16,0.16,0.0,20.0,35.0,7.2,9.35,1.91,1.65,2.36,0.7,68.9,7.659,3.0372093749999998,1,1,1S,HM,Aww,71.005,19.111,4.321,1.894,3.668,0.0,0.0,0.0,0.0,0.0,21.323,17.765,26.281,15.237,4.849,0.432,1.992,1.895,1.172,0.809,ADA,Fall,0.015121729925903524
3-18,47085.0,5.44,0.5425,23.45,38.86,1.1,14.5,10.8,0.0,0.02,0.01,0.0,15148.0,6.77,0.3775,8.98,12.15,0.1,3.18,5.4,0.0,0.0,0.0,0.0,7264.0,7.99,2.765,22.32,42.05,2.3,5.62,17.88,0.0,0.03,0.02,0.0,20.0,35.0,7.3,11.85,2.57,0.0,16.65,0.3,65.2,6.513,14.06749275,1,1,1S,HM,Aww,58.287,16.248,21.515,2.563,1.076,0.31,0.0,0.0,0.0,0.0,23.166,14.785,27.683,14.013,5.321999999999999,0.259,2.439,5.592,1.492,0.9309999999999999,ADA,Winter,0.0
4-18,47085.0,5.58,1.0333,27.95,37.9,1.1,15.8,11.96,3.35,0.45,0.21,0.13,15148.0,7.06,0.7633,10.63,6.93,0.1,4.32,6.33,1.75,0.0,0.0,0.0,7264.0,8.26,4.3333,14.15,24.24,1.3,2.22,10.39,2.45,0.09,0.07,0.0,20.0,35.0,7.15,15.75,3.76,3.3,26.08,0.5,66.1,7.982,9.001875,1,1,1S,HM,Aww,79.909,15.77,0.145,1.839,1.262,0.513,0.436,0.0,0.0,0.0,24.241,22.068,16.583,14.698,1.977,1.425,2.906,2.72,2.207,1.953,ADA,Spring,0.0
1-19,21295.0,3.75,,153.67,102.41,34.5,0.0,20.191,8.28,0.01,0.01,0.0,0.0,0.0,0.0,0.0,0.0,0.0,0.0,0.0,0.0,0.0,0.0,0.0,0.0,0.0,0.0,0.0,0.0,0.0,0.0,0.0,0.0,0.0,0.0,0.0,33.0,38.0,7.95,8.98,1.51,0.85,31.83,3.5,63.5,0.0,16.919209375,0,0,FW,None,None,84.076,0.111,6.785,9.027,0.0,0.0,0.0,0.0,0.0,0.0,67.476,22.18,2.645,1.216,0.053,0.0,0.178,0.286,3.014,1.674,ADP,Summer,0.016054585591009432
2-19,21295.0,5.51,2.91,44.42,129.82,53.0,15.4,17.762,4.98,15.66,5.49,6.23,0.0,0.0,0.0,0.0,0.0,0.0,0.0,0.0,0.0,0.0,0.0,0.0,0.0,0.0,0.0,0.0,0.0,0.0,0.0,0.0,0.0,0.0,0.0,0.0,33.0,38.0,8.14,18.47,3.51,3.58,29.86,8.5,68.8,0.261,17.03475625,0,0,FW,None,None,64.673,0.45,2.548,32.329,0.0,0.0,0.0,0.0,0.0,0.0,65.637,31.389,0.756,0.198,0.0,0.015,0.457,0.191,0.909,0.081,ADP,Fall,0.11038251366120218
3-19,21295.0,5.32,2.9175,40.72,68.53,24.5,5.15,19.17,0.0,1.96,1.03,0.17,0.0,0.0,0.0,0.0,0.0,0.0,0.0,0.0,0.0,0.0,0.0,0.0,0.0,0.0,0.0,0.0,0.0,0.0,0.0,0.0,0.0,0.0,0.0,0.0,33.0,38.0,7.95,19.05,4.79,0.0,35.4,4.8,64.3,0.141,23.3765703125,0,0,FW,None,None,59.044,0.0,23.94,17.015,0.0,0.0,0.0,0.0,0.0,0.0,59.881,32.993,3.373,0.014,0.0,0.021,0.7860000000000001,1.042,1.236,0.295,ADP,Winter,0.01537462844647921
1-20,84678.0,5.64,3.824,37.98,111.12,84.6,11.56,15.318,3.43,0.0,0.0,0.0,0.0,0.0,0.0,0.0,0.0,0.0,0.0,0.0,0.0,0.0,0.0,0.0,0.0,0.0,0.0,0.0,0.0,0.0,0.0,0.0,0.0,0.0,0.0,0.0,38.0,38.0,8.19,13.87,2.55,2.15,34.39,6.3,63.02,0.0940999999999999,9.471234374999998,0,0,FW+Fww+Aww,None,None,93.319,0.477,4.379,1.814,0.009,0.0,0.0,0.0,0.0,0.0,61.876,23.899,11.08,0.117,0.094,0.047,0.138,0.0,0.7869999999999999,0.286,YCG,Summer,0.0
2-20,84678.0,5.91,0.9628,29.75,105.48,57.6,13.25,10.894,3.77,17.01,3.88,0.47,0.0,0.0,0.0,0.0,0.0,0.0,0.0,0.0,0.0,0.0,0.0,0.0,0.0,0.0,0.0,0.0,0.0,0.0,0.0,0.0,0.0,0.0,0.0,0.0,38.0,38.0,8.18,14.02,2.67,1.55,17.88,4.0,70.69,0.1005,7.1968499999999995,0,0,FW+Fww+Aww,None,None,88.509,0.317,4.945,6.229,0.0,0.0,0.0,0.0,0.0,0.0,68.515,18.957,8.946,0.288,0.0,0.062,0.169,0.0,0.734,0.168,YCG,Fall,0.14735226400613968
3-20,84678.0,5.775,2.3934,33.864999999999995,108.3,71.1,12.405,13.106,3.6,0.0,0.0,0.0,0.0,0.0,0.0,0.0,0.0,0.0,0.0,0.0,0.0,0.0,0.0,0.0,0.0,0.0,0.0,0.0,0.0,0.0,0.0,0.0,0.0,0.0,0.0,0.0,38.0,38.0,8.11,11.63,1.37,0.0,16.87,1.8,66.9,0.056,19.3628419375,0,0,FW+Fww+Aww,None,None,80.733,0.0,13.222,6.045,0.0,0.0,0.0,0.0,0.0,0.0,66.30199999999999,9.931000000000001,21.441,0.0,0.281,0.0,0.554,0.0,0.483,0.0,YCG,Winter,0.0013705576799199596
1-21,17605.0,5.87,0.507,9.27,27.56,0.5,0.69,4.265,0.82,0.73,0.37,0.21,0.0,0.0,0.0,0.0,0.0,0.0,0.0,0.0,0.0,0.0,0.0,0.0,0.0,0.0,0.0,0.0,0.0,0.0,0.0,0.0,0.0,0.0,0.0,0.0,13.0,34.0,7.22,10.58,1.7,1.25,31.35,0.4,,,5.929152500000001,0,0,(HM)1SC,None,None,72.244,23.484,2.569,1.242,0.432,0.028,0.0,0.0,0.0,0.0,20.76,30.573,9.156,11.795,9.842,4.79,3.0,0.646,1.033,0.739,YCD,Summer,0.22140221402214022
2-21,17605.0,6.38,0.2708,5.9,6.82,0.6,1.38,3.004,1.05,0.01,0.01,0.0,0.0,0.0,0.0,0.0,0.0,0.0,0.0,0.0,0.0,0.0,0.0,0.0,0.0,0.0,0.0,0.0,0.0,0.0,0.0,0.0,0.0,0.0,0.0,0.0,13.0,34.0,7.2,13.7,2.9,2.85,15.42,0.3,68.2,2.143,5.988575,0,0,(HM)1SC,None,None,71.901,24.782,0.758,2.081,0.479,0.0,0.0,0.0,0.0,0.0,21.351,22.232,4.752,27.709,8.662,3.123,1.121,0.921,1.059,2.341,YCD,Fall,0.01341741580571582
3-21,17605.0,5.83,0.0549,23.97,37.33,0.6,7.91,13.82,0.0,0.01,0.01,0.0,0.0,0.0,0.0,0.0,0.0,0.0,0.0,0.0,0.0,0.0,0.0,0.0,0.0,0.0,0.0,0.0,0.0,0.0,0.0,0.0,0.0,0.0,0.0,0.0,13.0,34.0,7.02,15.82,3.94,0.0,24.2,0.2,66.4,0.779,12.7661646875,0,0,(HM)1SC,None,None,73.81099999999999,17.478,7.911,0.524,0.276,0.0,0.0,0.0,0.0,0.0,20.028,30.479,2.743,26.688,5.179,1.574,2.293,0.254,1.204,1.652,YCD,Winter,0.0
4-21,17605.0,6.27,0.5041,21.17,38.59,0.6,7.57,22.66,2.0,0.0,0.0,0.0,0.0,0.0,0.0,0.0,0.0,0.0,0.0,0.0,0.0,0.0,0.0,0.0,0.0,0.0,0.0,0.0,0.0,0.0,0.0,0.0,0.0,0.0,0.0,0.0,13.0,34.0,6.99,17.38,5.02,1.1,28.28,0.2,65.7,0.908,15.893437500000001,0,0,(HM)1SC,None,None,80.361,15.542,0.224,0.95,0.829,1.84,0.0,0.255,0.0,0.0,15.594,31.799,10.358,19.437,6.479,1.388,1.872,0.999,1.369,1.175,YCD,Spring,0.0
1-22,17134.0,5.82,4.77,27.9,75.75,36.3,8.55,11.687,4.63,0.74,0.22,0.1,0.0,0.0,0.0,0.0,0.0,0.0,0.0,0.0,0.0,0.0,0.0,0.0,0.0,0.0,0.0,0.0,0.0,0.0,0.0,0.0,0.0,0.0,0.0,0.0,35.0,31.0,8.0,12.3,2.83,1.78,23.16,6.9,67.1,0.034,7.526987499999999,0,0,FW+HM+Aww,None,None,92.55999999999999,0.26,2.236,4.188,0.516,0.01,0.228,0.0,0.0,0.0,46.526,22.929,19.223,0.109,0.878,0.05,4.273,0.0,1.681,0.252,UJG,Summer,0.0009689922480620155
2-22,17134.0,6.03,0.8525,32.08,85.01,11.2,8.17,12.644,0.38,8.91,3.63,2.15,0.0,0.0,0.0,0.0,0.0,0.0,0.0,0.0,0.0,0.0,0.0,0.0,0.0,0.0,0.0,0.0,0.0,0.0,0.0,0.0,0.0,0.0,0.0,0.0,35.0,31.0,7.82,12.0,3.99,0.62,26.97,3.2,39.5,0.295,9.078596875,0,0,FW+HM+Aww,None,None,75.68700000000001,8.396,13.237,2.68,0.0,0.0,0.0,0.0,0.0,0.0,56.905,26.191,6.180000000000001,0.173,0.463,0.102,4.707,0.0,1.448,0.215,UJG,Fall,0.03501945525291829
4-22,17134.0,6.41,3.79,31.08,60.63,29.8,20.03,13.07,4.3,1.72,1.24,0.33,0.0,0.0,0.0,0.0,0.0,0.0,0.0,0.0,0.0,0.0,0.0,0.0,0.0,0.0,0.0,0.0,0.0,0.0,0.0,0.0,0.0,0.0,0.0,0.0,35.0,31.0,7.29,20.7,6.05,1.55,43.13,17.7,57.7,0.764,6.035000000000002,0,0,FW+HM+Aww,None,None,97.68900000000001,0.366,0.066,1.882,0.0,0.0,0.0,0.0,0.0,0.0,57.645,33.912,1.537,0.391,0.146,0.0,3.717,0.016,0.8939999999999999,0.245,UJG,Spring,0.024166263895601742
1-23,125697.0,4.83,0.2675,21.93,40.62,3.1,7.51,9.871,2.07,1.46,0.92,0.29,125697.0,6.57,0.7275,19.7,38.57,0.5,3.99,11.017,1.17,0.33,0.25,0.02,0.0,0.0,0.0,0.0,0.0,0.0,0.0,0.0,0.0,0.0,0.0,0.0,27.0,35.0,7.37,16.9,2.99,1.15,17.7,1.7,61.06,2.849,9.032386249999998,1,0,1SC,2SC,None,75.33800000000001,18.417,2.189,3.086,0.422,0.547,0.0,0.0,0.0,0.0,20.812,21.499,5.868,9.847999999999999,1.522,22.58,2.971,5.234,4.331,0.597,CGS,Summer,0.004321988114532685
2-23,125697.0,5.07,0.0268,19.17,28.41,2.0,7.24,8.253,2.6,1.36,0.83,0.32,125697.0,6.55,0.1473,16.45,21.69,0.5,4.62,8.283,1.62,0.02,0.01,0.0,46573.0,4.29,0.0,134.77,252.23,48.0,82.44,37.008,12.65,1.96,1.96,0.0,27.0,35.0,7.1,13.95,3.84,2.17,20.56,1.4,51.3,0.028,8.45795625,1,1,1SC,2SC,FW,77.208,20.638,0.215,1.94,0.0,0.0,0.0,0.0,0.0,0.0,10.139,18.866,12.626,3.285,0.375,43.377,3.584,3.478,1.955,0.237,CGS,Fall,0.04759071980963712
3-23,125697.0,5.54,0.7313,24.63,38.04,1.1,10.32,10.01,4.0,0.53,0.28,0.15,125697.0,6.6,0.5575,21.93,31.31,0.4,7.48,9.86,1.47,0.0,0.0,0.0,46573.0,3.8,,,,,,,,,,,27.0,35.0,7.25,18.25,6.21,1.6,25.66,0.3,51.4,4.019,14.025941125,1,1,1SC,2SC,FW,73.017,21.312,1.147,3.316,0.0,0.601,0.608,0.0,0.0,0.0,14.856,17.094,10.765,10.169,0.845,31.552,2.362,3.799,4.098,0.489,CGS,Winter,0.0
4-23,125697.0,4.84,0.0,33.33,54.83,1.6,28.67,15.1,0.7,1.02,0.42,0.34,125697.0,6.29,0.873,21.63,31.02,0.4,9.87,13.77,1.5,0.0,0.0,0.0,46573.0,3.74,,96.75,117.47,41.1,75.19,22.53,21.65,1.17,1.17,0.0,27.0,35.0,7.31,18.25,7.67,1.65,25.1,0.3,47.4,2.998,11.387812499999999,1,1,1SC,2SC,FW,88.369,11.214,0.19,0.0,0.169,0.056,0.0,0.0,0.0,0.0,19.574,26.335,9.629,8.372,2.038,17.132,1.179,3.009,3.936999999999999,2.303,CGS,Spring,0.0
1-24,39709.0,5.62,0.4909,23.67,36.19,1.7,5.06,4.569,4.68,1.0,0.15,0.53,0.0,0.0,0.0,0.0,0.0,0.0,0.0,0.0,0.0,0.0,0.0,0.0,0.0,0.0,0.0,0.0,0.0,0.0,0.0,0.0,0.0,0.0,0.0,0.0,34.0,36.0,7.26,9.35,2.75,1.33,13.6,1.5,63.9,1.689,5.33491375,0,0,1S,None,None,83.765,10.947,4.582,0.538,0.11,0.06,0.0,0.0,0.0,0.0,25.015,19.85,7.779000000000001,7.629,21.18,2.784,6.337000000000001,0.272,2.324,1.025,GHGa,Summer,0.02295081967213115
2-24,39709.0,5.16,0.0808,19.37,33.41,2.3,7.7,7.005,2.78,1.06,0.33,0.48,0.0,0.0,0.0,0.0,0.0,0.0,0.0,0.0,0.0,0.0,0.0,0.0,0.0,0.0,0.0,0.0,0.0,0.0,0.0,0.0,0.0,0.0,0.0,0.0,34.0,36.0,7.46,9.25,2.37,1.88,10.6,0.5,64.5,2.2,4.456625000000001,0,0,1S,None,None,78.237,15.819,3.978,1.966,0.0,0.0,0.0,0.0,0.0,0.0,25.375,20.128,5.952,8.129,18.719,1.624,8.062,0.357,1.64,1.275,GHGa,Fall,0.10268697586856065
3-24,39709.0,4.48,0.457,22.57,42.35,3.2,13.22,9.98,6.52,1.86,0.82,0.63,0.0,0.0,0.0,0.0,0.0,0.0,0.0,0.0,0.0,0.0,0.0,0.0,0.0,0.0,0.0,0.0,0.0,0.0,0.0,0.0,0.0,0.0,0.0,0.0,34.0,36.0,6.08,48.4,10.59,2.8,39.4,0.6,64.3,1.8,11.650145812499998,0,0,1S,None,None,74.882,15.372,8.806000000000001,0.746,0.194,0.0,0.0,0.0,0.0,0.0,30.81,14.922,11.418,4.825,21.522,1.495,8.624,0.301,2.001,0.344,GHGa,Winter,0.7387862796833774
1-25,100200.0,6.23,1.8301,6.97,11.12,0.1,2.72,2.958,0.68,0.0,0.0,0.0,0.0,0.0,0.0,0.0,0.0,0.0,0.0,0.0,0.0,0.0,0.0,0.0,0.0,0.0,0.0,0.0,0.0,0.0,0.0,0.0,0.0,0.0,0.0,0.0,34.0,36.0,7.62,25.42,9.68,2.28,44.79,3.7,63.9,1.689,19.367437499999998,0,0,2S,None,None,75.83500000000001,17.981,2.978,3.196,0.012,0.0,0.0,0.0,0.0,0.0,15.82,24.654,16.02,18.132,3.171,2.01,0.847,0.059,6.915999999999999,5.988,GHGb,Summer,0.0
2-25,100200.0,6.37,0.2555,46.5,34.83,0.3,16.97,25.11,3.48,0.0,0.0,0.0,0.0,0.0,0.0,0.0,0.0,0.0,0.0,0.0,0.0,0.0,0.0,0.0,0.0,0.0,0.0,0.0,0.0,0.0,0.0,0.0,0.0,0.0,0.0,0.0,34.0,36.0,8.01,23.68,7.68,3.15,34.67,2.6,64.5,2.2,15.978334375000003,0,0,2SC,None,None,79.748,16.826,1.46,1.965,0.0,0.0,0.0,0.0,0.0,0.0,17.138,21.343,3.548,19.092,4.109999999999999,6.049,0.9490000000000001,0.292,10.111,4.695,GHGb,Fall,0.0
3-25,100200.0,6.38,2.7,9.02,17.04,0.7,5.42,14.59,1.83,0.03,0.01,0.01,0.0,0.0,0.0,0.0,0.0,0.0,0.0,0.0,0.0,0.0,0.0,0.0,0.0,0.0,0.0,0.0,0.0,0.0,0.0,0.0,0.0,0.0,0.0,0.0,34.0,36.0,7.22,18.47,11.28,2.67,36.45,2.8,64.3,1.8,23.604370625000005,0,0,2SC,None,None,70.43299999999999,24.855,0.856,3.855,0.0,0.0,0.0,0.0,0.0,0.0,13.859,23.079,20.984,17.866,2.522,1.521,1.712,0.341,7.391,4.112,GHGb,Winter,0.002629157355067701
4-25,100200.0,6.11,2.535,29.13,70.3,1.1,9.61,24.27,3.1,1.92,0.68,0.42,0.0,0.0,0.0,0.0,0.0,0.0,0.0,0.0,0.0,0.0,0.0,0.0,0.0,0.0,0.0,0.0,0.0,0.0,0.0,0.0,0.0,0.0,0.0,0.0,34.0,36.0,7.75,18.45,5.99,2.15,29.79,2.3,66.1,2.15,10.647187499999996,0,0,2SC,None,None,74.77,21.601,0.119,3.508,0.0,0.0,0.0,0.0,0.0,0.0,16.798,16.048,28.465,18.359,3.042,1.276,1.121,0.274,4.77,4.494,GHGb,Spring,0.0
1-26,55277.0,4.95,1.6625,37.63,76.8,4.1,11.87,14.255,11.55,140.19,69.86,37.02,68891.0,8.49,5.7475,35.32,64.88,11.6,10.96,17.365,3.33,5.28,1.92,1.39,0.0,0.0,0.0,0.0,0.0,0.0,0.0,0.0,0.0,0.0,0.0,0.0,33.9,36.0,7.64,21.18,6.92,3.15,28.99,3.6,63.8,0.01015,11.121112499999999,1,0,(HM)1SC,2SC,None,92.62100000000001,0.408,5.212,1.03,0.729,0.0,0.0,0.0,0.0,0.0,51.07,33.368,0.012,3.484,0.07300000000000001,0.033,0.0,0.458,1.154,0.708,GHH,Summer,0.004685669660288949
2-26,124168.0,8.36,1.031,26.28,15.25,5.9,9.63,14.44,2.57,0.14,0.14,0.0,0.0,0.0,0.0,0.0,0.0,0.0,0.0,0.0,0.0,0.0,0.0,0.0,0.0,0.0,0.0,0.0,0.0,0.0,0.0,0.0,0.0,0.0,0.0,0.0,33.9,36.0,7.56,16.77,4.91,2.35,21.22,1.4,67.2,1.327,8.220262499999999,0,0,(HM)MSC,None,None,94.199,1.257,0.524,2.881,1.14,0.0,0.0,0.0,0.0,0.0,21.373,6.91,47.48,6.548,0.069,0.373,0.089,0.267,2.366,0.648,GHH,Fall,0.06286836935166995
3-26,124168.0,8.84,4.5433,25.83,49.44,9.9,12.56,31.77,3.92,0.04,0.04,0.0,0.0,0.0,0.0,0.0,0.0,0.0,0.0,0.0,0.0,0.0,0.0,0.0,0.0,0.0,0.0,0.0,0.0,0.0,0.0,0.0,0.0,0.0,0.0,0.0,33.9,36.0,7.76,16.93,10.81,3.23,40.61,2.6,64.3,1.796,16.8023475,0,0,(HM)MSC,None,None,88.794,1.917,1.916,6.618,0.753,0.0,0.0,0.0,0.0,0.0,35.174,14.107,18.905,9.701,0.054,0.165,0.223,1.948,3.516,3.435,GHH,Winter,0.005005840146837977
4-26,55277.0,5.0,1.6625,36.8,95.56,3.4,22.45,17.16,6.2,2.0,0.66,0.71,68891.0,7.85,5.7475,23.6,43.42,0.4,7.9,24.64,1.9,0.17,0.05,0.0,0.0,0.0,0.0,0.0,0.0,0.0,0.0,0.0,0.0,0.0,0.0,0.0,33.9,36.0,7.63,19.88,8.16,2.95,35.08,2.2,66.0,1.835,10.91875,1,0,(HM)1SC,2SC,None,95.343,0.818,0.351,3.021,0.466,0.0,0.0,0.0,0.0,0.0,33.034,11.895,29.94,6.403,0.107,0.148,0.029,0.88,3.247,1.758,GHH,Spring,0.0
1-27,25578.0,3.53,,81.43,184.61,119.8,38.22,25.816,6.93,0.07,0.07,0.0,0.0,0.0,0.0,0.0,0.0,0.0,0.0,0.0,0.0,0.0,0.0,0.0,0.0,0.0,0.0,0.0,0.0,0.0,0.0,0.0,0.0,0.0,0.0,0.0,25.0,38.0,7.73,17.85,2.71,1.4,38.08,13.0,59.84,0.1174,15.7637390625,0,0,Fww,None,None,88.14,1.431,7.412999999999999,3.016,0.0,0.0,0.0,0.0,0.0,0.0,58.406,30.248,6.138,0.136,0.02,0.152,0.734,0.066,1.68,0.014,GHJ,Summer,0.008471704506946799
2-27,25578.0,3.73,,79.72,176.28,94.4,5.76,27.632,10.18,3.94,3.5,0.39,0.0,0.0,0.0,0.0,0.0,0.0,0.0,0.0,0.0,0.0,0.0,0.0,0.0,0.0,0.0,0.0,0.0,0.0,0.0,0.0,0.0,0.0,0.0,0.0,25.0,38.0,8.1,16.02,22.76,2.18,25.83,6.8,59.34,0.0998,14.063587500000002,0,0,Fww,None,None,80.833,3.085,9.704,6.38,0.0,0.0,0.0,0.0,0.0,0.0,67.243,28.136,1.598,0.153,0.0,0.065,0.123,0.034,1.221,0.0,GHJ,Fall,0.051863857374392225
3-27,25578.0,3.41,,76.13,141.24,91.9,25.24,18.49,8.555,3.02,3.02,0.0,0.0,0.0,0.0,0.0,0.0,0.0,0.0,0.0,0.0,0.0,0.0,0.0,0.0,0.0,0.0,0.0,0.0,0.0,0.0,0.0,0.0,0.0,0.0,0.0,25.0,38.0,7.92,16.47,2.71,1.79,31.39,7.4,61.22,0.0726,17.332223000000003,0,0,Fww,None,None,83.778,0.0,2.883,13.339,0.0,0.0,0.0,0.0,0.0,0.0,63.535,25.563,7.884,0.0,0.023,0.02,1.042,0.261,1.156,0.0,GHJ,Winter,0.0
4-27,25578.0,3.41,,78.55,197.72,128.6,35.15,24.69,10.45,3.87,3.87,0.0,0.0,0.0,0.0,0.0,0.0,0.0,0.0,0.0,0.0,0.0,0.0,0.0,0.0,0.0,0.0,0.0,0.0,0.0,0.0,0.0,0.0,0.0,0.0,0.0,25.0,38.0,7.76,17.08,6.72,2.55,28.69,6.8,59.46,0.1124,16.572500000000005,0,0,Fww,None,None,89.748,0.342,0.0,9.911000000000001,0.0,0.0,0.0,0.0,0.0,0.0,63.504,27.01,6.601,0.0,0.0,0.016,0.544,0.217,1.072,0.0,GHJ,Spring,0.0
1-28,23843.0,6.08,3.491,46.23,171.65,120.1,8.32,2.773,4.9,1.43,0.47,0.14,0.0,0.0,0.0,0.0,0.0,0.0,0.0,0.0,0.0,0.0,0.0,0.0,0.0,0.0,0.0,0.0,0.0,0.0,0.0,0.0,0.0,0.0,0.0,0.0,35.0,35.0,8.14,11.6,3.12,1.15,20.64,4.9,68.2,0.0,12.408421875000004,0,0,FW+Aww,None,None,86.969,3.34,3.951,5.379,0.199,0.044,0.118,0.0,0.0,0.0,53.693,32.778,6.372,0.51,0.206,0.036,1.844,0.0,1.57,0.252,MYS,Summer,0.0019928258270227183
2-28,23843.0,6.25,1.23,24.47,60.55,27.4,6.21,9.772,2.9,11.0,3.61,2.37,0.0,0.0,0.0,0.0,0.0,0.0,0.0,0.0,0.0,0.0,0.0,0.0,0.0,0.0,0.0,0.0,0.0,0.0,0.0,0.0,0.0,0.0,0.0,0.0,35.0,35.0,8.09,6.68,1.15,0.88,7.88,2.5,66.8,0.001,3.7635,0,0,FW+Aww,None,None,82.532,12.576,0.027,4.297000000000001,0.081,0.0,0.486,0.0,0.0,0.0,1.737,0.421,0.232,93.509,0.215,0.629,0.0,0.0,0.254,2.301,MYS,Fall,0.04539522215286841
3-28,23843.0,5.15,3.262,61.45,110.5,43.5,51.25,25.28,11.3,4.47,2.57,0.72,0.0,0.0,0.0,0.0,0.0,0.0,0.0,0.0,0.0,0.0,0.0,0.0,0.0,0.0,0.0,0.0,0.0,0.0,0.0,0.0,0.0,0.0,0.0,0.0,35.0,35.0,8.07,9.52,2.77,2.07,18.63,3.4,63.9,3.297,8.887122125,0,0,FW+Aww,None,None,81.68,12.861,0.097,4.709,0.075,0.06,0.517,0.0,0.0,0.0,61.532,24.548,8.128,0.313,0.222,0.026,1.771,0.015,1.192,0.06,MYS,Winter,0.0034322979234597565
4-28,23843.0,6.97,6.2625,39.58,97.65,38.4,17.03,15.38,7.0,4.79,2.08,0.61,0.0,0.0,0.0,0.0,0.0,0.0,0.0,0.0,0.0,0.0,0.0,0.0,0.0,0.0,0.0,0.0,0.0,0.0,0.0,0.0,0.0,0.0,0.0,0.0,35.0,35.0,8.07,12.35,4.07,1.95,20.04,3.7,68.4,2.509,9.452500000000002,0,0,FW+Aww,None,None,93.533,3.641,0.188,2.638,0.0,0.0,0.0,0.0,0.0,0.0,61.927,19.103,12.929,0.335,0.132,0.0,1.221,0.0,0.415,0.109,MYS,Spring,0.0
1-29,5978.0,6.65,1.496,26.28,29.58,0.3,7.06,9.957,5.75,0.01,0.01,0.0,9254.0,6.35,0.966,32.15,69.83,3.8,17.55,16.249,2.9,28.81,13.71,4.3,29881.0,4.13,,148.01,72.67,44.3,91.52,65.036,10.25,0.18,0.13,0.03,61.0,35.3,7.02,16.27,4.73,1.5,18.15,3.6,56.9,0.0064,5.315106249999999,1,1,(HM)1SC,2SC,Fww,75.159,19.946,1.958,1.758,0.529,0.649,0.0,0.0,0.0,0.0,14.659,30.022,11.375,9.781,6.663,6.928999999999999,0.8530000000000001,1.873,7.866000000000001,1.201,SCH,Summer,0.02372479240806643
2-29,5978.0,6.4,1.09,23.55,37.82,3.6,4.01,27.797,2.4,5.8,4.46,0.77,9254.0,6.35,0.966,32.15,69.83,3.8,17.55,16.249,2.9,28.81,13.71,4.3,29881.0,3.96,,44.15,100.23,22.1,5.88,14.608,49.63,1.15,0.57,0.26,61.0,35.3,6.31,23.55,3.14,4.43,38.35,0.5,61.9,1.318,8.66924,1,1,(HM)1SC,2SC,Fww,80.351,15.448,0.164,2.241,0.354,1.41,0.0,0.0,0.0,0.0,21.108,28.285,0.667,24.764,3.556,0.143,1.652,0.057,0.937,0.5569999999999999,SCH,Fall,0.002577319587628866
3-29,5978.0,5.69,1.116,29.03,50.07,3.1,13.14,13.62,8.7,0.0,0.0,0.0,9254.0,6.07,2.09,38.3,83.96,8.1,20.14,14.45,0.0,0.16,0.0,0.0,29881.0,3.99,0.0,42.78,84.66,36.7,19.16,15.43,0.0,0.94,0.94,0.0,61.0,35.3,6.63,15.67,5.82,1.65,22.36,0.9,64.0,1.839,8.1219178125,1,1,(HM)1SC,2SC,Fww,81.72200000000001,14.799,0.21,1.652,0.42,1.198,0.0,0.0,0.0,0.0,20.766,33.029,5.897,5.058,5.73,8.981,2.431,2.195,7.422,1.378,SCH,Winter,0.0
4-29,5978.0,5.85,0.685,25.6,34.54,2.1,8.17,11.75,2.85,0.0,0.0,0.0,9254.0,6.36,0.804,44.65,71.95,6.9,14.84,29.99,3.05,0.0,0.0,0.0,29881.0,3.89,,57.2,111.23,48.2,15.84,18.0,22.05,1.44,1.14,0.0,61.0,35.3,7.08,19.3,11.41,1.45,22.81,0.9,63.7,1.867,17.37375,1,1,(HM)1SC,2SC,Fww,81.28999999999999,17.474,0.0,0.847,0.0,0.389,0.0,0.0,0.0,0.0,23.697,32.618,5.845,3.303,6.447,11.857,1.056,1.737,6.592,1.047,SCH,Spring,0.0
1-30,90274.0,6.13,0.462,5.4,29.32,0.7,0.8,2.469,0.47,17.58,9.18,3.65,104315.0,6.39,1.886,40.28,62.28,0.6,2.15,24.258,2.2,0.9,0.51,0.17,0.0,0.0,0.0,0.0,0.0,0.0,0.0,0.0,0.0,0.0,0.0,0.0,24.8,35.0,7.18,15.47,7.71,1.5,23.7,1.2,65.4,0.284,8.121207499999999,1,0,(HM)1SC,2SC,None,66.938,25.549,3.398,3.859,0.095,0.0,0.0,0.0,0.0,0.0,10.144,20.728,21.259,17.672,3.915,5.595,8.181,0.322,1.593,2.279,YSD,Summer,0.0
2-30,194589.0,6.25,0.167,26.88,49.63,0.8,3.04,29.201,5.23,0.01,0.01,0.0,0.0,0.0,0.0,0.0,0.0,0.0,0.0,0.0,0.0,0.0,0.0,0.0,0.0,0.0,0.0,0.0,0.0,0.0,0.0,0.0,0.0,0.0,0.0,0.0,24.8,35.0,7.31,18.75,10.51,3.72,30.77,7.7,65.0,0.0,12.21485,0,0,(HM)MSC,None,None,58.433,37.236,0.6829999999999999,3.649,0.0,0.0,0.0,0.0,0.0,0.0,11.865,32.774,11.46,16.745,4.909,2.742,1.737,0.923,4.768,4.027,YSD,Fall,0.00919709371838499
3-30,194589.0,7.53,6.882,20.53,38.04,1.7,9.75,9.31,2.27,0.0,0.0,0.0,0.0,0.0,0.0,0.0,0.0,0.0,0.0,0.0,0.0,0.0,0.0,0.0,0.0,0.0,0.0,0.0,0.0,0.0,0.0,0.0,0.0,0.0,0.0,0.0,24.8,35.0,7.62,19.7,10.54,2.27,38.24,2.1,61.3,0.003,16.82478925,0,0,(HM)MSC,None,None,84.118,12.971,0.0,2.912,0.0,0.0,0.0,0.0,0.0,0.0,17.402,19.225,10.553,23.4,5.562,3.086,2.977,0.608,5.18,6.026,YSD,Winter,0.0
4-30,194589.0,6.19,0.316,66.12,89.44,4.0,30.15,46.14,1.7,0.0,0.0,0.0,0.0,0.0,0.0,0.0,0.0,0.0,0.0,0.0,0.0,0.0,0.0,0.0,0.0,0.0,0.0,0.0,0.0,0.0,0.0,0.0,0.0,0.0,0.0,0.0,24.8,35.0,7.62,18.4,11.65,2.95,29.9,1.6,62.5,0.038,16.243124999999996,0,0,(HM)MSC,None,None,82.098,14.874,0.0,3.029,0.0,0.0,0.0,0.0,0.0,0.0,17.775,29.904,7.172000000000001,19.599,7.234000000000001,1.921,3.562,0.366,0.8089999999999999,4.787,YSD,Spring,0.0
1-31,40415.0,5.25,3.496,35.1,72.01,36.0,8.71,12.875,2.55,0.02,0.02,0.0,0.0,0.0,0.0,0.0,0.0,0.0,0.0,0.0,0.0,0.0,0.0,0.0,0.0,0.0,0.0,0.0,0.0,0.0,0.0,0.0,0.0,0.0,0.0,0.0,30.0,41.2,7.77,13.35,2.28,1.8,27.94,5.0,68.1,0.06,12.875100000000003,0,0,FW+Aww,None,None,94.64599999999999,0.124,3.679,1.11,0.045,0.397,0.0,0.0,0.0,0.0,55.525,35.45099999999999,6.786,0.072,0.127,0.0,0.406,0.0,1.13,0.031,YSY,Summer,0.0018563207722294415
2-31,40415.0,4.97,0.148,49.1,101.12,41.9,6.59,14.856,10.48,6.99,3.01,0.51,0.0,0.0,0.0,0.0,0.0,0.0,0.0,0.0,0.0,0.0,0.0,0.0,0.0,0.0,0.0,0.0,0.0,0.0,0.0,0.0,0.0,0.0,0.0,0.0,30.0,41.2,7.49,18.1,18.24,4.08,36.72,9.6,65.8,0.109,10.36611875,0,0,FW+Aww,None,None,83.696,0.198,3.068,13.038,0.0,0.0,0.0,0.0,0.0,0.0,61.279,32.048,1.086,0.05,0.0,0.078,3.474,0.0,1.629,0.037,YSY,Fall,1.9277815833251786
3-31,40415.0,4.56,2.114,46.92,103.92,40.7,12.56,14.89,11.98,3.36,2.32,0.37,0.0,0.0,0.0,0.0,0.0,0.0,0.0,0.0,0.0,0.0,0.0,0.0,0.0,0.0,0.0,0.0,0.0,0.0,0.0,0.0,0.0,0.0,0.0,0.0,30.0,41.2,7.55,20.03,4.92,3.62,37.89,10.9,66.3,0.106,11.498463437500003,0,0,FW+Aww,None,None,90.802,0.069,0.218,8.872,0.04,0.0,0.0,0.0,0.0,0.0,62.024,22.024,12.632,0.062,0.023,0.041,2.227,0.0,0.461,0.1,YSY,Winter,0.052702184745113075
4-31,40415.0,5.44,6.052,47.95,100.36,39.3,22.74,16.94,10.1,8.61,2.31,1.61,0.0,0.0,0.0,0.0,0.0,0.0,0.0,0.0,0.0,0.0,0.0,0.0,0.0,0.0,0.0,0.0,0.0,0.0,0.0,0.0,0.0,0.0,0.0,0.0,30.0,41.2,7.4,24.65,8.66,5.35,56.69,16.3,62.4,0.109,9.6675,0,0,FW+Aww,None,None,87.864,0.256,0.083,11.796,0.0,0.0,0.0,0.0,0.0,0.0,50.182,35.92599999999999,9.757,0.0,0.179,0.0,2.604,0.0,0.681,0.037,YSY,Spring,0.3226404598553681
1-32,261716.0,5.88,0.579,20.97,48.62,4.2,9.79,10.26,0.0,0.46,0.15,0.18,0.0,0.0,0.0,0.0,0.0,0.0,0.0,0.0,0.0,0.0,0.0,0.0,0.0,0.0,0.0,0.0,0.0,0.0,0.0,0.0,0.0,0.0,0.0,0.0,16.6,37.0,7.25,16.35,5.44,0.0,27.91,3.4,63.3,0.0014,8.801268125,0,0,(HM)MSC,None,None,74.401,16.065,3.146,5.623,0.655,0.11,0.0,0.0,0.0,0.0,10.758,16.244,19.208,12.337,7.354,2.359,10.756,2.125,1.507,1.142,JJN,Summer,0.0736842105263158
2-32,261716.0,5.4,0.74,28.9,62.21,3.2,11.72,13.799,4.28,1.29,0.58,0.39,0.0,0.0,0.0,0.0,0.0,0.0,0.0,0.0,0.0,0.0,0.0,0.0,0.0,0.0,0.0,0.0,0.0,0.0,0.0,0.0,0.0,0.0,0.0,0.0,16.6,37.0,7.28,16.02,3.71,2.35,33.19,1.2,60.4,0.455,10.415634375,0,0,(HM)MSC,None,None,76.649,17.697,0.624,4.023,0.0,1.006,0.0,0.0,0.0,0.0,15.325,21.036,15.072,12.449,6.631,2.92,8.857000000000001,1.477,1.495,1.196,JJN,Fall,0.017094017094017096
3-32,261716.0,5.84,0.776,20.32,37.7,1.6,12.34,11.91,4.45,0.06,0.0,0.0,0.0,0.0,0.0,0.0,0.0,0.0,0.0,0.0,0.0,0.0,0.0,0.0,0.0,0.0,0.0,0.0,0.0,0.0,0.0,0.0,0.0,0.0,0.0,0.0,16.6,37.0,7.46,20.5,8.84,3.05,33.17,1.7,64.7,0.768,12.3931109375,0,0,(HM)MSC,None,None,80.329,15.692,0.093,3.827,0.058,0.0,0.0,0.0,0.0,0.0,13.996,17.957,29.397,11.389,4.976,2.615,5.349,1.588,2.312,1.16,JJN,Winter,0.0
4-32,261716.0,5.27,0.878,25.98,54.21,2.3,10.28,13.18,2.5,0.66,0.31,0.15,0.0,0.0,0.0,0.0,0.0,0.0,0.0,0.0,0.0,0.0,0.0,0.0,0.0,0.0,0.0,0.0,0.0,0.0,0.0,0.0,0.0,0.0,0.0,0.0,16.6,37.0,7.26,17.58,3.705,2.3,31.05,1.6,64.2,1.061,14.192187499999998,0,0,(HM)MSC,None,None,75.751,19.192,0.0,5.057,0.0,0.0,0.0,0.0,0.0,0.0,15.1,21.854,26.546,8.447,6.54,1.347,3.571,3.811,1.83,2.038,JJN,Spring,0.025761124121779864
3-32',26626.0,5.58,7.338,24.67,91.2,64.1,3.7,10.04,3.98,6.550555555555556,1.5455555555555556,0.5633333333333334,0.0,0.0,0.0,0.0,0.0,0.0,0.0,0.0,0.0,0.0,0.0,0.0,0.0,0.0,0.0,0.0,0.0,0.0,0.0,0.0,0.0,0.0,0.0,0.0,8.96,29.5,5.78,26.73,6.3,7.17,95.05,65.3,9.2,3.158,12.79587875,0,0,Fww,None,None,74.929,0.0,12.354,11.153,0.414,0.0,0.0,0.0,0.353,0.797,46.626,12.985,0.018,5.031,0.0,0.0,0.032,0.0,0.042,35.139,JJY,Winter,0.8351194875585123
4-32',26626.0,6.26,9.004,41.4,132.3,5.4,3.2,7.66,11.7,9.07,2.14,0.78,0.0,0.0,0.0,0.0,0.0,0.0,0.0,0.0,0.0,0.0,0.0,0.0,0.0,0.0,0.0,0.0,0.0,0.0,0.0,0.0,0.0,0.0,0.0,0.0,8.96,29.5,5.8,99.9,5.45,48.05,237.75,12.1,36.6,4.898,18.154375,0,0,Fww,None,None,90.766,4.012,3.37,1.476,0.375,0.0,0.0,0.0,0.0,0.0,39.438,30.276,0.012,15.77,0.0,0.0,0.127,0.0,0.04,13.924,JJY,Spring,1.1522315510384447
1-33,414670.0,5.51,0.2499,7.43,23.68,1.3,1.5,3.783,1.25,0.44,0.4,0.01,0.0,0.0,0.0,0.0,0.0,0.0,0.0,0.0,0.0,0.0,0.0,0.0,0.0,0.0,0.0,0.0,0.0,0.0,0.0,0.0,0.0,0.0,0.0,0.0,20.0,36.0,6.7,3.6,1.29,0.0,4.08,0.3,58.5,0.0,2.608034375,0,0,(HM+Aww)1SC,None,None,48.682,14.992,8.203,1.864,1.19,25.006,0.0,0.05400000000000001,0.0,0.0,3.171,10.87,10.656,10.172,11.522,2.186,1.765,32.859,1.574,2.158,CWM,Summer,0.006896551724137932
2-33,414670.0,6.76,0.2013,9.17,24.42,1.2,2.8,16.206,0.97,0.02,0.01,0.0,0.0,0.0,0.0,0.0,0.0,0.0,0.0,0.0,0.0,0.0,0.0,0.0,0.0,0.0,0.0,0.0,0.0,0.0,0.0,0.0,0.0,0.0,0.0,0.0,20.0,36.0,6.95,12.37,1.96,1.4,29.38,0.2,58.5,0.003,16.077381250000002,0,0,(HM+Aww)1SC,None,None,37.149,9.85,46.979,3.078,0.8180000000000001,2.127,0.0,0.0,0.0,0.0,3.51,16.091,0.315,12.45,12.202,2.172,0.752,32.382,0.921,2.008,CWM,Fall,0.043233895373973194
3-33,414670.0,6.1,0.296,7.92,11.29,0.1,3.79,6.73,0.22,0.0,0.0,0.0,0.0,0.0,0.0,0.0,0.0,0.0,0.0,0.0,0.0,0.0,0.0,0.0,0.0,0.0,0.0,0.0,0.0,0.0,0.0,0.0,0.0,0.0,0.0,0.0,20.0,36.0,6.73,8.47,3.31,1.35,14.85,0.3,54.0,0.031,8.236111000000001,0,0,(HM+Aww)1SC,None,None,72.663,15.355,0.631,2.556,0.748,7.970000000000001,0.0,0.078,0.0,0.0,4.502,11.792,1.946,9.025,12.254,3.273,1.169,31.043,2.386,1.701,CWM,Winter,0.0
4-33,414670.0,6.47,0.2525,7.75,10.89,0.1,2.79,8.54,1.05,0.0,0.0,0.0,0.0,0.0,0.0,0.0,0.0,0.0,0.0,0.0,0.0,0.0,0.0,0.0,0.0,0.0,0.0,0.0,0.0,0.0,0.0,0.0,0.0,0.0,0.0,0.0,20.0,36.0,6.98,9.85,3.15,0.9,16.94,0.3,65.9,2.027,9.0787625,0,0,(HM+Aww)1SC,None,None,85.545,11.173,0.0,2.004,0.383,0.895,0.0,0.0,0.0,0.0,10.424,30.018,3.082,11.889,5.762,1.504,1.493,18.571,4.246,1.339,CWM,Spring,0.0
1-34,20518.0,3.72,,42.7,101.31,49.2,12.06,15.965,8.8,22.48,21.19,0.59,0.0,0.0,0.0,0.0,0.0,0.0,0.0,0.0,0.0,0.0,0.0,0.0,0.0,0.0,0.0,0.0,0.0,0.0,0.0,0.0,0.0,0.0,0.0,0.0,35.0,37.0,7.8,9.42,1.83,1.25,18.17,4.3,61.3,0.01534,8.154240625,0,0,Fww,None,None,86.46,10.828,1.819,0.756,0.0,0.138,0.0,0.0,0.0,0.0,46.329,31.313,17.2,0.134,0.3070000000000001,0.223,0.476,0.381,2.474,0.142,CWS,Summer,0.10320815717483213
2-34,20518.0,3.71,,11.0,134.43,55.9,2.39,12.545,12.07,3.44,3.32,0.11,0.0,0.0,0.0,0.0,0.0,0.0,0.0,0.0,0.0,0.0,0.0,0.0,0.0,0.0,0.0,0.0,0.0,0.0,0.0,0.0,0.0,0.0,0.0,0.0,35.0,37.0,7.57,3.27,11.23,1.25,27.03,3.5,64.2,0.769,6.734665625000001,0,0,Fww,None,None,88.149,9.012,0.586,1.728,0.0,0.525,0.0,0.0,0.0,0.0,51.075,34.075,10.294,0.083,0.101,0.452,1.192,0.158,1.796,0.264,CWS,Fall,0.21803182086034176
3-34,20518.0,3.81,,34.77,68.7,20.1,27.31,12.39,7.9,1.84,1.84,0.0,0.0,0.0,0.0,0.0,0.0,0.0,0.0,0.0,0.0,0.0,0.0,0.0,0.0,0.0,0.0,0.0,0.0,0.0,0.0,0.0,0.0,0.0,0.0,0.0,35.0,37.0,7.57,7.87,1.7,0.98,12.24,2.7,65.3,0.00364,7.034428375000001,0,0,Fww,None,None,76.321,21.429,1.275,0.162,0.0,0.812,0.0,0.0,0.0,0.0,41.485,38.681,9.782,0.118,0.351,0.308,2.48,0.606,2.055,2.793,CWS,Winter,0.005389019872010778
4-34,20518.0,3.64,,46.48,115.32,33.7,20.57,14.95,11.7,1.74,1.74,0.0,0.0,0.0,0.0,0.0,0.0,0.0,0.0,0.0,0.0,0.0,0.0,0.0,0.0,0.0,0.0,0.0,0.0,0.0,0.0,0.0,0.0,0.0,0.0,0.0,35.0,37.0,7.35,9.95,1.47,1.65,13.08,2.9,63.4,0.726,14.254375,0,0,Fww,None,None,84.711,10.797,0.0,2.927,0.037,1.528,0.0,0.0,0.0,0.0,35.067,49.11,0.722,0.011,0.55,0.689,2.398,1.572,1.778,4.268000000000001,CWS,Spring,0.0
