Model,candidate,scope,params,MCC_warning_acid_base_balance,AUPR_warning_acid_base_balance,MCC_warning_buffer_capacity,AUPR_warning_buffer_capacity,MCC_warning_acid_accumulation,AUPR_warning_acid_accumulation,MCC_warning_ammonia_toxicity,AUPR_warning_ammonia_toxicity,MCC_warning_biogas_quality,AUPR_warning_biogas_quality,Macro_MCC,Macro_AUPR,AUPR_evaluable_labels,Micro_AUPR
RandomForest,0,fold_1,"{""n_estimators"": 300, ""min_samples_leaf"": 5, ""max_features"": 0.5, ""max_depth"": null}",-0.06286946134619315,0.30952380952380953,0.0,0.08514492753623187,0.0,,0.7,0.9166666666666666,0.0,0.041666666666666664,0.12742610773076138,0.3382505175983437,4,0.4799475230639185
RandomForest,0,fold_2,"{""n_estimators"": 300, ""min_samples_leaf"": 5, ""max_features"": 0.5, ""max_depth"": null}",-0.07308816827558576,0.24873737373737373,0.0,0.15,0.0,0.08333333333333333,0.6642111641550715,0.5,0.0,0.17513227513227514,0.11822459917589716,0.23144059644059647,5,0.21044587100082088
RandomForest,0,fold_3,"{""n_estimators"": 300, ""min_samples_leaf"": 5, ""max_features"": 0.5, ""max_depth"": null}",0.0,0.13095238095238093,0.0,0.06666666666666667,0.0,,0.0,1.0,0.0,,0.0,0.3992063492063492,3,0.544654304029304
RandomForest,0,fold_4,"{""n_estimators"": 300, ""min_samples_leaf"": 5, ""max_features"": 0.5, ""max_depth"": null}",0.0,0.6984126984126984,0.0,0.09126984126984126,0.0,0.55,0.8921425711997711,0.8734126984126983,0.0,,0.17842851423995423,0.5532738095238096,4,0.6157211913769292
RandomForest,0,fold_5,"{""n_estimators"": 300, ""min_samples_leaf"": 5, ""max_features"": 0.5, ""max_depth"": null}",0.5110997067272864,0.6428571428571428,0.0,0.0625,0.0,,0.5504818825631803,0.4797979797979798,0.0,0.05,0.21231631785809335,0.3087887806637806,4,0.4120936957859356
RandomForest,0,pooled_OOF,"{""n_estimators"": 300, ""min_samples_leaf"": 5, ""max_features"": 0.5, ""max_depth"": null}",0.18167710195908077,0.2876263418914681,0.0,0.05571593389551275,0.0,0.03514833790063148,0.5766747350855141,0.596078558966397,0.0,0.0338458213981388,0.15167036740891898,0.20168299881042961,5,0.3620322784631287
RandomForest,1,fold_1,"{""n_estimators"": 300, ""min_samples_leaf"": 1, ""max_features"": ""sqrt"", ""max_depth"": 6}",0.0,0.5,0.0,0.18382352941176472,0.0,,0.26967994498529685,0.7291666666666666,0.0,0.041666666666666664,0.05393598899705937,0.36366421568627455,4,0.4938677501835396
RandomForest,1,fold_2,"{""n_estimators"": 300, ""min_samples_leaf"": 1, ""max_features"": ""sqrt"", ""max_depth"": 6}",0.0,0.4714646464646465,0.0,0.2361111111111111,0.0,0.16666666666666666,0.6871842709362768,0.75,0.0,0.35555555555555557,0.13743685418725535,0.39595959595959596,5,0.3257588632445612
RandomForest,1,fold_3,"{""n_estimators"": 300, ""min_samples_leaf"": 1, ""max_features"": ""sqrt"", ""max_depth"": 6}",0.0,0.09728506787330317,0.0,0.05,0.0,,0.0,1.0,0.0,,0.0,0.3824283559577677,3,0.5466161220717973
RandomForest,1,fold_4,"{""n_estimators"": 300, ""min_samples_leaf"": 1, ""max_features"": ""sqrt"", ""max_depth"": 6}",0.0,0.8055555555555556,0.0,0.08680555555555555,0.0,0.1,0.7637626158259734,0.976190476190476,0.0,,0.15275252316519466,0.49213789682539677,4,0.681215584102908
RandomForest,1,fold_5,"{""n_estimators"": 300, ""min_samples_leaf"": 1, ""max_features"": ""sqrt"", ""max_depth"": 6}",0.0,0.6071428571428572,0.0,0.058823529411764705,0.0,,0.5003702332976756,0.5634920634920635,0.0,0.047619047619047616,0.10007404665953512,0.31926937441643327,4,0.46213304239620034
RandomForest,1,pooled_OOF,"{""n_estimators"": 300, ""min_samples_leaf"": 1, ""max_features"": ""sqrt"", ""max_depth"": 6}",0.0,0.409919191277826,0.0,0.06278120187062493,0.0,0.027872433377020535,0.46262923019925517,0.6388618362790868,0.0,0.05367847230807059,0.09252584603985103,0.23862262702252574,5,0.42750556131880724
RandomForest,2,fold_1,"{""n_estimators"": 150, ""min_samples_leaf"": 3, ""max_features"": ""sqrt"", ""max_depth"": null}",0.0,0.41666666666666663,0.0,0.2976190476190476,0.0,,0.7,0.8125,0.0,0.047619047619047616,0.13999999999999999,0.39360119047619047,4,0.5437395241590985
RandomForest,2,fold_2,"{""n_estimators"": 150, ""min_samples_leaf"": 3, ""max_features"": ""sqrt"", ""max_depth"": null}",0.1304372986874877,0.4714646464646465,0.0,0.3611111111111111,0.0,0.07692307692307693,0.7921180343813395,1.0,0.0,0.2528138528138528,0.18451106661376543,0.43246253746253743,5,0.3863494160692926
RandomForest,2,fold_3,"{""n_estimators"": 150, ""min_samples_leaf"": 3, ""max_features"": ""sqrt"", ""max_depth"": null}",0.0,0.09453781512605042,0.0,0.043478260869565216,0.0,,0.0,0.9666666666666666,0.0,,0.0,0.3682275808874274,3,0.5565478077724433
RandomForest,2,fold_4,"{""n_estimators"": 150, ""min_samples_leaf"": 3, ""max_features"": ""sqrt"", ""max_depth"": null}",0.0,0.8055555555555556,0.0,0.0900735294117647,0.0,0.21666666666666667,0.7619047619047619,0.976190476190476,0.0,,0.15238095238095237,0.5221215569561157,4,0.6941005485742326
RandomForest,2,fold_5,"{""n_estimators"": 150, ""min_samples_leaf"": 3, ""max_features"": ""sqrt"", ""max_depth"": null}",0.4646601886422926,0.6178571428571429,0.0,0.06666666666666667,0.0,,0.5504818825631803,0.4766233766233766,0.0,0.045454545454545456,0.20302841424109458,0.3016504329004329,4,0.4275539062344561
RandomForest,2,pooled_OOF,"{""n_estimators"": 150, ""min_samples_leaf"": 3, ""max_features"": ""sqrt"", ""max_depth"": null}",0.2053160429041686,0.40405036941548095,0.0,0.07734197255821731,0.0,0.024930614447613908,0.5602238198962322,0.623102547826901,0.0,0.04908183200937166,0.15310797256008016,0.23570146725151703,5,0.42085853711090354
RandomForest,3,fold_1,"{""n_estimators"": 150, ""min_samples_leaf"": 1, ""max_features"": 0.5, ""max_depth"": null}",0.0,0.225,0.0,0.08712121212121213,0.0,,0.4662524041201569,0.7678571428571428,0.0,0.041666666666666664,0.09325048082403138,0.2804112554112554,4,0.40915897827662534
RandomForest,3,fold_2,"{""n_estimators"": 150, ""min_samples_leaf"": 1, ""max_features"": 0.5, ""max_depth"": null}",-0.22360679774997896,0.2556818181818181,0.0,0.2,0.0,0.125,0.3217979514674192,0.5,0.0,0.2435897435897436,0.019638230743488045,0.26485431235431234,5,0.23317971066228904
RandomForest,3,fold_3,"{""n_estimators"": 150, ""min_samples_leaf"": 1, ""max_features"": 0.5, ""max_depth"": null}",0.0,0.11490683229813664,0.0,0.16666666666666666,0.0,,0.0,1.0,0.0,,0.0,0.4271911663216011,3,0.5404699934240607
RandomForest,3,fold_4,"{""n_estimators"": 150, ""min_samples_leaf"": 1, ""max_features"": 0.5, ""max_depth"": null}",0.0,0.6984126984126984,0.0,0.1,0.0,0.1,0.629940788348712,0.8734126984126983,0.0,,0.12598815766974242,0.4429563492063492,4,0.5892270549962857
RandomForest,3,fold_5,"{""n_estimators"": 150, ""min_samples_leaf"": 1, ""max_features"": 0.5, ""max_depth"": null}",0.0,0.5381944444444444,0.0,0.06666666666666667,0.0,,0.6573421981221795,0.4434920634920635,0.0,0.043478260869565216,0.1314684396244359,0.27295785886818497,4,0.39828318309271327
RandomForest,3,pooled_OOF,"{""n_estimators"": 150, ""min_samples_leaf"": 1, ""max_features"": 0.5, ""max_depth"": null}",-0.06720311399563683,0.2624539609747555,0.0,0.06301129001817075,0.0,0.02575603126061842,0.45351079576889725,0.576668647502417,0.0,0.056150821655408814,0.07726153635465208,0.1968081502822741,5,0.3582657777517873
RandomForest,4,fold_1,"{""n_estimators"": 150, ""min_samples_leaf"": 5, ""max_features"": ""sqrt"", ""max_depth"": 6}",-0.06286946134619315,0.5,0.0,0.175,0.0,,0.7,0.875,0.0,0.05263157894736842,0.12742610773076138,0.4006578947368421,4,0.5533863613573758
RandomForest,4,fold_2,"{""n_estimators"": 150, ""min_samples_leaf"": 5, ""max_features"": ""sqrt"", ""max_depth"": 6}",-0.015430334996209192,0.33247863247863246,0.0,0.25,0.0,0.1,0.6642111641550715,1.0,0.0,0.21666666666666667,0.12975616583177246,0.3798290598290598,5,0.34845773848723033
RandomForest,4,fold_3,"{""n_estimators"": 150, ""min_samples_leaf"": 5, ""max_features"": ""sqrt"", ""max_depth"": 6}",0.0,0.09453781512605042,0.0,0.047619047619047616,0.0,,0.5855400437691199,0.925,0.0,,0.11710800875382399,0.355718954248366,3,0.5555439999780329
RandomForest,4,fold_4,"{""n_estimators"": 150, ""min_samples_leaf"": 5, ""max_features"": ""sqrt"", ""max_depth"": 6}",0.5461186812727502,0.7555555555555555,0.0,0.09583333333333333,0.0,0.5833333333333334,0.8921425711997711,0.976190476190476,0.0,,0.28765225049450427,0.6027281746031745,4,0.6928111800740275
RandomForest,4,fold_5,"{""n_estimators"": 150, ""min_samples_leaf"": 5, ""max_features"": ""sqrt"", ""max_depth"": 6}",0.693687975619296,0.6916666666666667,0.0,0.0625,0.0,,0.5504818825631803,0.4459090909090909,0.0,0.05263157894736842,0.24883397163649526,0.3131768341307815,4,0.40670879386767805
RandomForest,4,pooled_OOF,"{""n_estimators"": 150, ""min_samples_leaf"": 5, ""max_features"": ""sqrt"", ""max_depth"": 6}",0.32422581701513675,0.3942914687883728,0.0,0.06281924099665313,0.0,0.03398647128763778,0.6460298245536128,0.6071245763792554,0.0,0.04016785970378063,0.1940511283137499,0.22767792343113996,5,0.4072891586547036
RandomForest,5,fold_1,"{""n_estimators"": 300, ""min_samples_leaf"": 1, ""max_features"": 0.5, ""max_depth"": null}",0.0,0.25757575757575757,0.0,0.08893280632411067,0.0,,0.674199862463242,0.7678571428571428,0.0,0.043478260869565216,0.1348399724926484,0.28946099190664404,4,0.4235115491835922
RandomForest,5,fold_2,"{""n_estimators"": 300, ""min_samples_leaf"": 1, ""max_features"": 0.5, ""max_depth"": null}",-0.26666666666666666,0.24278499278499277,0.0,0.20192307692307693,0.0,0.1111111111111111,0.3217979514674192,0.5,0.0,0.23095238095238096,0.011026256960150504,0.2573543123543124,5,0.23673301480820488
RandomForest,5,fold_3,"{""n_estimators"": 300, ""min_samples_leaf"": 1, ""max_features"": 0.5, ""max_depth"": null}",0.0,0.11688311688311688,0.0,0.09090909090909091,0.0,,0.0,1.0,0.0,,0.0,0.4025974025974026,3,0.5149725274725274
RandomForest,5,fold_4,"{""n_estimators"": 300, ""min_samples_leaf"": 1, ""max_features"": 0.5, ""max_depth"": null}",0.0,0.6984126984126984,0.0,0.1,0.0,0.1,0.629940788348712,0.8734126984126983,0.0,,0.12598815766974242,0.4429563492063492,4,0.5878588579759148
RandomForest,5,fold_5,"{""n_estimators"": 300, ""min_samples_leaf"": 1, ""max_features"": 0.5, ""max_depth"": null}",0.4646601886422926,0.5486111111111112,0.0,0.05555555555555555,0.0,,0.6009252125773316,0.46571428571428575,0.0,0.043478260869565216,0.21311708024392484,0.2783398033126294,4,0.4025863707057799
RandomForest,5,pooled_OOF,"{""n_estimators"": 300, ""min_samples_leaf"": 1, ""max_features"": 0.5, ""max_depth"": null}",0.039707056048699396,0.26352205515203064,0.0,0.057213578510873164,0.0,0.025440822434771297,0.4702607772245088,0.592255538240953,0.0,0.05018134999163326,0.10199356665464165,0.19772266886605228,5,0.3682973449251162
RandomForest,6,fold_1,"{""n_estimators"": 300, ""min_samples_leaf"": 3, ""max_features"": 0.5, ""max_depth"": 6}",0.0,0.29166666666666663,0.0,0.09166666666666667,0.0,,0.50709255283711,0.8541666666666666,0.0,0.041666666666666664,0.10141851056742199,0.31979166666666664,4,0.45007633162166
RandomForest,6,fold_2,"{""n_estimators"": 300, ""min_samples_leaf"": 3, ""max_features"": 0.5, ""max_depth"": 6}",-0.3086066999241838,0.24960317460317458,0.0,0.15,0.0,0.08333333333333333,0.3217979514674192,0.5,0.0,0.15604395604395604,0.0026382503086470723,0.22779609279609278,5,0.20687909388210726
RandomForest,6,fold_3,"{""n_estimators"": 300, ""min_samples_leaf"": 3, ""max_features"": 0.5, ""max_depth"": 6}",0.0,0.12878787878787878,0.0,0.07142857142857142,0.0,,0.0,1.0,0.0,,0.0,0.4000721500721501,3,0.5318076093071684
RandomForest,6,fold_4,"{""n_estimators"": 300, ""min_samples_leaf"": 3, ""max_features"": 0.5, ""max_depth"": 6}",0.0,0.6984126984126984,0.0,0.08496732026143791,0.0,0.3,0.8921425711997711,0.8734126984126983,0.0,,0.17842851423995423,0.4891981792717086,4,0.6056215527974331
RandomForest,6,fold_5,"{""n_estimators"": 300, ""min_samples_leaf"": 3, ""max_features"": 0.5, ""max_depth"": 6}",0.4646601886422926,0.6,0.0,0.05555555555555555,0.0,,0.5504818825631803,0.4688888888888889,0.0,0.05555555555555555,0.20302841424109458,0.295,4,0.414317026425322
RandomForest,6,pooled_OOF,"{""n_estimators"": 300, ""min_samples_leaf"": 3, ""max_features"": 0.5, ""max_depth"": 6}",0.020354001729354997,0.2595623056344625,0.0,0.05495751556179998,0.0,0.030187161510883662,0.5050617635559527,0.5667921903169775,0.0,0.03463007003264583,0.10508315305706153,0.1892258486113539,5,0.3498461135218226
RandomForest,7,fold_1,"{""n_estimators"": 150, ""min_samples_leaf"": 1, ""max_features"": ""sqrt"", ""max_depth"": 6}",0.0,0.41666666666666663,0.0,0.11011904761904762,0.0,,0.26967994498529685,0.7291666666666666,0.0,0.043478260869565216,0.05393598899705937,0.32485766045548653,4,0.4775261427926018
RandomForest,7,fold_2,"{""n_estimators"": 150, ""min_samples_leaf"": 1, ""max_features"": ""sqrt"", ""max_depth"": 6}",0.0,0.4714646464646465,0.0,0.2361111111111111,0.0,0.16666666666666666,0.6871842709362768,1.0,0.0,0.25555555555555554,0.13743685418725535,0.4259595959595959,5,0.3969359078564372
RandomForest,7,fold_3,"{""n_estimators"": 150, ""min_samples_leaf"": 1, ""max_features"": ""sqrt"", ""max_depth"": 6}",0.0,0.11309523809523808,0.0,0.05263157894736842,0.0,,0.0,1.0,0.0,,0.0,0.38857560568086885,3,0.4563641510362822
RandomForest,7,fold_4,"{""n_estimators"": 150, ""min_samples_leaf"": 1, ""max_features"": ""sqrt"", ""max_depth"": 6}",0.0,0.9166666666666665,0.0,0.08388157894736842,0.0,0.1,0.8819171036881969,0.9761904761904762,0.0,,0.17638342073763938,0.5191846804511278,4,0.6875700425700424
RandomForest,7,fold_5,"{""n_estimators"": 150, ""min_samples_leaf"": 1, ""max_features"": ""sqrt"", ""max_depth"": 6}",0.0,0.5548611111111111,0.0,0.0625,0.0,,0.5003702332976756,0.5634920634920635,0.0,0.05555555555555555,0.10007404665953512,0.3091021825396825,4,0.45667663928942126
RandomForest,7,pooled_OOF,"{""n_estimators"": 150, ""min_samples_leaf"": 1, ""max_features"": ""sqrt"", ""max_depth"": 6}",0.0,0.3868466351778372,0.0,0.06014095214438199,0.0,0.027607883112470272,0.5018928144848178,0.6417960082154595,0.0,0.05128949065119277,0.10037856289696356,0.23353619386026833,5,0.42497056416256057
KNN,0,fold_1,"{""weights"": ""uniform"", ""p"": 1, ""n_neighbors"": 3}",-0.13483997249264842,0.10416666666666666,-0.11396057645963795,0.08333333333333333,0.0,,0.4,0.41666666666666663,0.0,0.041666666666666664,0.03023989020954273,0.16145833333333331,4,0.12314814814814815
KNN,0,fold_2,"{""weights"": ""uniform"", ""p"": 1, ""n_neighbors"": 3}",-0.17712297710801905,0.20789473684210524,-0.08084520834544433,0.21929824561403508,0.0,0.05263157894736842,0.44908871313907184,0.2857142857142857,0.5443310539518174,0.43859649122807015,0.14709031632748518,0.24082706766917292,5,0.19077618288144604
KNN,0,fold_3,"{""weights"": ""uniform"", ""p"": 1, ""n_neighbors"": 3}",-0.11952286093343938,0.08695652173913043,-0.0978231976089037,0.043478260869565216,0.0,,0.567733589433837,0.5177639751552795,0.0,,0.07007750617829879,0.21606625258799173,3,0.20665760869565217
KNN,0,fold_4,"{""weights"": ""uniform"", ""p"": 1, ""n_neighbors"": 3}",0.5461186812727502,0.43333333333333335,0.0,0.1,0.0,0.1,0.629940788348712,0.7555555555555556,0.0,,0.23521189392429243,0.3472222222222222,4,0.4610256410256411
KNN,0,fold_5,"{""weights"": ""uniform"", ""p"": 1, ""n_neighbors"": 3}",0.5110997067272864,0.5018115942028986,-0.0978231976089037,0.043478260869565216,0.0,,0.3882901373576604,0.3959090909090909,0.0,0.043478260869565216,0.16031332929520864,0.24616930171277995,4,0.26053171761226823
KNN,0,pooled_OOF,"{""weights"": ""uniform"", ""p"": 1, ""n_neighbors"": 3}",0.1353147219351753,0.17886510363574584,-0.09898948447251106,0.07157312466270913,-0.02830188679245283,0.027522935779816515,0.46463620251901205,0.43150815510594487,0.23115996593273713,0.23669724770642203,0.14076390382439213,0.18923331337812765,5,0.20613985411196947
KNN,1,fold_1,"{""weights"": ""distance"", ""p"": 1, ""n_neighbors"": 3}",-0.13483997249264842,0.11309523809523808,-0.11396057645963795,0.08333333333333333,0.0,,0.4,0.6666666666666666,0.0,0.041666666666666664,0.03023989020954273,0.22619047619047616,4,0.1324074074074074
KNN,1,fold_2,"{""weights"": ""distance"", ""p"": 1, ""n_neighbors"": 3}",-0.17712297710801905,0.22039473684210525,-0.08084520834544433,0.3026315789473684,0.0,0.05263157894736842,0.44908871313907184,0.29166666666666663,0.5443310539518174,0.43859649122807015,0.14709031632748518,0.26118421052631574,5,0.21361476608187135
KNN,1,fold_3,"{""weights"": ""distance"", ""p"": 1, ""n_neighbors"": 3}",-0.11952286093343938,0.08695652173913043,-0.0978231976089037,0.043478260869565216,0.0,,0.567733589433837,0.5368115942028986,0.0,,0.07007750617829879,0.22241545893719808,3,0.23096316425120772
KNN,1,fold_4,"{""weights"": ""distance"", ""p"": 1, ""n_neighbors"": 3}",0.5461186812727502,0.43333333333333335,0.0,0.1,0.0,0.1,0.629940788348712,0.7805555555555556,0.0,,0.23521189392429243,0.3534722222222222,4,0.4674358974358975
KNN,1,fold_5,"{""weights"": ""distance"", ""p"": 1, ""n_neighbors"": 3}",0.5110997067272864,0.5268115942028985,-0.0978231976089037,0.043478260869565216,0.0,,0.3882901373576604,0.3959090909090909,0.0,0.043478260869565216,0.16031332929520864,0.25241930171277993,4,0.26410348544735895
KNN,1,pooled_OOF,"{""weights"": ""distance"", ""p"": 1, ""n_neighbors"": 3}",0.1353147219351753,0.18601010288600825,-0.09898948447251106,0.07383556810162314,-0.02830188679245283,0.027522935779816515,0.46463620251901205,0.4286926489974924,0.23115996593273713,0.23669724770642203,0.14076390382439213,0.19055170069427246,5,0.208543758379171
KNN,2,fold_1,"{""weights"": ""distance"", ""p"": 1, ""n_neighbors"": 5}",0.13819749820569552,0.14166666666666666,-0.11396057645963795,0.08333333333333333,0.0,,0.5163977794943223,0.6428571428571428,-0.06286946134619315,0.041666666666666664,0.09555304797883733,0.22738095238095235,4,0.14008854206222626
KNN,2,fold_2,"{""weights"": ""distance"", ""p"": 1, ""n_neighbors"": 5}",-0.015430334996209192,0.22039473684210525,0.3217979514674192,0.3026315789473684,0.0,0.05263157894736842,0.40219983326992187,0.5,0.3217979514674192,0.43859649122807015,0.2060730802417102,0.3028508771929824,5,0.23999914559125085
KNN,2,fold_3,"{""weights"": ""distance"", ""p"": 1, ""n_neighbors"": 5}",-0.11952286093343938,0.08695652173913043,-0.11236664374387369,0.043478260869565216,0.0,,0.567733589433837,0.8434782608695652,0.0,,0.06716881695130479,0.3246376811594203,3,0.2937111801242236
KNN,2,fold_4,"{""weights"": ""distance"", ""p"": 1, ""n_neighbors"": 5}",0.32673201960653564,0.8055555555555556,0.0,0.1,0.0,0.1,0.7619047619047619,0.9484126984126984,0.0,,0.21772735630225953,0.4884920634920635,4,0.6497902097902097
KNN,2,fold_5,"{""weights"": ""distance"", ""p"": 1, ""n_neighbors"": 5}",0.3372266367167312,0.5742424242424242,-0.12666009927622474,0.043478260869565216,0.0,,0.5504818825631803,0.3959090909090909,0.0,0.043478260869565216,0.15220968400073737,0.26427700922266134,4,0.2818007951502788
KNN,2,pooled_OOF,"{""weights"": ""distance"", ""p"": 1, ""n_neighbors"": 5}",0.15134519956675563,0.2227966631813924,-0.024018158661866046,0.07383556810162314,-0.03283545516515592,0.027522935779816515,0.5434693024068081,0.5237660891477923,0.12144536431532656,0.23669724770642203,0.15188125049237367,0.21692370078340928,5,0.23841393386376933
KNN,3,fold_1,"{""weights"": ""uniform"", ""p"": 2, ""n_neighbors"": 15}",0.5877538136452587,0.45,-0.13483997249264842,0.08333333333333333,0.0,,0.5163977794943223,0.55,-0.10696563746013954,0.041666666666666664,0.1724691966373586,0.28125000000000006,4,0.18534151034151033
KNN,3,fold_2,"{""weights"": ""uniform"", ""p"": 2, ""n_neighbors"": 15}",0.6055300708194984,0.7250000000000001,0.5048781642974013,0.26666666666666666,0.0,0.05263157894736842,0.5739440431835514,0.6666666666666666,0.3967876966218537,0.33040935672514615,0.416227994984461,0.4082748538011696,5,0.3660818713450293
KNN,3,fold_3,"{""weights"": ""uniform"", ""p"": 2, ""n_neighbors"": 15}",0.21144501580551553,0.14347826086956522,-0.1556997888323046,0.08333333333333333,0.0,,0.7444444444444445,0.8434782608695652,0.0,,0.16003793428353108,0.3567632850241546,3,0.1441493741765481
KNN,3,fold_4,"{""weights"": ""uniform"", ""p"": 2, ""n_neighbors"": 15}",0.21568627450980393,0.4583333333333333,-0.5091750772173156,0.08888888888888888,0.0,0.1,0.8017837257372732,0.65515873015873,0.0,,0.10165898460595231,0.32559523809523805,4,0.24331738892458532
KNN,3,fold_5,"{""weights"": ""uniform"", ""p"": 2, ""n_neighbors"": 15}",0.29175581826225594,0.3075757575757576,0.08257228238447704,0.05,0.0,,0.5504818825631803,0.41479797979797983,0.0,0.043478260869565216,0.18496199664198265,0.20396299956082564,4,0.18633651606864693
KNN,3,pooled_OOF,"{""weights"": ""uniform"", ""p"": 2, ""n_neighbors"": 15}",0.3975194248005486,0.3690176530052407,-0.057510246173236544,0.06654143613961208,-0.0563625974833598,0.027522935779816515,0.6332836328761776,0.5115179064335127,0.13043837641003445,0.0710523475445224,0.20947371808603288,0.20913045578054085,5,0.19167344078287812
KNN,4,fold_1,"{""weights"": ""distance"", ""p"": 1, ""n_neighbors"": 15}",0.4698714938993648,0.30952380952380953,-0.11396057645963795,0.08333333333333333,0.0,,0.6324555320336759,0.75,-0.17622684421256035,0.041666666666666664,0.16242792105216847,0.2961309523809524,4,0.1910968660968661
KNN,4,fold_2,"{""weights"": ""distance"", ""p"": 1, ""n_neighbors"": 15}",-0.07308816827558576,0.4007177033492823,0.5739440431835514,0.45,0.0,0.05263157894736842,0.40219983326992187,0.5,0.4844813951249544,0.5526315789473684,0.27750742066056844,0.3911961722488038,5,0.3486459203564467
KNN,4,fold_3,"{""weights"": ""distance"", ""p"": 1, ""n_neighbors"": 15}",-0.16265001215808886,0.08695652173913043,-0.2041241452319315,0.043478260869565216,0.0,,0.7444444444444445,0.925,0.0,,0.07553405741088481,0.35181159420289854,3,0.13575807244285504
KNN,4,fold_4,"{""weights"": ""distance"", ""p"": 1, ""n_neighbors"": 15}",0.7276068751089989,0.6388888888888888,-0.19245008972987526,0.1,0.0,0.1,0.8921425711997711,0.8178571428571428,0.0,,0.285459871315779,0.4141865079365079,4,0.4472320841551611
KNN,4,fold_5,"{""weights"": ""distance"", ""p"": 1, ""n_neighbors"": 15}",0.479233838298523,0.3458333333333333,-0.26590801173915524,0.058823529411764705,0.0,,0.5504818825631803,0.42329004329004327,0.0,0.043478260869565216,0.15276154182450963,0.21785629172617663,4,0.22329262940106195
KNN,4,pooled_OOF,"{""weights"": ""distance"", ""p"": 1, ""n_neighbors"": 15}",0.305878074058409,0.23879293699501483,-0.058246763437142086,0.07312850407747197,-0.06458176499147496,0.027522935779816515,0.6260187535773305,0.4958859992241996,0.0773548613943271,0.24974515800203875,0.17728463212028994,0.21701510681570832,5,0.21138749856275668
KNN,5,fold_1,"{""weights"": ""distance"", ""p"": 2, ""n_neighbors"": 9}",-0.09090909090909091,0.29166666666666663,-0.11396057645963795,0.08333333333333333,0.0,,0.5773502691896257,0.775,-0.07881104062391008,0.041666666666666664,0.058733912239397355,0.29791666666666666,4,0.23863636363636362
KNN,5,fold_2,"{""weights"": ""distance"", ""p"": 2, ""n_neighbors"": 9}",0.4898979485566356,0.33878968253968256,0.18448201388042726,0.26666666666666666,0.0,0.05263157894736842,0.40219983326992187,0.26666666666666666,0.20833333333333334,0.33040935672514615,0.2569826258080636,0.2510327903091061,5,0.23930636937644945
KNN,5,fold_3,"{""weights"": ""distance"", ""p"": 2, ""n_neighbors"": 9}",-0.16265001215808886,0.12681159420289856,-0.14101901870444156,0.043478260869565216,0.0,,0.7444444444444445,0.7534782608695652,0.0,,0.08815508271638281,0.3079227053140096,3,0.11680502468545946
KNN,5,fold_4,"{""weights"": ""distance"", ""p"": 2, ""n_neighbors"": 9}",-0.140028008402801,0.4444444444444445,-0.3685138655950444,0.1,0.0,0.1,0.6633880657639324,0.6218253968253968,0.0,,0.03096923835321741,0.3165674603174603,4,0.24279977825964447
KNN,5,fold_5,"{""weights"": ""distance"", ""p"": 2, ""n_neighbors"": 9}",0.29175581826225594,0.5,-0.24308621740219885,0.058823529411764705,0.0,,0.5046083923495819,0.4651948051948052,0.0,0.043478260869565216,0.1106555986419278,0.26687414886903377,4,0.20694108912621131
KNN,5,pooled_OOF,"{""weights"": ""distance"", ""p"": 2, ""n_neighbors"": 9}",0.1813511420771799,0.2658198484065424,-0.13668127897907664,0.06290672102960196,-0.04407137788294876,0.027522935779816515,0.5532399104948778,0.46451253664975833,0.04689614184877847,0.07474515800203874,0.12014690751176213,0.17910143997355157,5,0.17788725870271155
KNN,6,fold_1,"{""weights"": ""uniform"", ""p"": 1, ""n_neighbors"": 9}",0.17407765595569785,0.26666666666666666,-0.11396057645963795,0.08333333333333333,0.0,,0.6324555320336759,0.5,-0.09325048082403138,0.041666666666666664,0.11986442614114087,0.22291666666666665,4,0.18746099579432915
KNN,6,fold_2,"{""weights"": ""uniform"", ""p"": 1, ""n_neighbors"": 9}",-0.1789066118330336,0.20789473684210524,0.3217979514674192,0.3666666666666667,0.0,0.05263157894736842,0.2619684159977919,0.5,0.20833333333333334,0.5526315789473684,0.12263861779310217,0.33596491228070174,5,0.2617089598997494
KNN,6,fold_3,"{""weights"": ""uniform"", ""p"": 1, ""n_neighbors"": 9}",-0.16265001215808886,0.08695652173913043,-0.18698939800169143,0.043478260869565216,0.0,,0.7444444444444445,0.8434782608695652,0.0,,0.07896100685693283,0.3246376811594203,3,0.24879776021080366
KNN,6,fold_4,"{""weights"": ""uniform"", ""p"": 1, ""n_neighbors"": 9}",0.21568627450980393,0.5111111111111111,-0.07647191129018725,0.1,0.0,0.1,0.8921425711997711,0.7746031746031746,0.0,,0.20627138688387756,0.37142857142857144,4,0.425989010989011
KNN,6,fold_5,"{""weights"": ""uniform"", ""p"": 1, ""n_neighbors"": 9}",0.29175581826225594,0.4909090909090909,-0.1556997888323046,0.043478260869565216,0.0,,0.5504818825631803,0.3842424242424243,0.0,0.043478260869565216,0.13730758239862634,0.2405270092226614,4,0.2282608823780996
KNN,6,pooled_OOF,"{""weights"": ""uniform"", ""p"": 1, ""n_neighbors"": 9}",0.09335107859043913,0.23849976476123264,-0.0698595951627522,0.06975175391257421,-0.04734694929267351,0.027522935779816515,0.5762339610697641,0.4876879365448813,0.04689614184877847,0.24657055482743556,0.1198549274107112,0.21400658916518803,5,0.20632714861738546
KNN,7,fold_1,"{""weights"": ""distance"", ""p"": 1, ""n_neighbors"": 9}",0.13819749820569552,0.35,-0.11396057645963795,0.08333333333333333,0.0,,0.6324555320336759,0.5428571428571429,-0.09325048082403138,0.041666666666666664,0.1126883945911404,0.25446428571428575,4,0.1809398118221648
KNN,7,fold_2,"{""weights"": ""distance"", ""p"": 1, ""n_neighbors"": 9}",-0.1789066118330336,0.22039473684210525,0.3217979514674192,0.45,0.0,0.05263157894736842,0.2619684159977919,0.5,0.20833333333333334,0.5526315789473684,0.12263861779310217,0.3551315789473684,5,0.2789499028185288
KNN,7,fold_3,"{""weights"": ""distance"", ""p"": 1, ""n_neighbors"": 9}",-0.16265001215808886,0.08695652173913043,-0.18698939800169143,0.043478260869565216,0.0,,0.7444444444444445,0.8434782608695652,0.0,,0.07896100685693283,0.3246376811594203,3,0.26603260869565215
KNN,7,fold_4,"{""weights"": ""distance"", ""p"": 1, ""n_neighbors"": 9}",0.21568627450980393,0.5333333333333333,-0.07647191129018725,0.1,0.0,0.1,0.8921425711997711,0.8178571428571428,0.0,,0.20627138688387756,0.387797619047619,4,0.44933361510284575
KNN,7,fold_5,"{""weights"": ""distance"", ""p"": 1, ""n_neighbors"": 9}",0.29175581826225594,0.48674242424242425,-0.1556997888323046,0.043478260869565216,0.0,,0.5504818825631803,0.38995670995670995,0.0,0.043478260869565216,0.13730758239862634,0.24091391398456616,4,0.23622162775016325
KNN,7,pooled_OOF,"{""weights"": ""distance"", ""p"": 1, ""n_neighbors"": 9}",0.08455198384488848,0.2445410561972609,-0.0698595951627522,0.07247375617501764,-0.04734694929267351,0.027522935779816515,0.5762339610697641,0.4867491562656281,0.04689614184877847,0.24974515800203875,0.11809510846160107,0.21620641248395236,5,0.21560115845504543
SVM,0,fold_1,"{""kernel"": ""rbf"", ""gamma"": 0.001, ""C"": 1}",0.0,0.19444444444444442,0.0,0.14761904761904762,0.0,,0.4662524041201569,0.5352564102564102,0.0,0.06666666666666667,0.09325048082403138,0.23599664224664224,4,0.3029027290646481
SVM,0,fold_2,"{""kernel"": ""rbf"", ""gamma"": 0.001, ""C"": 1}",0.0,0.55,0.0,0.13333333333333333,0.0,0.0625,0.7921180343813395,0.8333333333333333,0.0,0.2,0.15842360687626791,0.35583333333333333,5,0.35167503346720214
SVM,0,fold_3,"{""kernel"": ""rbf"", ""gamma"": 0.001, ""C"": 1}",0.0,0.09903381642512077,0.0,0.5,0.0,,0.0,0.911111111111111,0.0,,0.0,0.5033816425120773,3,0.5802444226184598
SVM,0,fold_4,"{""kernel"": ""rbf"", ""gamma"": 0.001, ""C"": 1}",0.0,0.11388888888888889,0.0,0.45,0.0,0.19642857142857142,0.3361227822436775,0.8178571428571427,0.0,,0.0672245564487355,0.3945436507936507,4,0.5187173722736824
SVM,0,fold_5,"{""kernel"": ""rbf"", ""gamma"": 0.001, ""C"": 1}",0.0,0.16220238095238093,0.0,0.25,0.0,,0.2790526301083191,0.6288461538461538,0.0,0.125,0.05581052602166382,0.2915121336996337,4,0.3750870409961319
SVM,0,pooled_OOF,"{""kernel"": ""rbf"", ""gamma"": 0.001, ""C"": 1}",0.0,0.19691789476201138,0.0,0.1378862209219352,0.0,0.02112969178720797,0.3299276878526267,0.5564598910967338,0.0,0.03793290043290043,0.06598553757052535,0.19006531980015776,5,0.3397602606668844
SVM,1,fold_1,"{""kernel"": ""rbf"", ""gamma"": 0.01, ""C"": 10}",0.0,0.06926406926406926,0.0,0.14347826086956522,0.0,,0.0,0.135599055675782,0.0,0.06666666666666667,0.0,0.10375201311902078,4,0.1257935467023495
SVM,1,fold_2,"{""kernel"": ""rbf"", ""gamma"": 0.01, ""C"": 10}",0.0,0.5,0.0,0.11764705882352941,0.0,0.05555555555555555,0.0,0.5,0.0,0.1875,0.0,0.272140522875817,5,0.22245542987478467
SVM,1,fold_3,"{""kernel"": ""rbf"", ""gamma"": 0.01, ""C"": 10}",0.0,0.1588235294117647,0.0,0.25,0.0,,0.0,0.4514285714285714,0.0,,0.0,0.286750700280112,3,0.35080357142857144
SVM,1,fold_4,"{""kernel"": ""rbf"", ""gamma"": 0.01, ""C"": 10}",0.0,0.15683760683760684,0.0,0.3333333333333333,0.0,0.13942307692307693,0.0,0.6848595848595848,0.0,,0.0,0.3286134004884005,4,0.4302807444407853
SVM,1,fold_5,"{""kernel"": ""rbf"", ""gamma"": 0.01, ""C"": 10}",0.0,0.1741593567251462,0.0,0.1,0.0,,0.0,0.42166666666666663,0.0,0.5,0.0,0.2989565058479532,4,0.29580695126469775
SVM,1,pooled_OOF,"{""kernel"": ""rbf"", ""gamma"": 0.01, ""C"": 10}",0.0,0.10731511974099184,0.0,0.07831209479096804,0.0,0.020464652590183215,0.0,0.19003818015257334,0.0,0.03843870271285084,0.0,0.08691374999751346,5,0.16486659808497853
SVM,2,fold_1,"{""kernel"": ""rbf"", ""gamma"": ""scale"", ""C"": 0.1}",0.0,0.225,0.0,0.14545454545454545,0.0,,0.0,0.6111111111111112,0.0,0.05555555555555555,0.0,0.259280303030303,4,0.3480774754048648
SVM,2,fold_2,"{""kernel"": ""rbf"", ""gamma"": ""scale"", ""C"": 0.1}",0.0,0.21334586466165412,0.0,0.13333333333333333,0.0,0.1,0.0,0.5833333333333333,0.0,0.1875,0.0,0.2435025062656641,5,0.2181534144754999
SVM,2,fold_3,"{""kernel"": ""rbf"", ""gamma"": ""scale"", ""C"": 0.1}",0.0,0.18055555555555555,0.0,0.05555555555555555,0.0,,0.0,0.7944444444444445,0.0,,0.0,0.34351851851851856,3,0.5550167624521073
SVM,2,fold_4,"{""kernel"": ""rbf"", ""gamma"": ""scale"", ""C"": 0.1}",0.0,0.1434389140271493,0.0,0.45,0.0,0.13392857142857142,0.35043832202523123,0.8178571428571427,0.0,,0.07008766440504624,0.38630615707821586,4,0.4886303133643559
SVM,2,fold_5,"{""kernel"": ""rbf"", ""gamma"": ""scale"", ""C"": 0.1}",0.0,0.43465909090909094,0.0,0.09090909090909091,0.0,,0.0,0.17618725959283235,0.0,1.0,0.0,0.4254388603527536,4,0.17119869261319143
SVM,2,pooled_OOF,"{""kernel"": ""rbf"", ""gamma"": ""scale"", ""C"": 0.1}",0.0,0.15510174535674798,0.0,0.07854447234021938,0.0,0.02074825676442131,0.19135349909568317,0.4060558452832599,0.0,0.04996855345911949,0.03827069981913663,0.14208377464075359,5,0.25795939803701007
SVM,3,fold_1,"{""kernel"": ""rbf"", ""gamma"": ""scale"", ""C"": 100}",0.0,0.08680555555555555,0.0,0.17045454545454547,0.0,,0.0,0.48971861471861466,0.0,0.0625,0.0,0.20236967893217891,4,0.29056306556306555
SVM,3,fold_2,"{""kernel"": ""rbf"", ""gamma"": ""scale"", ""C"": 100}",0.0,0.5,0.0,0.125,0.0,0.07692307692307693,0.0,0.8333333333333333,0.0,0.2,0.0,0.347051282051282,5,0.2797754615826321
SVM,3,fold_3,"{""kernel"": ""rbf"", ""gamma"": ""scale"", ""C"": 100}",0.0,0.15555555555555556,0.0,1.0,0.0,,0.0,0.5988455988455987,0.0,,0.0,0.5848003848003848,3,0.41206981520637853
SVM,3,fold_4,"{""kernel"": ""rbf"", ""gamma"": ""scale"", ""C"": 100}",0.0,0.1315850815850816,0.0,0.26666666666666666,0.0,0.13392857142857142,0.0,0.5277777777777778,0.0,,0.0,0.2649895243645244,4,0.33020500898068694
SVM,3,fold_5,"{""kernel"": ""rbf"", ""gamma"": ""scale"", ""C"": 100}",0.0,0.16096256684491977,0.0,0.1111111111111111,0.0,,0.10886621079036346,0.5216666666666667,0.0,0.3333333333333333,0.021773242158072692,0.2817684194890077,4,0.34136103795194706
SVM,3,pooled_OOF,"{""kernel"": ""rbf"", ""gamma"": ""scale"", ""C"": 100}",0.0,0.12024416413148713,0.0,0.08679180524699392,0.0,0.02059765435478276,0.05511679158980631,0.35713290898539335,0.0,0.03793290043290043,0.011023358317961262,0.12453988663031153,5,0.2374476067404082
SVM,4,fold_1,"{""kernel"": ""linear"", ""gamma"": 0.01, ""C"": 1}",0.0,0.2121212121212121,0.6915640748081247,0.5714285714285714,0.0,,0.0,0.5416666666666666,0.0,0.25,0.13831281496162492,0.3938041125541125,4,0.46110578969774374
SVM,4,fold_2,"{""kernel"": ""linear"", ""gamma"": 0.01, ""C"": 1}",0.0,0.8166666666666667,0.6871842709362768,0.7,0.0,0.058823529411764705,-0.14852213144650114,0.325,0.0,0.7192982456140351,0.10773242789795512,0.5239576883384933,5,0.2558068650777803
SVM,4,fold_3,"{""kernel"": ""linear"", ""gamma"": 0.01, ""C"": 1}",0.0,0.41666666666666663,0.0,0.3333333333333333,0.0,,0.0,0.5742424242424242,0.0,,0.0,0.4414141414141414,3,0.43922928940277023
SVM,4,fold_4,"{""kernel"": ""linear"", ""gamma"": 0.01, ""C"": 1}",0.0,0.4666666666666667,0.0,0.11805555555555555,0.0,0.10555555555555556,0.0,0.22889343771696713,0.0,,0.0,0.22979280387368622,4,0.2557028790911122
SVM,4,fold_5,"{""kernel"": ""linear"", ""gamma"": 0.01, ""C"": 1}",0.5034965460952284,0.69375,0.0,0.1111111111111111,0.0,,0.0,0.6699999999999999,0.0,1.0,0.10069930921904569,0.6187152777777778,4,0.511773014803961
SVM,4,pooled_OOF,"{""kernel"": ""linear"", ""gamma"": 0.01, ""C"": 1}",0.2583586382498927,0.42216198850443265,0.48577907366540085,0.37557863512611467,0.0,0.019529642579333158,-0.08459786616109806,0.3022839973528467,0.0,0.07123228623228622,0.13190796915083908,0.2381573099590027,5,0.30173531665079945
SVM,5,fold_1,"{""kernel"": ""linear"", ""gamma"": 0.001, ""C"": 1}",0.0,0.2121212121212121,0.6915640748081247,0.5714285714285714,0.0,,0.0,0.5416666666666666,0.0,0.25,0.13831281496162492,0.3938041125541125,4,0.46110578969774374
SVM,5,fold_2,"{""kernel"": ""linear"", ""gamma"": 0.001, ""C"": 1}",0.0,0.8166666666666667,0.6871842709362768,0.7,0.0,0.058823529411764705,-0.14852213144650114,0.325,0.0,0.7192982456140351,0.10773242789795512,0.5239576883384933,5,0.2558068650777803
SVM,5,fold_3,"{""kernel"": ""linear"", ""gamma"": 0.001, ""C"": 1}",0.0,0.41666666666666663,0.0,0.3333333333333333,0.0,,0.0,0.5742424242424242,0.0,,0.0,0.4414141414141414,3,0.43922928940277023
SVM,5,fold_4,"{""kernel"": ""linear"", ""gamma"": 0.001, ""C"": 1}",0.0,0.4666666666666667,0.0,0.11805555555555555,0.0,0.10555555555555556,0.0,0.22889343771696713,0.0,,0.0,0.22979280387368622,4,0.2557028790911122
SVM,5,fold_5,"{""kernel"": ""linear"", ""gamma"": 0.001, ""C"": 1}",0.5034965460952284,0.69375,0.0,0.1111111111111111,0.0,,0.0,0.6699999999999999,0.0,1.0,0.10069930921904569,0.6187152777777778,4,0.511773014803961
SVM,5,pooled_OOF,"{""kernel"": ""linear"", ""gamma"": 0.001, ""C"": 1}",0.2583586382498927,0.42216198850443265,0.48577907366540085,0.37557863512611467,0.0,0.019529642579333158,-0.08459786616109806,0.3022839973528467,0.0,0.07123228623228622,0.13190796915083908,0.2381573099590027,5,0.30173531665079945
SVM,6,fold_1,"{""kernel"": ""linear"", ""gamma"": ""scale"", ""C"": 10}",0.0,0.2121212121212121,0.6915640748081247,0.5714285714285714,0.0,,0.0,0.5416666666666666,0.0,0.25,0.13831281496162492,0.3938041125541125,4,0.46110578969774374
SVM,6,fold_2,"{""kernel"": ""linear"", ""gamma"": ""scale"", ""C"": 10}",0.0,0.8166666666666667,0.6871842709362768,0.7,0.0,0.058823529411764705,-0.14852213144650114,0.325,0.0,0.7192982456140351,0.10773242789795512,0.5239576883384933,5,0.2558068650777803
SVM,6,fold_3,"{""kernel"": ""linear"", ""gamma"": ""scale"", ""C"": 10}",0.0,0.41666666666666663,0.0,0.3333333333333333,0.0,,0.0,0.5742424242424242,0.0,,0.0,0.4414141414141414,3,0.43922928940277023
SVM,6,fold_4,"{""kernel"": ""linear"", ""gamma"": ""scale"", ""C"": 10}",0.0,0.4666666666666667,0.0,0.11805555555555555,0.0,0.10555555555555556,0.0,0.22889343771696713,0.0,,0.0,0.22979280387368622,4,0.2557028790911122
SVM,6,fold_5,"{""kernel"": ""linear"", ""gamma"": ""scale"", ""C"": 10}",0.5034965460952284,0.69375,0.0,0.1111111111111111,0.0,,0.0,0.6699999999999999,0.0,1.0,0.10069930921904569,0.6187152777777778,4,0.511773014803961
SVM,6,pooled_OOF,"{""kernel"": ""linear"", ""gamma"": ""scale"", ""C"": 10}",0.2583586382498927,0.42216198850443265,0.48577907366540085,0.37557863512611467,0.0,0.019529642579333158,-0.08459786616109806,0.3022839973528467,0.0,0.07123228623228622,0.13190796915083908,0.2381573099590027,5,0.30173531665079945
SVM,7,fold_1,"{""kernel"": ""linear"", ""gamma"": ""scale"", ""C"": 0.1}",0.0,0.2121212121212121,0.6915640748081247,0.5714285714285714,0.0,,0.0,0.5416666666666666,0.0,0.25,0.13831281496162492,0.3938041125541125,4,0.46110578969774374
SVM,7,fold_2,"{""kernel"": ""linear"", ""gamma"": ""scale"", ""C"": 0.1}",0.0,0.8166666666666667,0.6871842709362768,0.7,0.0,0.058823529411764705,-0.14852213144650114,0.325,0.0,0.7192982456140351,0.10773242789795512,0.5239576883384933,5,0.2558068650777803
SVM,7,fold_3,"{""kernel"": ""linear"", ""gamma"": ""scale"", ""C"": 0.1}",0.0,0.41666666666666663,0.0,0.3333333333333333,0.0,,0.0,0.5742424242424242,0.0,,0.0,0.4414141414141414,3,0.43922928940277023
SVM,7,fold_4,"{""kernel"": ""linear"", ""gamma"": ""scale"", ""C"": 0.1}",0.0,0.4666666666666667,0.0,0.11805555555555555,0.0,0.10555555555555556,0.0,0.22889343771696713,0.0,,0.0,0.22979280387368622,4,0.2557028790911122
SVM,7,fold_5,"{""kernel"": ""linear"", ""gamma"": ""scale"", ""C"": 0.1}",0.5034965460952284,0.69375,0.0,0.1111111111111111,0.0,,0.0,0.6699999999999999,0.0,1.0,0.10069930921904569,0.6187152777777778,4,0.511773014803961
SVM,7,pooled_OOF,"{""kernel"": ""linear"", ""gamma"": ""scale"", ""C"": 0.1}",0.2583586382498927,0.42216198850443265,0.48577907366540085,0.37557863512611467,0.0,0.019529642579333158,-0.08459786616109806,0.3022839973528467,0.0,0.07123228623228622,0.13190796915083908,0.2381573099590027,5,0.30173531665079945
NNET,0,fold_1,"{""solver"": ""lbfgs"", ""hidden_layer_sizes"": [32], ""alpha"": 10}",-0.09090909090909091,0.17261904761904762,-0.09090909090909091,0.09166666666666667,0.0,,0.5163977794943223,0.6666666666666666,-0.043478260869565216,0.125,0.058220267361315046,0.26398809523809524,4,0.33733270241890934
NNET,0,fold_2,"{""solver"": ""lbfgs"", ""hidden_layer_sizes"": [32], ""alpha"": 10}",0.3440511766019877,0.525,-0.11764705882352941,0.11513157894736842,0.0,0.058823529411764705,0.2435440935235262,0.29166666666666663,0.4844813951249544,0.6081871345029239,0.19088592128538778,0.3197617819057448,5,0.3006309093109205
NNET,0,fold_3,"{""solver"": ""lbfgs"", ""hidden_layer_sizes"": [32], ""alpha"": 10}",-0.11952286093343938,0.07177033492822966,0.0,0.047619047619047616,0.0,,0.42185656681265843,0.6166666666666666,0.0,,0.06046674117584381,0.24535201640464796,3,0.15936300150705285
NNET,0,fold_4,"{""solver"": ""lbfgs"", ""hidden_layer_sizes"": [32], ""alpha"": 10}",0.32673201960653564,0.44285714285714284,0.0,0.10512820512820513,0.0,0.09166666666666667,0.030556616567607043,0.5771825396825396,0.0,,0.07145772723482854,0.30420863858363856,4,0.34767718010398835
NNET,0,fold_5,"{""solver"": ""lbfgs"", ""hidden_layer_sizes"": [32], ""alpha"": 10}",0.39473684210526316,0.698051948051948,-0.11236664374387369,0.06666666666666667,0.0,,0.3882901373576604,0.6585281385281385,0.0,0.25,0.13413206714380999,0.4183116883116883,4,0.2658816412063165
NNET,0,pooled_OOF,"{""solver"": ""lbfgs"", ""hidden_layer_sizes"": [32], ""alpha"": 10}",0.23763956823243398,0.4463396199838147,-0.08443170536763503,0.05261490034079772,-0.03283545516515592,0.019979933105479814,0.3085111424049636,0.44130273713471246,0.25288506223352675,0.3427336339605038,0.13635372246762667,0.2605941649050617,5,0.23891751993902177
NNET,1,fold_1,"{""solver"": ""lbfgs"", ""hidden_layer_sizes"": [16], ""alpha"": 10}",-0.09090909090909091,0.17261904761904762,-0.09090909090909091,0.09166666666666667,0.0,,0.5163977794943223,0.6666666666666666,-0.043478260869565216,0.125,0.058220267361315046,0.26398809523809524,4,0.3371190272052341
NNET,1,fold_2,"{""solver"": ""lbfgs"", ""hidden_layer_sizes"": [16], ""alpha"": 10}",0.3440511766019877,0.525,-0.11764705882352941,0.11513157894736842,0.0,0.058823529411764705,0.2435440935235262,0.29166666666666663,0.4844813951249544,0.6081871345029239,0.19088592128538778,0.3197617819057448,5,0.30032491175890097
NNET,1,fold_3,"{""solver"": ""lbfgs"", ""hidden_layer_sizes"": [16], ""alpha"": 10}",-0.11952286093343938,0.07177033492822966,0.0,0.047619047619047616,0.0,,0.42185656681265843,0.6166666666666666,0.0,,0.06046674117584381,0.24535201640464796,3,0.15968198077340054
NNET,1,fold_4,"{""solver"": ""lbfgs"", ""hidden_layer_sizes"": [16], ""alpha"": 10}",0.32673201960653564,0.44285714285714284,0.0,0.10512820512820513,0.0,0.09166666666666667,0.030556616567607043,0.5930555555555556,0.0,,0.07145772723482854,0.3081768925518925,4,0.3539346080004081
NNET,1,fold_5,"{""solver"": ""lbfgs"", ""hidden_layer_sizes"": [16], ""alpha"": 10}",0.39473684210526316,0.698051948051948,-0.11236664374387369,0.06666666666666667,0.0,,0.3882901373576604,0.6585281385281385,0.0,0.25,0.13413206714380999,0.4183116883116883,4,0.2658816412063165
NNET,1,pooled_OOF,"{""solver"": ""lbfgs"", ""hidden_layer_sizes"": [16], ""alpha"": 10}",0.23763956823243398,0.44624721074289064,-0.08443170536763503,0.05224166839723276,-0.03283545516515592,0.02013823212234899,0.3085111424049636,0.44377547907937953,0.25288506223352675,0.3427336339605038,0.13635372246762667,0.2610272448604712,5,0.23969761182236632
NNET,2,fold_1,"{""solver"": ""lbfgs"", ""hidden_layer_sizes"": [16], ""alpha"": 0.01}",0.13819749820569552,0.5454545454545454,-0.13483997249264842,0.07738095238095238,0.0,,0.5163977794943223,0.7361111111111112,1.0,1.0,0.30395106104147385,0.5897366522366523,4,0.41823282318475896
NNET,2,fold_2,"{""solver"": ""lbfgs"", ""hidden_layer_sizes"": [16], ""alpha"": 0.01}",-0.1267731382092775,0.18621001031991744,0.2435440935235262,0.3026315789473684,0.0,0.058823529411764705,0.18448201388042726,0.26666666666666666,-0.1875,0.10927645912166035,0.022750593838935195,0.18472164889347553,5,0.12026690659807984
NNET,2,fold_3,"{""solver"": ""lbfgs"", ""hidden_layer_sizes"": [16], ""alpha"": 0.01}",-0.11952286093343938,0.07323232323232323,-0.0657951694959769,0.1,0.0,,0.42185656681265843,0.6968253968253968,0.0,,0.04730770727664843,0.29001924001924,3,0.1695075000799156
NNET,2,fold_4,"{""solver"": ""lbfgs"", ""hidden_layer_sizes"": [16], ""alpha"": 0.01}",0.32673201960653564,0.4206349206349206,0.0,0.15,0.0,0.09429824561403508,0.43463356032809364,0.521626984126984,0.0,,0.15227311598692586,0.29664003759398494,4,0.31518236551419054
NNET,2,fold_5,"{""solver"": ""lbfgs"", ""hidden_layer_sizes"": [16], ""alpha"": 0.01}",0.39473684210526316,0.7159090909090909,-0.11236664374387369,0.05555555555555555,0.0,,0.2253744679276044,0.45014492753623186,0.0,0.3333333333333333,0.10154893325779879,0.3887357268335529,4,0.20339583923377463
NNET,2,pooled_OOF,"{""solver"": ""lbfgs"", ""hidden_layer_sizes"": [16], ""alpha"": 0.01}",0.11975876140553489,0.30426738522810204,-0.01030569887264147,0.0827319506419251,-0.03283545516515592,0.021742511414805356,0.3554272650691778,0.3755384259060193,0.10644903739740068,0.05941224352989059,0.1076987819668632,0.16873850334414847,5,0.17044227892415575
NNET,3,fold_1,"{""solver"": ""lbfgs"", ""hidden_layer_sizes"": [32, 16], ""alpha"": 1}",-0.09090909090909091,0.17045454545454547,-0.09090909090909091,0.08333333333333333,0.0,,0.4,0.6845238095238095,-0.043478260869565216,0.16666666666666666,0.0349407114624506,0.27624458874458874,4,0.3322251248113317
NNET,3,fold_2,"{""solver"": ""lbfgs"", ""hidden_layer_sizes"": [32, 16], ""alpha"": 1}",0.6055300708194984,0.5666666666666667,-0.11764705882352941,0.09429824561403508,0.0,0.058823529411764705,0.2435440935235262,0.29166666666666663,0.4844813951249544,0.6081871345029239,0.24318170012888993,0.3239284485724114,5,0.29016060450270975
NNET,3,fold_3,"{""solver"": ""lbfgs"", ""hidden_layer_sizes"": [32, 16], ""alpha"": 1}",-0.11952286093343938,0.07177033492822966,0.0,0.05,0.0,,0.42185656681265843,0.5833333333333333,0.0,,0.06046674117584381,0.23503455608718762,3,0.15618968123394467
NNET,3,fold_4,"{""solver"": ""lbfgs"", ""hidden_layer_sizes"": [32, 16], ""alpha"": 1}",0.32673201960653564,0.44285714285714284,0.0,0.10833333333333334,0.0,0.08846153846153847,0.2182178902359924,0.5327380952380951,0.0,,0.1089899819685056,0.2930975274725275,4,0.3187707582213576
NNET,3,fold_5,"{""solver"": ""lbfgs"", ""hidden_layer_sizes"": [32, 16], ""alpha"": 1}",0.39473684210526316,0.698051948051948,-0.11236664374387369,0.06666666666666667,0.0,,0.3882901373576604,0.650952380952381,0.0,0.25,0.13413206714380999,0.4164177489177489,4,0.2770766589732107
NNET,3,pooled_OOF,"{""solver"": ""lbfgs"", ""hidden_layer_sizes"": [32, 16], ""alpha"": 1}",0.30783662226315295,0.43582952543223363,-0.08443170536763503,0.05108633763900111,-0.03283545516515592,0.026247256496800014,0.3237159383742574,0.42343517794022567,0.25288506223352675,0.35094754295814856,0.15343409246762924,0.25750916809328184,5,0.23659192613169547
NNET,4,fold_1,"{""solver"": ""lbfgs"", ""hidden_layer_sizes"": [32, 16], ""alpha"": 0.1}",0.26967994498529685,0.21428571428571427,-0.09090909090909091,0.08333333333333333,0.0,,0.4,0.5595238095238095,-0.043478260869565216,0.16666666666666666,0.10705851864132816,0.255952380952381,4,0.27824013077636267
NNET,4,fold_2,"{""solver"": ""lbfgs"", ""hidden_layer_sizes"": [32, 16], ""alpha"": 0.1}",0.6055300708194984,0.8166666666666667,-0.11764705882352941,0.09109311740890688,0.0,0.058823529411764705,0.2435440935235262,0.29166666666666663,0.4844813951249544,0.7192982456140351,0.24318170012888993,0.395509645153608,5,0.310143655591722
NNET,4,fold_3,"{""solver"": ""lbfgs"", ""hidden_layer_sizes"": [32, 16], ""alpha"": 0.1}",-0.11952286093343938,0.06926406926406926,-0.0657951694959769,0.045454545454545456,0.0,,0.42185656681265843,0.5833333333333333,0.0,,0.04730770727664843,0.2326839826839827,3,0.15130235515393292
NNET,4,fold_4,"{""solver"": ""lbfgs"", ""hidden_layer_sizes"": [32, 16], ""alpha"": 0.1}",0.32673201960653564,0.4206349206349206,0.0,0.10795454545454546,0.0,0.09215686274509804,0.2182178902359924,0.5327380952380951,0.0,,0.1089899819685056,0.2883711060181648,4,0.30357178671142615
NNET,4,fold_5,"{""solver"": ""lbfgs"", ""hidden_layer_sizes"": [32, 16], ""alpha"": 0.1}",0.39473684210526316,0.6846590909090909,-0.11236664374387369,0.0625,0.0,,0.3882901373576604,0.650952380952381,0.0,0.2,0.13413206714380999,0.39952786796536793,4,0.2831012398858424
NNET,4,pooled_OOF,"{""solver"": ""lbfgs"", ""hidden_layer_sizes"": [32, 16], ""alpha"": 0.1}",0.34506002973340105,0.4961926550032357,-0.09429042892502947,0.05069709461203024,-0.03283545516515592,0.032715558716479104,0.3237159383742574,0.41787778663392716,0.25288506223352675,0.3811413454270597,0.15890702925019995,0.2757248880785464,5,0.24113161206105316
NNET,5,fold_1,"{""solver"": ""lbfgs"", ""hidden_layer_sizes"": [32, 16], ""alpha"": 0.01}",0.26967994498529685,0.29545454545454547,-0.06286946134619315,0.09166666666666667,0.0,,0.32118202741878643,0.4965277777777778,0.0,0.1,0.10559850221157803,0.24591224747474746,4,0.2691334600976062
NNET,5,fold_2,"{""solver"": ""lbfgs"", ""hidden_layer_sizes"": [32, 16], ""alpha"": 0.01}",-0.07308816827558576,0.20888157894736842,-0.11764705882352941,0.08204334365325078,0.0,0.058823529411764705,0.7921180343813395,1.0,-0.14852213144650114,0.10927645912166035,0.09057213516714464,0.29180498222680884,5,0.13813136336181825
NNET,5,fold_3,"{""solver"": ""lbfgs"", ""hidden_layer_sizes"": [32, 16], ""alpha"": 0.01}",-0.09523809523809523,0.09583333333333333,0.0,0.05263157894736842,0.0,,0.4070457892053471,0.6226190476190475,0.0,,0.062361538793450376,0.2570279866332497,3,0.3300612516414403
NNET,5,fold_4,"{""solver"": ""lbfgs"", ""hidden_layer_sizes"": [32, 16], ""alpha"": 0.01}",0.5461186812727502,0.7222222222222222,0.0,0.13942307692307693,0.0,0.13392857142857142,0.2182178902359924,0.6218253968253968,0.0,,0.15286731430174852,0.40434981684981686,4,0.4017525565602488
NNET,5,fold_5,"{""solver"": ""lbfgs"", ""hidden_layer_sizes"": [32, 16], ""alpha"": 0.01}",-0.14159846508095772,0.2025691699604743,-0.0978231976089037,0.06666666666666667,0.0,,0.3882901373576604,0.5718614718614718,0.0,0.2,0.029773694933559792,0.2602743271221532,4,0.20095988448599222
NNET,5,pooled_OOF,"{""solver"": ""lbfgs"", ""hidden_layer_sizes"": [32, 16], ""alpha"": 0.01}",0.07234042553191489,0.19103087635536772,-0.07372813371717205,0.05383528780954264,-0.03283545516515592,0.035238202637872786,0.3844501407633313,0.5310330261382197,-0.052920671393999114,0.04270245474876946,0.05946126120378381,0.17076796953795445,5,0.19880873934434776
NNET,6,fold_1,"{""solver"": ""lbfgs"", ""hidden_layer_sizes"": [32], ""alpha"": 0.01}",0.2165408787114111,0.5454545454545454,-0.06286946134619315,0.08012820512820512,0.0,,0.4,0.6325757575757576,0.0,0.05555555555555555,0.1107342834730436,0.3284285159285159,4,0.32485067812812923
NNET,6,fold_2,"{""solver"": ""lbfgs"", ""hidden_layer_sizes"": [32], ""alpha"": 0.01}",-0.015430334996209192,0.20704334365325078,0.3217979514674192,0.21929824561403508,0.0,0.058823529411764705,0.2435440935235262,0.3666666666666667,-0.14852213144650114,0.145224171539961,0.080277915709647,0.19941119137713564,5,0.13902923700390407
NNET,6,fold_3,"{""solver"": ""lbfgs"", ""hidden_layer_sizes"": [32], ""alpha"": 0.01}",-0.14159846508095772,0.07261904761904761,0.0,0.058823529411764705,0.0,,0.3143730417143384,0.5787301587301587,0.0,,0.034554915326676136,0.23672424525365698,3,0.15440487578996537
NNET,6,fold_4,"{""solver"": ""lbfgs"", ""hidden_layer_sizes"": [32], ""alpha"": 0.01}",0.32673201960653564,0.5777777777777777,0.0,0.12142857142857143,0.0,0.2,0.14547859349066158,0.6494047619047619,0.0,,0.09444212261943945,0.3871527777777778,4,0.3070074779577143
NNET,6,fold_5,"{""solver"": ""lbfgs"", ""hidden_layer_sizes"": [32], ""alpha"": 0.01}",0.03627381250550058,0.2063570487483531,-0.11236664374387369,0.06666666666666667,0.0,,0.2253744679276044,0.47924242424242425,0.0,0.2,0.02985632733784626,0.23806653491436097,4,0.15736711067443765
NNET,6,pooled_OOF,"{""solver"": ""lbfgs"", ""hidden_layer_sizes"": [32], ""alpha"": 0.01}",0.07495918060635821,0.1707062548714325,0.043388515258367996,0.07327292225804002,-0.03283545516515592,0.03346574224128478,0.24412345023159068,0.4417058215751878,-0.052920671393999114,0.04131890389878369,0.05534300390743237,0.15209392896894575,5,0.15412873728197096
NNET,7,fold_1,"{""solver"": ""lbfgs"", ""hidden_layer_sizes"": [32, 16], ""alpha"": 10}",-0.09090909090909091,0.17261904761904762,-0.09090909090909091,0.09166666666666667,0.0,,0.32118202741878643,0.6666666666666666,-0.043478260869565216,0.125,0.019177116946207877,0.26398809523809524,4,0.3341014618882334
NNET,7,fold_2,"{""solver"": ""lbfgs"", ""hidden_layer_sizes"": [32, 16], ""alpha"": 10}",0.3440511766019877,0.525,-0.11764705882352941,0.11513157894736842,0.0,0.058823529411764705,0.2435440935235262,0.29166666666666663,0.4844813951249544,0.6081871345029239,0.19088592128538778,0.3197617819057448,5,0.30248037255762633
NNET,7,fold_3,"{""solver"": ""lbfgs"", ""hidden_layer_sizes"": [32, 16], ""alpha"": 10}",-0.11952286093343938,0.07177033492822966,0.0,0.047619047619047616,0.0,,0.42185656681265843,0.6166666666666666,0.0,,0.06046674117584381,0.24535201640464796,3,0.15567953798216955
NNET,7,fold_4,"{""solver"": ""lbfgs"", ""hidden_layer_sizes"": [32, 16], ""alpha"": 10}",0.32673201960653564,0.4206349206349206,0.0,0.10512820512820513,0.0,0.09166666666666667,0.030556616567607043,0.5771825396825396,0.0,,0.07145772723482854,0.298653083028083,4,0.3466943799465708
NNET,7,fold_5,"{""solver"": ""lbfgs"", ""hidden_layer_sizes"": [32, 16], ""alpha"": 10}",0.39473684210526316,0.698051948051948,-0.11236664374387369,0.06666666666666667,0.0,,0.3882901373576604,0.6585281385281385,0.0,0.25,0.13413206714380999,0.4183116883116883,4,0.2690446634559898
NNET,7,pooled_OOF,"{""solver"": ""lbfgs"", ""hidden_layer_sizes"": [32, 16], ""alpha"": 10}",0.23763956823243398,0.4462210990174499,-0.08443170536763503,0.05354251417098995,-0.03283545516515592,0.021139166712211475,0.2693476220679491,0.4417838179968094,0.25288506223352675,0.3432093996459038,0.12852101840022376,0.26117919950867285,5,0.24001100714448534
XGBoost,0,fold_1,"{""subsample"": 0.8, ""reg_lambda"": 1, ""n_estimators"": 100, ""max_depth"": 1, ""learning_rate"": 0.03}",-0.09090909090909091,0.26666666666666666,-0.06286946134619315,0.08608058608058608,0.0,,0.7,0.8928571428571428,0.0,0.058823529411764705,0.10924428954894319,0.3261069812540401,4,0.45636737523992427
XGBoost,0,fold_2,"{""subsample"": 0.8, ""reg_lambda"": 1, ""n_estimators"": 100, ""max_depth"": 1, ""learning_rate"": 0.03}",-0.1789066118330336,0.24318181818181817,-0.08084520834544433,0.08834586466165413,0.0,0.2,0.6642111641550715,0.8333333333333333,-0.14852213144650114,0.2611111111111111,0.0511874425060185,0.3251944254575833,5,0.23265312390312387
XGBoost,0,fold_3,"{""subsample"": 0.8, ""reg_lambda"": 1, ""n_estimators"": 100, ""max_depth"": 1, ""learning_rate"": 0.03}",0.0,0.17763157894736842,0.0,0.045454545454545456,0.0,,0.7348469228349533,0.9666666666666666,0.0,,0.14696938456699066,0.39658426368952676,3,0.4742393509127789
XGBoost,0,fold_4,"{""subsample"": 0.8, ""reg_lambda"": 1, ""n_estimators"": 100, ""max_depth"": 1, ""learning_rate"": 0.03}",0.32673201960653564,0.44285714285714284,-0.1111111111111111,0.09722222222222221,0.0,0.1,0.8921425711997711,0.9150793650793649,0.0,,0.22155269593903912,0.3887896825396825,4,0.5644338830693851
XGBoost,0,fold_5,"{""subsample"": 0.8, ""reg_lambda"": 1, ""n_estimators"": 100, ""max_depth"": 1, ""learning_rate"": 0.03}",0.5231483637805969,0.6349206349206349,-0.045454545454545456,0.08333333333333333,0.0,,0.44135833302489197,0.4157142857142857,0.0,0.043478260869565216,0.18381043027018867,0.29436162870945476,4,0.3960053668774547
XGBoost,0,pooled_OOF,"{""subsample"": 0.8, ""reg_lambda"": 1, ""n_estimators"": 100, ""max_depth"": 1, ""learning_rate"": 0.03}",0.19722614550599826,0.2543629437270281,-0.061709586897043874,0.04968732611963921,-0.023000157168277646,0.03650234741784038,0.6645479496381734,0.5973728204555337,-0.02997722595912053,0.0491257014773085,0.14941742502394592,0.19741022783947,5,0.3207946538442058
XGBoost,1,fold_1,"{""subsample"": 0.8, ""reg_lambda"": 10, ""n_estimators"": 50, ""max_depth"": 3, ""learning_rate"": 0.1}",-0.09090909090909091,0.30952380952380953,0.0,0.08608058608058608,0.0,,0.7,0.8875,0.0,0.05263157894736842,0.1218181818181818,0.333933993637941,4,0.4505046237994841
XGBoost,1,fold_2,"{""subsample"": 0.8, ""reg_lambda"": 10, ""n_estimators"": 50, ""max_depth"": 3, ""learning_rate"": 0.1}",-0.1267731382092775,0.22532467532467532,0.0,0.14583333333333331,0.0,0.05263157894736842,0.6642111641550715,0.5833333333333333,-0.10206207261596575,0.28809523809523807,0.08707519066596565,0.2590436318067897,5,0.19777335887590797
XGBoost,1,fold_3,"{""subsample"": 0.8, ""reg_lambda"": 10, ""n_estimators"": 50, ""max_depth"": 3, ""learning_rate"": 0.1}",0.0,0.12878787878787878,0.0,0.14285714285714285,0.0,,0.5855400437691199,1.0,0.0,,0.11710800875382399,0.4238816738816739,3,0.5161166277258566
XGBoost,1,fold_4,"{""subsample"": 0.8, ""reg_lambda"": 10, ""n_estimators"": 50, ""max_depth"": 3, ""learning_rate"": 0.1}",0.5461186812727502,0.5916666666666666,0.0,0.11212121212121212,0.0,0.1,0.7619047619047619,0.8734126984126983,0.0,,0.2616046886355024,0.41930014430014423,4,0.5705552975019048
XGBoost,1,fold_5,"{""subsample"": 0.8, ""reg_lambda"": 10, ""n_estimators"": 50, ""max_depth"": 3, ""learning_rate"": 0.1}",0.24987096773334005,0.7321428571428572,0.0,0.07692307692307693,0.0,,0.3882901373576604,0.47090909090909094,0.0,0.043478260869565216,0.1276322210182001,0.33086332146114755,4,0.4266629139694155
XGBoost,1,pooled_OOF,"{""subsample"": 0.8, ""reg_lambda"": 10, ""n_estimators"": 50, ""max_depth"": 3, ""learning_rate"": 0.1}",0.1353147219351753,0.2528677329562785,0.0,0.05618165610830038,-0.023000157168277646,0.03000764525993884,0.5766747350855141,0.5853090016993747,-0.021098736814243055,0.051067765567765565,0.13357811260763375,0.1950867603183316,5,0.32588502680398057
XGBoost,2,fold_1,"{""subsample"": 0.8, ""reg_lambda"": 10, ""n_estimators"": 100, ""max_depth"": 2, ""learning_rate"": 0.03}",-0.09090909090909091,0.30952380952380953,0.0,0.08571428571428572,0.0,,0.5964809080634605,0.8541666666666666,0.0,0.05263157894736842,0.10111436343087392,0.32550908521303257,4,0.4531448136762146
XGBoost,2,fold_2,"{""subsample"": 0.8, ""reg_lambda"": 10, ""n_estimators"": 100, ""max_depth"": 2, ""learning_rate"": 0.03}",-0.1789066118330336,0.23127705627705625,0.0,0.1625,0.0,0.1111111111111111,0.44908871313907184,0.5833333333333333,-0.10206207261596575,0.23040935672514617,0.0336240057380145,0.26372617148932936,5,0.1992071449792038
XGBoost,2,fold_3,"{""subsample"": 0.8, ""reg_lambda"": 10, ""n_estimators"": 100, ""max_depth"": 2, ""learning_rate"": 0.03}",0.0,0.13095238095238093,0.0,0.05263157894736842,0.0,,0.7348469228349533,1.0,0.0,,0.14696938456699066,0.3945279866332498,3,0.49103674103674105
XGBoost,2,fold_4,"{""subsample"": 0.8, ""reg_lambda"": 10, ""n_estimators"": 100, ""max_depth"": 2, ""learning_rate"": 0.03}",0.5461186812727502,0.6095238095238096,0.0,0.09166666666666667,0.0,0.1,0.8921425711997711,0.8734126984126983,0.0,,0.28765225049450427,0.4186507936507936,4,0.5729167469956944
XGBoost,2,fold_5,"{""subsample"": 0.8, ""reg_lambda"": 10, ""n_estimators"": 100, ""max_depth"": 2, ""learning_rate"": 0.03}",0.5231483637805969,0.6488095238095238,-0.045454545454545456,0.1,0.0,,0.44135833302489197,0.5709090909090909,0.0,0.043478260869565216,0.18381043027018867,0.34079921889704495,4,0.4756851734124462
XGBoost,2,pooled_OOF,"{""subsample"": 0.8, ""reg_lambda"": 10, ""n_estimators"": 100, ""max_depth"": 2, ""learning_rate"": 0.03}",0.21000960516987963,0.25665383393557667,-0.02708148212341292,0.05285548376256852,-0.0161880977059544,0.02533022533022533,0.5949916276689338,0.613490313547063,-0.021098736814243055,0.04131533141948305,0.14812658323904063,0.1979290375989833,5,0.3318947449593814
XGBoost,3,fold_1,"{""subsample"": 0.8, ""reg_lambda"": 1, ""n_estimators"": 50, ""max_depth"": 1, ""learning_rate"": 0.03}",-0.09090909090909091,0.18333333333333335,-0.11396057645963795,0.07703081232492998,0.0,,0.7,0.9166666666666666,0.0,0.05263157894736842,0.09902606652625422,0.3074155978180746,4,0.4414477324101737
XGBoost,3,fold_2,"{""subsample"": 0.8, ""reg_lambda"": 1, ""n_estimators"": 50, ""max_depth"": 1, ""learning_rate"": 0.03}",-0.1789066118330336,0.25541125541125537,-0.11764705882352941,0.10263157894736842,0.0,0.05263157894736842,0.44908871313907184,0.8333333333333333,-0.14852213144650114,0.2777777777777778,0.0008025822072015354,0.3043571048834206,5,0.22456559344611354
XGBoost,3,fold_3,"{""subsample"": 0.8, ""reg_lambda"": 1, ""n_estimators"": 50, ""max_depth"": 1, ""learning_rate"": 0.03}",-0.0657951694959769,0.21428571428571427,0.0,0.047619047619047616,0.0,,0.7348469228349533,0.9266666666666666,0.0,,0.13381035066779529,0.3961904761904762,3,0.49373658367825
XGBoost,3,fold_4,"{""subsample"": 0.8, ""reg_lambda"": 1, ""n_estimators"": 50, ""max_depth"": 1, ""learning_rate"": 0.03}",0.32673201960653564,0.44285714285714284,-0.16666666666666666,0.09166666666666667,0.0,0.1,0.8921425711997711,0.8773809523809524,0.0,,0.21044158482792802,0.37797619047619047,4,0.5541710223959325
XGBoost,3,fold_5,"{""subsample"": 0.8, ""reg_lambda"": 1, ""n_estimators"": 50, ""max_depth"": 1, ""learning_rate"": 0.03}",0.5231483637805969,0.56875,-0.0657951694959769,0.07142857142857142,0.0,,0.3882901373576604,0.5051948051948052,0.0,0.043478260869565216,0.16912866632845608,0.29721290937323547,4,0.42409277281400043
XGBoost,3,pooled_OOF,"{""subsample"": 0.8, ""reg_lambda"": 1, ""n_estimators"": 50, ""max_depth"": 1, ""learning_rate"": 0.03}",0.1850272863715514,0.230990057438004,-0.09429042892502947,0.05013798903589799,-0.02830188679245283,0.03483870967741935,0.5949916276689338,0.619454848427127,-0.02997722595912053,0.04749326147801268,0.12548987447277646,0.1965829732112922,5,0.3261678372517022
XGBoost,4,fold_1,"{""subsample"": 0.8, ""reg_lambda"": 1, ""n_estimators"": 100, ""max_depth"": 3, ""learning_rate"": 0.03}",-0.06286946134619315,0.25,0.0,0.08333333333333334,0.0,,0.50709255283711,0.7708333333333333,0.0,0.043478260869565216,0.08884461829818337,0.2869112318840579,4,0.3695768195948009
XGBoost,4,fold_2,"{""subsample"": 0.8, ""reg_lambda"": 1, ""n_estimators"": 100, ""max_depth"": 3, ""learning_rate"": 0.03}",-0.07308816827558576,0.2265151515151515,0.0,0.14583333333333331,0.0,0.2,0.6642111641550715,0.5833333333333333,0.0,0.24707602339181284,0.11822459917589716,0.28055156831472616,5,0.20752865447352287
XGBoost,4,fold_3,"{""subsample"": 0.8, ""reg_lambda"": 1, ""n_estimators"": 100, ""max_depth"": 3, ""learning_rate"": 0.03}",0.0,0.08712121212121213,0.0,0.05555555555555555,0.0,,0.40451991747794525,0.9266666666666665,0.0,,0.08090398349558905,0.3564478114478114,3,0.4134962780627081
XGBoost,4,fold_4,"{""subsample"": 0.8, ""reg_lambda"": 1, ""n_estimators"": 100, ""max_depth"": 3, ""learning_rate"": 0.03}",0.5461186812727502,0.6428571428571428,0.0,0.08846153846153847,0.0,0.1,0.7619047619047619,0.8734126984126984,0.0,,0.2616046886355024,0.4261828449328449,4,0.5841612234255822
XGBoost,4,fold_5,"{""subsample"": 0.8, ""reg_lambda"": 1, ""n_estimators"": 100, ""max_depth"": 3, ""learning_rate"": 0.03}",0.4443938593811115,0.5571428571428572,0.0,0.05555555555555555,0.0,,0.44135833302489197,0.46571428571428575,0.0,0.043478260869565216,0.17715043848120068,0.2804727398205659,4,0.3929906481924108
XGBoost,4,pooled_OOF,"{""subsample"": 0.8, ""reg_lambda"": 1, ""n_estimators"": 100, ""max_depth"": 3, ""learning_rate"": 0.03}",0.22695035460992907,0.2564428681353217,0.0,0.052031091193832826,0.0,0.03911000552791598,0.5242229878657316,0.5714189352915611,0.0,0.04882240193183837,0.15023466849513215,0.19356506041609398,5,0.3101813881061648
XGBoost,5,fold_1,"{""subsample"": 0.8, ""reg_lambda"": 10, ""n_estimators"": 50, ""max_depth"": 2, ""learning_rate"": 0.1}",-0.09090909090909091,0.26666666666666666,0.0,0.08333333333333333,0.0,,0.7,0.9166666666666666,0.0,0.05263157894736842,0.1218181818181818,0.32982456140350874,4,0.47489936233778907
XGBoost,5,fold_2,"{""subsample"": 0.8, ""reg_lambda"": 10, ""n_estimators"": 50, ""max_depth"": 2, ""learning_rate"": 0.1}",-0.1789066118330336,0.23127705627705625,-0.08084520834544433,0.14583333333333331,0.0,0.05263157894736842,0.5739440431835514,0.5833333333333333,-0.10206207261596575,0.28809523809523807,0.042426030077821544,0.2602341079972659,5,0.2051475336681006
XGBoost,5,fold_3,"{""subsample"": 0.8, ""reg_lambda"": 10, ""n_estimators"": 50, ""max_depth"": 2, ""learning_rate"": 0.1}",0.0,0.10263157894736842,0.0,0.0625,0.0,,0.5855400437691199,1.0,0.0,,0.11710800875382399,0.38837719298245615,3,0.5276293745726774
XGBoost,5,fold_4,"{""subsample"": 0.8, ""reg_lambda"": 10, ""n_estimators"": 50, ""max_depth"": 2, ""learning_rate"": 0.1}",0.5461186812727502,0.5916666666666666,0.0,0.11212121212121212,0.0,0.1,0.8921425711997711,0.8734126984126983,0.0,,0.28765225049450427,0.41930014430014423,4,0.576993004129227
XGBoost,5,fold_5,"{""subsample"": 0.8, ""reg_lambda"": 10, ""n_estimators"": 50, ""max_depth"": 2, ""learning_rate"": 0.1}",0.4443938593811115,0.7611111111111111,0.0,0.1,0.0,,0.3882901373576604,0.47090909090909094,0.0,0.043478260869565216,0.16653679934775437,0.34387461572244177,4,0.43531036621382807
XGBoost,5,pooled_OOF,"{""subsample"": 0.8, ""reg_lambda"": 10, ""n_estimators"": 50, ""max_depth"": 2, ""learning_rate"": 0.1}",0.1809531671496675,0.26351849853027265,-0.02708148212341292,0.054734724326011334,-0.023000157168277646,0.03000764525993884,0.5937138877955566,0.5829811781294172,-0.021098736814243055,0.04953394914264479,0.1406973357678581,0.19615519907765694,5,0.32527093546682734
XGBoost,6,fold_1,"{""subsample"": 0.8, ""reg_lambda"": 10, ""n_estimators"": 200, ""max_depth"": 1, ""learning_rate"": 0.03}",0.26967994498529685,0.29166666666666663,-0.09090909090909091,0.09545454545454546,0.0,,0.7,0.8928571428571428,0.0,0.058823529411764705,0.1757541708152412,0.33470047109752993,4,0.440518318588494
XGBoost,6,fold_2,"{""subsample"": 0.8, ""reg_lambda"": 10, ""n_estimators"": 200, ""max_depth"": 1, ""learning_rate"": 0.03}",-0.1789066118330336,0.24318181818181817,-0.08084520834544433,0.11513157894736842,0.0,0.25,0.5048781642974013,0.8333333333333333,-0.14852213144650114,0.26868686868686864,0.019320842534484444,0.3420667198298777,5,0.23951501421292687
XGBoost,6,fold_3,"{""subsample"": 0.8, ""reg_lambda"": 10, ""n_estimators"": 200, ""max_depth"": 1, ""learning_rate"": 0.03}",0.0,0.15000000000000002,0.0,0.047619047619047616,0.0,,0.7348469228349533,0.9666666666666666,0.0,,0.14696938456699066,0.38809523809523805,3,0.48195077344088477
XGBoost,6,fold_4,"{""subsample"": 0.8, ""reg_lambda"": 10, ""n_estimators"": 200, ""max_depth"": 1, ""learning_rate"": 0.03}",0.32673201960653564,0.6333333333333333,-0.16666666666666666,0.10049019607843138,0.0,0.1,0.8921425711997711,0.915079365079365,0.0,,0.21044158482792802,0.43722572362278245,4,0.5779672482230038
XGBoost,6,fold_5,"{""subsample"": 0.8, ""reg_lambda"": 10, ""n_estimators"": 200, ""max_depth"": 1, ""learning_rate"": 0.03}",0.6282808624375432,0.8125,0.0,0.09090909090909091,0.0,,0.44135833302489197,0.40238095238095234,0.0,0.043478260869565216,0.21392783909248703,0.33731707603990213,4,0.413132354061436
XGBoost,6,pooled_OOF,"{""subsample"": 0.8, ""reg_lambda"": 10, ""n_estimators"": 200, ""max_depth"": 1, ""learning_rate"": 0.03}",0.2635769166793125,0.2573815863652138,-0.07372813371717205,0.05432389566016614,-0.02830188679245283,0.04025900900900901,0.6283086314772851,0.5841231573143245,-0.02997722595912053,0.05406795730137179,0.15197566033757043,0.19803112113001706,5,0.31078873481010927
XGBoost,7,fold_1,"{""subsample"": 0.8, ""reg_lambda"": 10, ""n_estimators"": 200, ""max_depth"": 3, ""learning_rate"": 0.03}",-0.09090909090909091,0.30952380952380953,0.0,0.10317460317460317,0.0,,0.7,0.7708333333333333,0.0,0.058823529411764705,0.1218181818181818,0.3105888188608777,4,0.3844696061239385
XGBoost,7,fold_2,"{""subsample"": 0.8, ""reg_lambda"": 10, ""n_estimators"": 200, ""max_depth"": 3, ""learning_rate"": 0.03}",-0.1267731382092775,0.23127705627705625,0.0,0.13392857142857142,0.0,0.25,0.6642111641550715,0.5833333333333333,0.0,0.26111111111111107,0.10748760518915881,0.29193001443001443,5,0.2082943017546474
XGBoost,7,fold_3,"{""subsample"": 0.8, ""reg_lambda"": 10, ""n_estimators"": 200, ""max_depth"": 3, ""learning_rate"": 0.03}",0.0,0.09903381642512077,0.0,0.0625,0.0,,0.40451991747794525,0.9666666666666666,0.0,,0.08090398349558905,0.37606682769726246,3,0.483315958210026
XGBoost,7,fold_4,"{""subsample"": 0.8, ""reg_lambda"": 10, ""n_estimators"": 200, ""max_depth"": 3, ""learning_rate"": 0.03}",0.5461186812727502,0.6095238095238096,0.0,0.09401709401709402,0.0,0.1,0.7619047619047619,0.9150793650793649,0.0,,0.2616046886355024,0.4296550671550671,4,0.5855727531308963
XGBoost,7,fold_5,"{""subsample"": 0.8, ""reg_lambda"": 10, ""n_estimators"": 200, ""max_depth"": 3, ""learning_rate"": 0.03}",0.6282808624375432,0.7321428571428572,0.0,0.05555555555555555,0.0,,0.3882901373576604,0.4566233766233766,0.0,0.043478260869565216,0.20331419995904074,0.32195001254783867,4,0.41541348325915184
XGBoost,7,pooled_OOF,"{""subsample"": 0.8, ""reg_lambda"": 10, ""n_estimators"": 200, ""max_depth"": 3, ""learning_rate"": 0.03}",0.2526764224926266,0.2608037370250204,0.0,0.05464208008923514,-0.0161880977059544,0.04002849002849003,0.5411892035994904,0.5802573063296382,0.0,0.04771524771524772,0.15553550567723254,0.1966893722375263,5,0.31505079821998694
GLMNET,0,fold_1,"{""l1_ratio"": 0.5, ""C"": 10}",0.2165408787114111,0.2121212121212121,-0.09090909090909091,0.08712121212121213,0.0,,0.5163977794943223,0.6666666666666666,-0.043478260869565216,0.5,0.11971026128541547,0.3664772727272727,4,0.3227410032683866
GLMNET,0,fold_2,"{""l1_ratio"": 0.5, ""C"": 10}",-0.07308816827558576,0.18621001031991744,0.2435440935235262,0.21929824561403508,0.0,0.058823529411764705,0.5739440431835514,0.325,0.3268602252303067,0.7916666666666666,0.21425203873235973,0.31619969040247675,5,0.20771056707543406
GLMNET,0,fold_3,"{""l1_ratio"": 0.5, ""C"": 10}",-0.14159846508095772,0.09545454545454546,-0.08257228238447704,0.047619047619047616,0.0,,0.5924722709231762,0.5976190476190476,0.0,,0.0736603046915483,0.24689754689754687,3,0.14545511559204702
GLMNET,0,fold_4,"{""l1_ratio"": 0.5, ""C"": 10}",0.32673201960653564,0.34444444444444444,0.0,0.1625,0.0,0.19642857142857142,-0.0545544725589981,0.47440476190476194,0.0,,0.05443550940950751,0.29444444444444445,4,0.26503458782994294
GLMNET,0,fold_5,"{""l1_ratio"": 0.5, ""C"": 10}",0.39473684210526316,0.75,-0.12666009927622474,0.09090909090909091,0.0,,0.3394638275806278,0.6033333333333333,0.0,0.5,0.12150811408193325,0.4860606060606061,4,0.311630173167229
GLMNET,0,pooled_OOF,"{""l1_ratio"": 0.5, ""C"": 10}",0.14248439288811893,0.2932528581502424,-0.01030569887264147,0.07880444010265866,-0.03283545516515592,0.032582110412299095,0.3554272650691778,0.4106624021217459,0.20308550394802924,0.42893178893178896,0.1315712015735057,0.24884671994374702,5,0.21524246368294028
GLMNET,1,fold_1,"{""l1_ratio"": 0.1, ""C"": 10}",0.2165408787114111,0.29545454545454547,-0.09090909090909091,0.08012820512820512,0.0,,0.5163977794943223,0.6666666666666666,0.6915640748081247,0.5,0.26671872842095345,0.3855623543123543,4,0.34784150662975954
GLMNET,1,fold_2,"{""l1_ratio"": 0.1, ""C"": 10}",-0.1789066118330336,0.23120300751879697,-0.14852213144650114,0.17763157894736842,0.0,0.058823529411764705,0.5739440431835514,0.325,0.3268602252303067,0.6081871345029239,0.11467510502686466,0.2801690500761708,5,0.19822416082337194
GLMNET,1,fold_3,"{""l1_ratio"": 0.1, ""C"": 10}",-0.14159846508095772,0.06926406926406926,-0.0657951694959769,0.045454545454545456,0.0,,0.42185656681265843,0.5944444444444444,0.0,,0.04289258644714476,0.23638768638768637,3,0.14069896375140223
GLMNET,1,fold_4,"{""l1_ratio"": 0.1, ""C"": 10}",0.32673201960653564,0.37777777777777777,0.0,0.09728506787330317,0.0,0.3125,-0.12598815766974242,0.43548581048581053,0.0,,0.040148772387358644,0.30576216403422285,4,0.2599176241897439
GLMNET,1,fold_5,"{""l1_ratio"": 0.1, ""C"": 10}",0.3143730417143384,0.5075757575757576,-0.11236664374387369,0.05555555555555555,0.0,,0.3882901373576604,0.5842857142857143,-0.08257228238447704,0.14285714285714285,0.10154485058872961,0.32256854256854256,4,0.2550416452312737
GLMNET,1,pooled_OOF,"{""l1_ratio"": 0.1, ""C"": 10}",0.10908049205857219,0.26902708200965586,-0.09898948447251106,0.05662982482329487,-0.03283545516515592,0.02663058783196405,0.3179507425149403,0.40391464326417714,0.2942993565962426,0.22736980064841003,0.11790113030641765,0.1967143877155004,5,0.19811624435335945
GLMNET,2,fold_1,"{""l1_ratio"": 0.1, ""C"": 0.01}",-0.13483997249264842,0.17142857142857143,-0.09090909090909091,0.09545454545454546,0.0,,0.7,0.7470238095238095,0.0,0.25,0.09485018731965213,0.3159767316017316,4,0.2760656792435021
GLMNET,2,fold_2,"{""l1_ratio"": 0.1, ""C"": 0.01}",-0.1789066118330336,0.23154761904761906,0.5739440431835514,0.5833333333333333,0.0,0.05555555555555555,0.32539568672798425,0.325,0.3268602252303067,0.7916666666666666,0.20945866866176174,0.3974206349206349,5,0.3533092285377508
GLMNET,2,fold_3,"{""l1_ratio"": 0.1, ""C"": 0.01}",-0.14159846508095772,0.07289002557544758,0.0,0.07142857142857142,0.0,,0.7348469228349533,0.9266666666666665,0.0,,0.11864969155079912,0.35699508789022855,3,0.21156183226495728
GLMNET,2,fold_4,"{""l1_ratio"": 0.1, ""C"": 0.01}",0.32673201960653564,0.45833333333333326,0.0,0.08834586466165413,0.0,0.1,0.7619047619047619,0.7345238095238095,0.0,,0.21772735630225953,0.3453007518796992,4,0.4100145693687058
GLMNET,2,fold_5,"{""l1_ratio"": 0.1, ""C"": 0.01}",0.39473684210526316,0.4909090909090909,-0.0978231976089037,0.1111111111111111,0.0,,0.5504818825631803,0.5885281385281385,0.0,0.08333333333333333,0.16947910541190797,0.3184704184704184,4,0.2501637268583322
GLMNET,2,pooled_OOF,"{""l1_ratio"": 0.1, ""C"": 0.01}",0.06452460315936981,0.18170439321146464,0.13929267909379353,0.12517098977868926,-0.03283545516515592,0.0221365026410898,0.5495125681292593,0.455604454938275,0.217709084816255,0.3821286104234114,0.18764069600670436,0.23334899019858604,5,0.23926654966870184
GLMNET,3,fold_1,"{""l1_ratio"": 0.9, ""C"": 1}",-0.11396057645963795,0.15263157894736842,-0.09090909090909091,0.06340579710144928,0.0,,0.1,0.44047619047619047,0.0,0.1111111111111111,-0.020973933473745772,0.19190616940902983,4,0.1735871301963256
GLMNET,3,fold_2,"{""l1_ratio"": 0.9, ""C"": 1}",-0.015430334996209192,0.19758852258852258,0.5739440431835514,0.5833333333333333,0.0,0.05263157894736842,0.5048781642974013,0.26666666666666666,0.3967876966218537,0.7192982456140351,0.29203591382131944,0.3639036694299852,5,0.2517738398084131
GLMNET,3,fold_3,"{""l1_ratio"": 0.9, ""C"": 1}",-0.16265001215808886,0.07289002557544758,-0.045454545454545456,0.1,0.0,,0.5003702332976756,0.5509523809523809,0.0,,0.05845313513700826,0.2412808021759428,3,0.15688904964039907
GLMNET,3,fold_4,"{""l1_ratio"": 0.9, ""C"": 1}",0.21568627450980393,0.36507936507936506,0.0,0.225,0.0,0.1,0.14547859349066158,0.607936507936508,0.0,,0.0722329736000931,0.32450396825396827,4,0.32714402173201884
GLMNET,3,fold_5,"{""l1_ratio"": 0.9, ""C"": 1}",0.39473684210526316,0.7611111111111111,0.3223291856101521,0.14285714285714285,0.0,,0.3882901373576604,0.49090909090909085,0.0,0.14285714285714285,0.22107123301461512,0.38443362193362185,4,0.2436241667228341
GLMNET,3,pooled_OOF,"{""l1_ratio"": 0.9, ""C"": 1}",0.08584585904318123,0.17633084305109964,0.1939345151487986,0.1456232587570637,-0.03283545516515592,0.031117182756527022,0.30424949506582194,0.37950092577205563,0.2341477628019854,0.2674626448819997,0.15706843537892623,0.20000697104374915,5,0.19376682267314477
GLMNET,4,fold_1,"{""l1_ratio"": 0.9, ""C"": 0.1}",-0.09090909090909091,0.17142857142857143,-0.11396057645963795,0.08333333333333333,0.0,,0.5163977794943223,0.7291666666666666,0.0,0.041666666666666664,0.06230562242511869,0.2563988095238095,4,0.23343617640292832
GLMNET,4,fold_2,"{""l1_ratio"": 0.9, ""C"": 0.1}",-0.1789066118330336,0.2211996336996337,0.6642111641550715,0.5833333333333333,0.0,0.0625,0.32539568672798425,0.20833333333333331,0.3967876966218537,0.7192982456140351,0.2414975871343752,0.3589329091960671,5,0.2707024063033922
GLMNET,4,fold_3,"{""l1_ratio"": 0.9, ""C"": 0.1}",-0.14159846508095772,0.08333333333333334,0.0,0.16666666666666666,0.0,,0.5924722709231762,0.9266666666666665,0.0,,0.0901747611684437,0.3922222222222222,3,0.17114886550231379
GLMNET,4,fold_4,"{""l1_ratio"": 0.9, ""C"": 0.1}",0.32673201960653564,0.373015873015873,0.0,0.2111111111111111,0.0,0.1,0.629940788348712,0.7345238095238095,0.0,,0.19133456159104953,0.3546626984126984,4,0.37256709664604404
GLMNET,4,fold_5,"{""l1_ratio"": 0.9, ""C"": 0.1}",0.39473684210526316,0.698051948051948,0.3223291856101521,0.16666666666666666,0.0,,0.5504818825631803,0.7075757575757575,0.0,0.043478260869565216,0.2535095820557191,0.4039431582909843,4,0.2414712099494708
GLMNET,4,pooled_OOF,"{""l1_ratio"": 0.9, ""C"": 0.1}",0.08584585904318123,0.1718019538297707,0.20739914373965251,0.14207116245727558,-0.04407137788294876,0.022224592845459076,0.47307689395827907,0.440177724296276,0.20308550394802924,0.35914787597370956,0.18506720456123865,0.2270846618804982,5,0.21666624638726367
GLMNET,5,fold_1,"{""l1_ratio"": 0.9, ""C"": 0.01}",0.0,0.08333333333333333,0.0,0.08333333333333333,0.0,,0.0,0.16666666666666666,0.0,0.041666666666666664,0.0,0.09375,4,0.13695987654320987
GLMNET,5,fold_2,"{""l1_ratio"": 0.9, ""C"": 0.01}",0.0,0.21052631578947367,0.0,0.10526315789473684,0.0,0.05263157894736842,0.0,0.10526315789473684,0.0,0.15789473684210525,0.0,0.12631578947368421,5,0.13501461988304095
GLMNET,5,fold_3,"{""l1_ratio"": 0.9, ""C"": 0.01}",0.0,0.08695652173913043,0.0,0.043478260869565216,0.0,,0.0,0.21739130434782608,0.0,,0.0,0.11594202898550725,3,0.18115942028985507
GLMNET,5,fold_4,"{""l1_ratio"": 0.9, ""C"": 0.01}",0.0,0.15,0.0,0.1,0.0,0.1,0.0,0.3,0.0,,0.0,0.16249999999999998,4,0.145
GLMNET,5,fold_5,"{""l1_ratio"": 0.9, ""C"": 0.01}",0.0,0.17391304347826086,0.0,0.043478260869565216,0.0,,0.0,0.21739130434782608,0.0,0.043478260869565216,0.0,0.11956521739130435,4,0.172068511198946
GLMNET,5,pooled_OOF,"{""l1_ratio"": 0.9, ""C"": 0.01}",0.09072544821884987,0.15556956828345775,0.05614876391712977,0.078139225032044,0.0,0.022093942205270937,-0.006124572012636356,0.21413255007191984,0.0,0.034952454851126635,0.028149928024668657,0.10097754808876384,5,0.15106333779226605
GLMNET,6,fold_1,"{""l1_ratio"": 0.5, ""C"": 0.01}",0.0,0.08333333333333333,0.0,0.08333333333333333,0.0,,0.0,0.16666666666666666,0.0,0.041666666666666664,0.0,0.09375,4,0.13695987654320987
GLMNET,6,fold_2,"{""l1_ratio"": 0.5, ""C"": 0.01}",0.0,0.21052631578947367,0.0,0.10526315789473684,0.0,0.05263157894736842,0.0,0.10526315789473684,0.0,0.15789473684210525,0.0,0.12631578947368421,5,0.16133040935672516
GLMNET,6,fold_3,"{""l1_ratio"": 0.5, ""C"": 0.01}",0.0,0.08695652173913043,0.0,0.043478260869565216,0.0,,0.0,0.21739130434782608,0.0,,0.0,0.11594202898550725,3,0.18115942028985507
GLMNET,6,fold_4,"{""l1_ratio"": 0.5, ""C"": 0.01}",0.0,0.15,0.0,0.1,0.0,0.1,0.0,0.3,0.0,,0.0,0.16249999999999998,4,0.18666666666666665
GLMNET,6,fold_5,"{""l1_ratio"": 0.5, ""C"": 0.01}",0.0,0.17391304347826086,0.0,0.043478260869565216,0.0,,0.0,0.21739130434782608,0.0,0.043478260869565216,0.0,0.11956521739130435,4,0.17077858192807566
GLMNET,6,pooled_OOF,"{""l1_ratio"": 0.5, ""C"": 0.01}",0.017042927898278628,0.14190545461934412,0.0,0.078139225032044,-0.03283545516515592,0.027439152109253906,-0.006124572012636356,0.208632592120528,0.0,0.03651283476971551,-0.00438341985590273,0.09852585173017711,5,0.1597855068353279
GLMNET,7,fold_1,"{""l1_ratio"": 0.9, ""C"": 10}",-0.11396057645963795,0.16666666666666666,-0.09090909090909091,0.075,0.0,,0.7,0.7708333333333333,0.0,0.5,0.09902606652625422,0.378125,4,0.20999764113426428
GLMNET,7,fold_2,"{""l1_ratio"": 0.9, ""C"": 10}",0.3440511766019877,0.35892857142857143,0.5739440431835514,0.5833333333333333,0.0,0.08333333333333333,0.5739440431835514,0.325,0.3967876966218537,0.7777777777777777,0.37774539191818884,0.42567460317460315,5,0.31443983435836514
GLMNET,7,fold_3,"{""l1_ratio"": 0.9, ""C"": 10}",-0.14159846508095772,0.08391608391608392,-0.08257228238447704,0.0625,0.0,,0.5924722709231762,0.5885281385281385,0.0,,0.0736603046915483,0.24498140748140748,3,0.14870046677111895
GLMNET,7,fold_4,"{""l1_ratio"": 0.9, ""C"": 10}",0.32673201960653564,0.39215686274509803,0.0,0.25757575757575757,0.0,0.1,-0.21821789023599236,0.4703093203093204,0.0,,0.021702825874108655,0.305010485157544,4,0.27366079133121235
GLMNET,7,fold_5,"{""l1_ratio"": 0.9, ""C"": 10}",0.5034965460952284,0.5527777777777777,-0.12666009927622474,0.1111111111111111,0.0,,0.3882901373576604,0.7633333333333332,0.0,0.3333333333333333,0.15302531683533283,0.4401388888888888,4,0.22953160860612634
GLMNET,7,pooled_OOF,"{""l1_ratio"": 0.9, ""C"": 10}",0.22345172133298644,0.2255440394945039,0.08207962497182726,0.1350955449064522,-0.03283545516515592,0.026077097505668934,0.3780842546805656,0.41064852399318,0.2341477628019854,0.38630816170861937,0.17698558172444176,0.23673467352168487,5,0.2073407425399104
