domain,rank,workbook_sample,SampleID,workbook_suffix,Site
BAC,P,1-1-BSSG,1-1,BSSG,BSS
BAC,P,1-10-DGDC,1-10,DGDC,DGC
BAC,P,1-11-DGYSa,1-11,DGYSa,DGY
BAC,P,1-11b-DGYSb,1-11b,DGYSb,DGYb
BAC,P,1-12-USOS,1-12,USOS,USO
BAC,P,1-13-USYY,1-13,USYY,USY
BAC,P,1-14-USYJ,1-14,USYJ,USJ
BAC,P,1-15-GSGA,1-15,GSGA,GSG
BAC,P,1-16-GCGD,1-16,GCGD,GCG
BAC,P,1-17-MGYS,1-17,MGYS,MGY
BAC,P,1-18-ADAS,1-18,ADAS,ADA
BAC,P,1-19-ADPC,1-19,ADPC,ADP
BAC,P,1-2-BSNS,1-2,BSNS,BSN
BAC,P,1-20-YCGH,1-20,YCGH,YCG
BAC,P,1-21-YCDG,1-21,YCDG,YCD
BAC,P,1-22-UJGN,1-22,UJGN,UJG
BAC,P,1-23-CGSJ,1-23,CGSJ,CGS
BAC,P,1-24-GHGHa,1-24,GHGHa,GHGa
BAC,P,1-25-GHGHb,1-25,GHGHb,GHGb
BAC,P,1-26-GHHM,1-26,GHHM,GHH
BAC,P,1-27-GHJY,1-27,GHJY,GHJ
BAC,P,1-28-MYSN,1-28,MYSN,MYS
BAC,P,1-29-SCHG,1-29,SCHG,SCH
BAC,P,1-3-BSIGa,1-3,BSIGa,BSI
BAC,P,1-30-YSDM,1-30,YSDM,YSD
BAC,P,1-31-YSYS,1-31,YSYS,YSY
BAC,P,1-32-JJNG,1-32,JJNG,JJN
BAC,P,1-32'-JJYS,1-32',JJYS,JJY
BAC,P,1-33-CWMS,1-33,CWMS,CWM
BAC,P,1-34-CWSS,1-34,CWSS,CWS
BAC,P,1-3b-BSIGb,1-3b,BSIGb,BSIb
BAC,P,1-4-BSOC,1-4,BSOC,BSO
BAC,P,1-5-BSES,1-5,BSES,BSE
BAC,P,1-6-DGGW,1-6,DGGW,DGG
BAC,P,1-7-DGDS,1-7,DGDS,DGD
BAC,P,1-8-DGJY,1-8,DGJY,DGJ
BAC,P,1-9-DGGB,1-9,DGGB,DGB
BAC,P,2-1-BSSG,2-1,BSSG,BSS
BAC,P,2-10-DGDC,2-10,DGDC,DGC
BAC,P,2-11-DGYSa,2-11,DGYSa,DGY
BAC,P,2-12-USOS,2-12,USOS,USO
BAC,P,2-13-USYY,2-13,USYY,USY
BAC,P,2-14-USYJ,2-14,USYJ,USJ
BAC,P,2-15-GSGA,2-15,GSGA,GSG
BAC,P,2-16-GCGD,2-16,GCGD,GCG
BAC,P,2-17-MGYS,2-17,MGYS,MGY
BAC,P,2-18-ADAS,2-18,ADAS,ADA
BAC,P,2-19-ADPC,2-19,ADPC,ADP
BAC,P,2-2-BSNS,2-2,BSNS,BSN
BAC,P,2-20-YCGH,2-20,YCGH,YCG
BAC,P,2-21-YCDG,2-21,YCDG,YCD
BAC,P,2-22-UJGN,2-22,UJGN,UJG
BAC,P,2-23-CGSJ,2-23,CGSJ,CGS
BAC,P,2-24-GHGHa,2-24,GHGHa,GHGa
BAC,P,2-25-GHGHb,2-25,GHGHb,GHGb
BAC,P,2-26-GHHM,2-26,GHHM,GHH
BAC,P,2-27-GHJY,2-27,GHJY,GHJ
BAC,P,2-28-MYSN,2-28,MYSN,MYS
BAC,P,2-29-SCHG,2-29,SCHG,SCH
BAC,P,2-3-BSIGa,2-3,BSIGa,BSI
BAC,P,2-30-YSDM,2-30,YSDM,YSD
BAC,P,2-31-YSYS,2-31,YSYS,YSY
BAC,P,2-32-JJNG,2-32,JJNG,JJN
BAC,P,2-32'-JJYS,2-32',JJYS,JJY
BAC,P,2-33-CWMS,2-33,CWMS,CWM
BAC,P,2-34-CWSS,2-34,CWSS,CWS
BAC,P,2-4-BSOC,2-4,BSOC,BSO
BAC,P,2-5-BSES,2-5,BSES,BSE
BAC,P,2-6-DGGW,2-6,DGGW,DGG
BAC,P,2-7-DGDS,2-7,DGDS,DGD
BAC,P,2-8-DGJY,2-8,DGJY,DGJ
BAC,P,2-9-DGGB,2-9,DGGB,DGB
BAC,P,3-1-BSSG,3-1,BSSG,BSS
BAC,P,3-10-DGDC,3-10,DGDC,DGC
BAC,P,3-11-DGYSa,3-11,DGYSa,DGY
BAC,P,3-12-USOS,3-12,USOS,USO
BAC,P,3-13-USYY,3-13,USYY,USY
BAC,P,3-14-USYJ,3-14,USYJ,USJ
BAC,P,3-15-GSGA,3-15,GSGA,GSG
BAC,P,3-16-GCGD,3-16,GCGD,GCG
BAC,P,3-17-MGYS,3-17,MGYS,MGY
BAC,P,3-18-ADAS,3-18,ADAS,ADA
BAC,P,3-19-ADPC,3-19,ADPC,ADP
BAC,P,3-2-BSNS,3-2,BSNS,BSN
BAC,P,3-20-YCGH,3-20,YCGH,YCG
BAC,P,3-21-YCDG,3-21,YCDG,YCD
BAC,P,3-22-UJGN,3-22,UJGN,UJG
BAC,P,3-23-CGSJ,3-23,CGSJ,CGS
BAC,P,3-24-GHGHa,3-24,GHGHa,GHGa
BAC,P,3-25-GHGHb,3-25,GHGHb,GHGb
BAC,P,3-26-GHHM,3-26,GHHM,GHH
BAC,P,3-27-GHJY,3-27,GHJY,GHJ
BAC,P,3-28-MYSN,3-28,MYSN,MYS
BAC,P,3-29-SCHG,3-29,SCHG,SCH
BAC,P,3-3-BSIGa,3-3,BSIGa,BSI
BAC,P,3-30-YSDM,3-30,YSDM,YSD
BAC,P,3-31-YSYS,3-31,YSYS,YSY
BAC,P,3-32-JJNG,3-32,JJNG,JJN
BAC,P,3-32'-JJYS,3-32',JJYS,JJY
BAC,P,3-33-CWMS,3-33,CWMS,CWM
BAC,P,3-34-CWSS,3-34,CWSS,CWS
BAC,P,3-4-BSOC,3-4,BSOC,BSO
BAC,P,3-5-BSES,3-5,BSES,BSE
BAC,P,3-6-DGGW,3-6,DGGW,DGG
BAC,P,3-7-DGDS,3-7,DGDS,DGD
BAC,P,3-8-DGJY,3-8,DGJY,DGJ
BAC,P,3-9-DGGB,3-9,DGGB,DGB
BAC,P,4-1-BSSG,4-1,BSSG,BSS
BAC,P,4-10-DGDC,4-10,DGDC,DGC
BAC,P,4-11-DGYSa,4-11,DGYSa,DGY
BAC,P,4-12-USOS,4-12,USOS,USO
BAC,P,4-13-USYY,4-13,USYY,USY
BAC,P,4-14-USYJ,4-14,USYJ,USJ
BAC,P,4-15-GSGA,4-15,GSGA,GSG
BAC,P,4-16-GCGD,4-16,GCGD,GCG
BAC,P,4-17-MGYS,4-17,MGYS,MGY
BAC,P,4-18-ADAS,4-18,ADAS,ADA
BAC,P,4-2-BSNS,4-2,BSNS,BSN
BAC,P,4-21-YCDG,4-21,YCDG,YCD
BAC,P,4-22-UJGN,4-22,UJGN,UJG
BAC,P,4-23-CGSJ,4-23,CGSJ,CGS
BAC,P,4-24-GHGHa,4-24,GHGHa,GHGa
BAC,P,4-25-GHGHb,4-25,GHGHb,GHGb
BAC,P,4-26-GHHM,4-26,GHHM,GHH
BAC,P,4-27-GHJY,4-27,GHJY,GHJ
BAC,P,4-28-MYSN,4-28,MYSN,MYS
BAC,P,4-29-SCHG,4-29,SCHG,SCH
BAC,P,4-3-BSIGa,4-3,BSIGa,BSI
BAC,P,4-30-YSDM,4-30,YSDM,YSD
BAC,P,4-31-YSYS,4-31,YSYS,YSY
BAC,P,4-32-JJNG,4-32,JJNG,JJN
BAC,P,4-32'-JJYS,4-32',JJYS,JJY
BAC,P,4-33-CWMS,4-33,CWMS,CWM
BAC,P,4-34-CWSS,4-34,CWSS,CWS
BAC,P,4-4-BSOC,4-4,BSOC,BSO
BAC,P,4-5-BSES,4-5,BSES,BSE
BAC,P,4-6-DGGW,4-6,DGGW,DGG
BAC,P,4-7-DGDS,4-7,DGDS,DGD
BAC,P,4-8-DGJY,4-8,DGJY,DGJ
BAC,P,4-9-DGGB,4-9,DGGB,DGB
BAC,G,1-1-BSSG,1-1,BSSG,BSS
BAC,G,1-10-DGDC,1-10,DGDC,DGC
BAC,G,1-11-DGYSa,1-11,DGYSa,DGY
BAC,G,1-11b-DGYSb,1-11b,DGYSb,DGYb
BAC,G,1-12-USOS,1-12,USOS,USO
BAC,G,1-13-USYY,1-13,USYY,USY
BAC,G,1-14-USYJ,1-14,USYJ,USJ
BAC,G,1-15-GSGA,1-15,GSGA,GSG
BAC,G,1-16-GCGD,1-16,GCGD,GCG
BAC,G,1-17-MGYS,1-17,MGYS,MGY
BAC,G,1-18-ADAS,1-18,ADAS,ADA
BAC,G,1-19-ADPC,1-19,ADPC,ADP
BAC,G,1-2-BSNS,1-2,BSNS,BSN
BAC,G,1-20-YCGH,1-20,YCGH,YCG
BAC,G,1-21-YCDG,1-21,YCDG,YCD
BAC,G,1-22-UJGN,1-22,UJGN,UJG
BAC,G,1-23-CGSJ,1-23,CGSJ,CGS
BAC,G,1-24-GHGHa,1-24,GHGHa,GHGa
BAC,G,1-25-GHGHb,1-25,GHGHb,GHGb
BAC,G,1-26-GHHM,1-26,GHHM,GHH
BAC,G,1-27-GHJY,1-27,GHJY,GHJ
BAC,G,1-28-MYSN,1-28,MYSN,MYS
BAC,G,1-29-SCHG,1-29,SCHG,SCH
BAC,G,1-3-BSIGa,1-3,BSIGa,BSI
BAC,G,1-30-YSDM,1-30,YSDM,YSD
BAC,G,1-31-YSYS,1-31,YSYS,YSY
BAC,G,1-32-JJNG,1-32,JJNG,JJN
BAC,G,1-32'-JJYS,1-32',JJYS,JJY
BAC,G,1-33-CWMS,1-33,CWMS,CWM
BAC,G,1-34-CWSS,1-34,CWSS,CWS
BAC,G,1-3b-BSIGb,1-3b,BSIGb,BSIb
BAC,G,1-4-BSOC,1-4,BSOC,BSO
BAC,G,1-5-BSES,1-5,BSES,BSE
BAC,G,1-6-DGGW,1-6,DGGW,DGG
BAC,G,1-7-DGDS,1-7,DGDS,DGD
BAC,G,1-8-DGJY,1-8,DGJY,DGJ
BAC,G,1-9-DGGB,1-9,DGGB,DGB
BAC,G,2-1-BSSG,2-1,BSSG,BSS
BAC,G,2-10-DGDC,2-10,DGDC,DGC
BAC,G,2-11-DGYSa,2-11,DGYSa,DGY
BAC,G,2-12-USOS,2-12,USOS,USO
BAC,G,2-13-USYY,2-13,USYY,USY
BAC,G,2-14-USYJ,2-14,USYJ,USJ
BAC,G,2-15-GSGA,2-15,GSGA,GSG
BAC,G,2-16-GCGD,2-16,GCGD,GCG
BAC,G,2-17-MGYS,2-17,MGYS,MGY
BAC,G,2-18-ADAS,2-18,ADAS,ADA
BAC,G,2-19-ADPC,2-19,ADPC,ADP
BAC,G,2-2-BSNS,2-2,BSNS,BSN
BAC,G,2-20-YCGH,2-20,YCGH,YCG
BAC,G,2-21-YCDG,2-21,YCDG,YCD
BAC,G,2-22-UJGN,2-22,UJGN,UJG
BAC,G,2-23-CGSJ,2-23,CGSJ,CGS
BAC,G,2-24-GHGHa,2-24,GHGHa,GHGa
BAC,G,2-25-GHGHb,2-25,GHGHb,GHGb
BAC,G,2-26-GHHM,2-26,GHHM,GHH
BAC,G,2-27-GHJY,2-27,GHJY,GHJ
BAC,G,2-28-MYSN,2-28,MYSN,MYS
BAC,G,2-29-SCHG,2-29,SCHG,SCH
BAC,G,2-3-BSIGa,2-3,BSIGa,BSI
BAC,G,2-30-YSDM,2-30,YSDM,YSD
BAC,G,2-31-YSYS,2-31,YSYS,YSY
BAC,G,2-32-JJNG,2-32,JJNG,JJN
BAC,G,2-32'-JJYS,2-32',JJYS,JJY
BAC,G,2-33-CWMS,2-33,CWMS,CWM
BAC,G,2-34-CWSS,2-34,CWSS,CWS
BAC,G,2-4-BSOC,2-4,BSOC,BSO
BAC,G,2-5-BSES,2-5,BSES,BSE
BAC,G,2-6-DGGW,2-6,DGGW,DGG
BAC,G,2-7-DGDS,2-7,DGDS,DGD
BAC,G,2-8-DGJY,2-8,DGJY,DGJ
BAC,G,2-9-DGGB,2-9,DGGB,DGB
BAC,G,3-1-BSSG,3-1,BSSG,BSS
BAC,G,3-10-DGDC,3-10,DGDC,DGC
BAC,G,3-11-DGYSa,3-11,DGYSa,DGY
BAC,G,3-12-USOS,3-12,USOS,USO
BAC,G,3-13-USYY,3-13,USYY,USY
BAC,G,3-14-USYJ,3-14,USYJ,USJ
BAC,G,3-15-GSGA,3-15,GSGA,GSG
BAC,G,3-16-GCGD,3-16,GCGD,GCG
BAC,G,3-17-MGYS,3-17,MGYS,MGY
BAC,G,3-18-ADAS,3-18,ADAS,ADA
BAC,G,3-19-ADPC,3-19,ADPC,ADP
BAC,G,3-2-BSNS,3-2,BSNS,BSN
BAC,G,3-20-YCGH,3-20,YCGH,YCG
BAC,G,3-21-YCDG,3-21,YCDG,YCD
BAC,G,3-22-UJGN,3-22,UJGN,UJG
BAC,G,3-23-CGSJ,3-23,CGSJ,CGS
BAC,G,3-24-GHGHa,3-24,GHGHa,GHGa
BAC,G,3-25-GHGHb,3-25,GHGHb,GHGb
BAC,G,3-26-GHHM,3-26,GHHM,GHH
BAC,G,3-27-GHJY,3-27,GHJY,GHJ
BAC,G,3-28-MYSN,3-28,MYSN,MYS
BAC,G,3-29-SCHG,3-29,SCHG,SCH
BAC,G,3-3-BSIGa,3-3,BSIGa,BSI
BAC,G,3-30-YSDM,3-30,YSDM,YSD
BAC,G,3-31-YSYS,3-31,YSYS,YSY
BAC,G,3-32-JJNG,3-32,JJNG,JJN
BAC,G,3-32'-JJYS,3-32',JJYS,JJY
BAC,G,3-33-CWMS,3-33,CWMS,CWM
BAC,G,3-34-CWSS,3-34,CWSS,CWS
BAC,G,3-4-BSOC,3-4,BSOC,BSO
BAC,G,3-5-BSES,3-5,BSES,BSE
BAC,G,3-6-DGGW,3-6,DGGW,DGG
BAC,G,3-7-DGDS,3-7,DGDS,DGD
BAC,G,3-8-DGJY,3-8,DGJY,DGJ
BAC,G,3-9-DGGB,3-9,DGGB,DGB
BAC,G,4-1-BSSG,4-1,BSSG,BSS
BAC,G,4-10-DGDC,4-10,DGDC,DGC
BAC,G,4-11-DGYSa,4-11,DGYSa,DGY
BAC,G,4-12-USOS,4-12,USOS,USO
BAC,G,4-13-USYY,4-13,USYY,USY
BAC,G,4-14-USYJ,4-14,USYJ,USJ
BAC,G,4-15-GSGA,4-15,GSGA,GSG
BAC,G,4-16-GCGD,4-16,GCGD,GCG
BAC,G,4-17-MGYS,4-17,MGYS,MGY
BAC,G,4-18-ADAS,4-18,ADAS,ADA
BAC,G,4-2-BSNS,4-2,BSNS,BSN
BAC,G,4-21-YCDG,4-21,YCDG,YCD
BAC,G,4-22-UJGN,4-22,UJGN,UJG
BAC,G,4-23-CGSJ,4-23,CGSJ,CGS
BAC,G,4-24-GHGHa,4-24,GHGHa,GHGa
BAC,G,4-25-GHGHb,4-25,GHGHb,GHGb
BAC,G,4-26-GHHM,4-26,GHHM,GHH
BAC,G,4-27-GHJY,4-27,GHJY,GHJ
BAC,G,4-28-MYSN,4-28,MYSN,MYS
BAC,G,4-29-SCHG,4-29,SCHG,SCH
BAC,G,4-3-BSIGa,4-3,BSIGa,BSI
BAC,G,4-30-YSDM,4-30,YSDM,YSD
BAC,G,4-31-YSYS,4-31,YSYS,YSY
BAC,G,4-32-JJNG,4-32,JJNG,JJN
BAC,G,4-32'-JJYS,4-32',JJYS,JJY
BAC,G,4-33-CWMS,4-33,CWMS,CWM
BAC,G,4-34-CWSS,4-34,CWSS,CWS
BAC,G,4-4-BSOC,4-4,BSOC,BSO
BAC,G,4-5-BSES,4-5,BSES,BSE
BAC,G,4-6-DGGW,4-6,DGGW,DGG
BAC,G,4-7-DGDS,4-7,DGDS,DGD
BAC,G,4-8-DGJY,4-8,DGJY,DGJ
BAC,G,4-9-DGGB,4-9,DGGB,DGB
ARC,P,1-1-BSSG,1-1,BSSG,BSS
ARC,P,1-10-DGDC,1-10,DGDC,DGC
ARC,P,1-11-DGYSa,1-11,DGYSa,DGY
ARC,P,1-11b-DGYSb,1-11b,DGYSb,DGYb
ARC,P,1-12-USOS,1-12,USOS,USO
ARC,P,1-13-USYY,1-13,USYY,USY
ARC,P,1-14-USYJ,1-14,USYJ,USJ
ARC,P,1-15-GSGA,1-15,GSGA,GSG
ARC,P,1-16-GCGD,1-16,GCGD,GCG
ARC,P,1-17-MGYS,1-17,MGYS,MGY
ARC,P,1-18-ADAS,1-18,ADAS,ADA
ARC,P,1-19-ADPC,1-19,ADPC,ADP
ARC,P,1-2-BSNS,1-2,BSNS,BSN
ARC,P,1-20-YCGH,1-20,YCGH,YCG
ARC,P,1-21-YCDG,1-21,YCDG,YCD
ARC,P,1-22-UJGN,1-22,UJGN,UJG
ARC,P,1-23-CGSJ,1-23,CGSJ,CGS
ARC,P,1-24-GHGHa,1-24,GHGHa,GHGa
ARC,P,1-25-GHGHb,1-25,GHGHb,GHGb
ARC,P,1-26-GHHM,1-26,GHHM,GHH
ARC,P,1-27-GHJY,1-27,GHJY,GHJ
ARC,P,1-28-MYSN,1-28,MYSN,MYS
ARC,P,1-29-SCHG,1-29,SCHG,SCH
ARC,P,1-3-BSIGa,1-3,BSIGa,BSI
ARC,P,1-30-YSDM,1-30,YSDM,YSD
ARC,P,1-31-YSYS,1-31,YSYS,YSY
ARC,P,1-32-JJNG,1-32,JJNG,JJN
ARC,P,1-33-CWMS,1-33,CWMS,CWM
ARC,P,1-34-CWSS,1-34,CWSS,CWS
ARC,P,1-3b-BSIGb,1-3b,BSIGb,BSIb
ARC,P,1-4-BSOC,1-4,BSOC,BSO
ARC,P,1-5-BSES,1-5,BSES,BSE
ARC,P,1-6-DGGW,1-6,DGGW,DGG
ARC,P,1-7-DGDS,1-7,DGDS,DGD
ARC,P,1-8-DGJY,1-8,DGJY,DGJ
ARC,P,1-9-DGGB,1-9,DGGB,DGB
ARC,P,2-1-BSSG,2-1,BSSG,BSS
ARC,P,2-10-DGDC,2-10,DGDC,DGC
ARC,P,2-11-DGYSa,2-11,DGYSa,DGY
ARC,P,2-12-USOS,2-12,USOS,USO
ARC,P,2-13-USYY,2-13,USYY,USY
ARC,P,2-14-USYJ,2-14,USYJ,USJ
ARC,P,2-15-GSGA,2-15,GSGA,GSG
ARC,P,2-16-GCGD,2-16,GCGD,GCG
ARC,P,2-17-MGYS,2-17,MGYS,MGY
ARC,P,2-18-ADAS,2-18,ADAS,ADA
ARC,P,2-19-ADPC,2-19,ADPC,ADP
ARC,P,2-2-BSNS,2-2,BSNS,BSN
ARC,P,2-20-YCGH,2-20,YCGH,YCG
ARC,P,2-21-YCDG,2-21,YCDG,YCD
ARC,P,2-22-UJGN,2-22,UJGN,UJG
ARC,P,2-23-CGSJ,2-23,CGSJ,CGS
ARC,P,2-24-GHGHa,2-24,GHGHa,GHGa
ARC,P,2-25-GHGHb,2-25,GHGHb,GHGb
ARC,P,2-26-GHHM,2-26,GHHM,GHH
ARC,P,2-27-GHJY,2-27,GHJY,GHJ
ARC,P,2-28-MYSN,2-28,MYSN,MYS
ARC,P,2-29-SCHG-ARC,2-29,SCHG-ARC,SCH
ARC,P,2-3-BSIGa,2-3,BSIGa,BSI
ARC,P,2-30-YSDM,2-30,YSDM,YSD
ARC,P,2-31-YSYS,2-31,YSYS,YSY
ARC,P,2-32-JJNG,2-32,JJNG,JJN
ARC,P,2-32'-JJYS,2-32',JJYS,JJY
ARC,P,2-33-CWMS,2-33,CWMS,CWM
ARC,P,2-34-CWSS,2-34,CWSS,CWS
ARC,P,2-4-BSOC,2-4,BSOC,BSO
ARC,P,2-5-BSES,2-5,BSES,BSE
ARC,P,2-6-DGGW,2-6,DGGW,DGG
ARC,P,2-7-DGDS,2-7,DGDS,DGD
ARC,P,2-8-DGJY,2-8,DGJY,DGJ
ARC,P,2-9-DGGB,2-9,DGGB,DGB
ARC,P,3-1-BSSG,3-1,BSSG,BSS
ARC,P,3-10-DGDC,3-10,DGDC,DGC
ARC,P,3-11-DGYSa,3-11,DGYSa,DGY
ARC,P,3-12-USOS,3-12,USOS,USO
ARC,P,3-13-USYY,3-13,USYY,USY
ARC,P,3-14-USYJ,3-14,USYJ,USJ
ARC,P,3-15-GSGA,3-15,GSGA,GSG
ARC,P,3-16-GCGD,3-16,GCGD,GCG
ARC,P,3-17-MGYS,3-17,MGYS,MGY
ARC,P,3-18-ADAS,3-18,ADAS,ADA
ARC,P,3-19-ADPC,3-19,ADPC,ADP
ARC,P,3-2-BSNS,3-2,BSNS,BSN
ARC,P,3-20-YCGH,3-20,YCGH,YCG
ARC,P,3-21-YCDG,3-21,YCDG,YCD
ARC,P,3-22-UJGN,3-22,UJGN,UJG
ARC,P,3-23-CGSJ,3-23,CGSJ,CGS
ARC,P,3-24-GHGHa,3-24,GHGHa,GHGa
ARC,P,3-25-GHGHb,3-25,GHGHb,GHGb
ARC,P,3-26-GHHM,3-26,GHHM,GHH
ARC,P,3-27-GHJY,3-27,GHJY,GHJ
ARC,P,3-28-MYSN,3-28,MYSN,MYS
ARC,P,3-29-SCHG,3-29,SCHG,SCH
ARC,P,3-3-BSIGa,3-3,BSIGa,BSI
ARC,P,3-30-YSDM,3-30,YSDM,YSD
ARC,P,3-31-YSYS,3-31,YSYS,YSY
ARC,P,3-32-JJNG,3-32,JJNG,JJN
ARC,P,3-32'-JJYS,3-32',JJYS,JJY
ARC,P,3-33-CWMS,3-33,CWMS,CWM
ARC,P,3-34-CWSS,3-34,CWSS,CWS
ARC,P,3-4-BSOC,3-4,BSOC,BSO
ARC,P,3-5-BSES,3-5,BSES,BSE
ARC,P,3-6-DGGW,3-6,DGGW,DGG
ARC,P,3-7-DGDS,3-7,DGDS,DGD
ARC,P,3-8-DGJY,3-8,DGJY,DGJ
ARC,P,3-9-DGGB,3-9,DGGB,DGB
ARC,P,4-1-BSSG,4-1,BSSG,BSS
ARC,P,4-10-DGDC,4-10,DGDC,DGC
ARC,P,4-11-DGYSa,4-11,DGYSa,DGY
ARC,P,4-12-USOS,4-12,USOS,USO
ARC,P,4-13-USYY,4-13,USYY,USY
ARC,P,4-14-USYJ,4-14,USYJ,USJ
ARC,P,4-15-GSGA,4-15,GSGA,GSG
ARC,P,4-16-GCGD,4-16,GCGD,GCG
ARC,P,4-17-MGYS,4-17,MGYS,MGY
ARC,P,4-18-ADAS,4-18,ADAS,ADA
ARC,P,4-2-BSNS,4-2,BSNS,BSN
ARC,P,4-21-YCDG,4-21,YCDG,YCD
ARC,P,4-22-UJGN,4-22,UJGN,UJG
ARC,P,4-23-CGSJ,4-23,CGSJ,CGS
ARC,P,4-25-GHGHb,4-25,GHGHb,GHGb
ARC,P,4-26-GHHM,4-26,GHHM,GHH
ARC,P,4-27-GHJY,4-27,GHJY,GHJ
ARC,P,4-28-MYSN,4-28,MYSN,MYS
ARC,P,4-29-SCHG,4-29,SCHG,SCH
ARC,P,4-3-BSIGa,4-3,BSIGa,BSI
ARC,P,4-30-YSDM,4-30,YSDM,YSD
ARC,P,4-31-YSYS,4-31,YSYS,YSY
ARC,P,4-32-JJNG,4-32,JJNG,JJN
ARC,P,4-32'-JJYS,4-32',JJYS,JJY
ARC,P,4-33-CWMS,4-33,CWMS,CWM
ARC,P,4-34-CWSS,4-34,CWSS,CWS
ARC,P,4-4-BSOC,4-4,BSOC,BSO
ARC,P,4-5-BSES,4-5,BSES,BSE
ARC,P,4-6-DGGW,4-6,DGGW,DGG
ARC,P,4-7-DGDS,4-7,DGDS,DGD
ARC,P,4-8-DGJY,4-8,DGJY,DGJ
ARC,P,4-9-DGGB,4-9,DGGB,DGB
ARC,G,1-1-BSSG,1-1,BSSG,BSS
ARC,G,1-10-DGDC,1-10,DGDC,DGC
ARC,G,1-11-DGYSa,1-11,DGYSa,DGY
ARC,G,1-11b-DGYSb,1-11b,DGYSb,DGYb
ARC,G,1-12-USOS,1-12,USOS,USO
ARC,G,1-13-USYY,1-13,USYY,USY
ARC,G,1-14-USYJ,1-14,USYJ,USJ
ARC,G,1-15-GSGA,1-15,GSGA,GSG
ARC,G,1-16-GCGD,1-16,GCGD,GCG
ARC,G,1-17-MGYS,1-17,MGYS,MGY
ARC,G,1-18-ADAS,1-18,ADAS,ADA
ARC,G,1-19-ADPC,1-19,ADPC,ADP
ARC,G,1-2-BSNS,1-2,BSNS,BSN
ARC,G,1-20-YCGH,1-20,YCGH,YCG
ARC,G,1-21-YCDG,1-21,YCDG,YCD
ARC,G,1-22-UJGN,1-22,UJGN,UJG
ARC,G,1-23-CGSJ,1-23,CGSJ,CGS
ARC,G,1-24-GHGHa,1-24,GHGHa,GHGa
ARC,G,1-25-GHGHb,1-25,GHGHb,GHGb
ARC,G,1-26-GHHM,1-26,GHHM,GHH
ARC,G,1-27-GHJY,1-27,GHJY,GHJ
ARC,G,1-28-MYSN,1-28,MYSN,MYS
ARC,G,1-29-SCHG,1-29,SCHG,SCH
ARC,G,1-3-BSIGa,1-3,BSIGa,BSI
ARC,G,1-30-YSDM,1-30,YSDM,YSD
ARC,G,1-31-YSYS,1-31,YSYS,YSY
ARC,G,1-32-JJNG,1-32,JJNG,JJN
ARC,G,1-33-CWMS,1-33,CWMS,CWM
ARC,G,1-34-CWSS,1-34,CWSS,CWS
ARC,G,1-3b-BSIGb,1-3b,BSIGb,BSIb
ARC,G,1-4-BSOC,1-4,BSOC,BSO
ARC,G,1-5-BSES,1-5,BSES,BSE
ARC,G,1-6-DGGW,1-6,DGGW,DGG
ARC,G,1-7-DGDS,1-7,DGDS,DGD
ARC,G,1-8-DGJY,1-8,DGJY,DGJ
ARC,G,1-9-DGGB,1-9,DGGB,DGB
ARC,G,2-1-BSSG,2-1,BSSG,BSS
ARC,G,2-10-DGDC,2-10,DGDC,DGC
ARC,G,2-11-DGYSa,2-11,DGYSa,DGY
ARC,G,2-12-USOS,2-12,USOS,USO
ARC,G,2-13-USYY,2-13,USYY,USY
ARC,G,2-14-USYJ,2-14,USYJ,USJ
ARC,G,2-15-GSGA,2-15,GSGA,GSG
ARC,G,2-16-GCGD,2-16,GCGD,GCG
ARC,G,2-17-MGYS,2-17,MGYS,MGY
ARC,G,2-18-ADAS,2-18,ADAS,ADA
ARC,G,2-19-ADPC,2-19,ADPC,ADP
ARC,G,2-2-BSNS,2-2,BSNS,BSN
ARC,G,2-20-YCGH,2-20,YCGH,YCG
ARC,G,2-21-YCDG,2-21,YCDG,YCD
ARC,G,2-22-UJGN,2-22,UJGN,UJG
ARC,G,2-23-CGSJ,2-23,CGSJ,CGS
ARC,G,2-24-GHGHa,2-24,GHGHa,GHGa
ARC,G,2-25-GHGHb,2-25,GHGHb,GHGb
ARC,G,2-26-GHHM,2-26,GHHM,GHH
ARC,G,2-27-GHJY,2-27,GHJY,GHJ
ARC,G,2-28-MYSN,2-28,MYSN,MYS
ARC,G,2-29-SCHG-ARC,2-29,SCHG-ARC,SCH
ARC,G,2-3-BSIGa,2-3,BSIGa,BSI
ARC,G,2-30-YSDM,2-30,YSDM,YSD
ARC,G,2-31-YSYS,2-31,YSYS,YSY
ARC,G,2-32-JJNG,2-32,JJNG,JJN
ARC,G,2-32'-JJYS,2-32',JJYS,JJY
ARC,G,2-33-CWMS,2-33,CWMS,CWM
ARC,G,2-34-CWSS,2-34,CWSS,CWS
ARC,G,2-4-BSOC,2-4,BSOC,BSO
ARC,G,2-5-BSES,2-5,BSES,BSE
ARC,G,2-6-DGGW,2-6,DGGW,DGG
ARC,G,2-7-DGDS,2-7,DGDS,DGD
ARC,G,2-8-DGJY,2-8,DGJY,DGJ
ARC,G,2-9-DGGB,2-9,DGGB,DGB
ARC,G,3-1-BSSG,3-1,BSSG,BSS
ARC,G,3-10-DGDC,3-10,DGDC,DGC
ARC,G,3-11-DGYSa,3-11,DGYSa,DGY
ARC,G,3-12-USOS,3-12,USOS,USO
ARC,G,3-13-USYY,3-13,USYY,USY
ARC,G,3-14-USYJ,3-14,USYJ,USJ
ARC,G,3-15-GSGA,3-15,GSGA,GSG
ARC,G,3-16-GCGD,3-16,GCGD,GCG
ARC,G,3-17-MGYS,3-17,MGYS,MGY
ARC,G,3-18-ADAS,3-18,ADAS,ADA
ARC,G,3-19-ADPC,3-19,ADPC,ADP
ARC,G,3-2-BSNS,3-2,BSNS,BSN
ARC,G,3-20-YCGH,3-20,YCGH,YCG
ARC,G,3-21-YCDG,3-21,YCDG,YCD
ARC,G,3-22-UJGN,3-22,UJGN,UJG
ARC,G,3-23-CGSJ,3-23,CGSJ,CGS
ARC,G,3-24-GHGHa,3-24,GHGHa,GHGa
ARC,G,3-25-GHGHb,3-25,GHGHb,GHGb
ARC,G,3-26-GHHM,3-26,GHHM,GHH
ARC,G,3-27-GHJY,3-27,GHJY,GHJ
ARC,G,3-28-MYSN,3-28,MYSN,MYS
ARC,G,3-29-SCHG,3-29,SCHG,SCH
ARC,G,3-3-BSIGa,3-3,BSIGa,BSI
ARC,G,3-30-YSDM,3-30,YSDM,YSD
ARC,G,3-31-YSYS,3-31,YSYS,YSY
ARC,G,3-32-JJNG,3-32,JJNG,JJN
ARC,G,3-32'-JJYS,3-32',JJYS,JJY
ARC,G,3-33-CWMS,3-33,CWMS,CWM
ARC,G,3-34-CWSS,3-34,CWSS,CWS
ARC,G,3-4-BSOC,3-4,BSOC,BSO
ARC,G,3-5-BSES,3-5,BSES,BSE
ARC,G,3-6-DGGW,3-6,DGGW,DGG
ARC,G,3-7-DGDS,3-7,DGDS,DGD
ARC,G,3-8-DGJY,3-8,DGJY,DGJ
ARC,G,3-9-DGGB,3-9,DGGB,DGB
ARC,G,4-1-BSSG,4-1,BSSG,BSS
ARC,G,4-10-DGDC,4-10,DGDC,DGC
ARC,G,4-11-DGYSa,4-11,DGYSa,DGY
ARC,G,4-12-USOS,4-12,USOS,USO
ARC,G,4-13-USYY,4-13,USYY,USY
ARC,G,4-14-USYJ,4-14,USYJ,USJ
ARC,G,4-15-GSGA,4-15,GSGA,GSG
ARC,G,4-16-GCGD,4-16,GCGD,GCG
ARC,G,4-17-MGYS,4-17,MGYS,MGY
ARC,G,4-18-ADAS,4-18,ADAS,ADA
ARC,G,4-2-BSNS,4-2,BSNS,BSN
ARC,G,4-21-YCDG,4-21,YCDG,YCD
ARC,G,4-22-UJGN,4-22,UJGN,UJG
ARC,G,4-23-CGSJ,4-23,CGSJ,CGS
ARC,G,4-25-GHGHb,4-25,GHGHb,GHGb
ARC,G,4-26-GHHM,4-26,GHHM,GHH
ARC,G,4-27-GHJY,4-27,GHJY,GHJ
ARC,G,4-28-MYSN,4-28,MYSN,MYS
ARC,G,4-29-SCHG,4-29,SCHG,SCH
ARC,G,4-3-BSIGa,4-3,BSIGa,BSI
ARC,G,4-30-YSDM,4-30,YSDM,YSD
ARC,G,4-31-YSYS,4-31,YSYS,YSY
ARC,G,4-32-JJNG,4-32,JJNG,JJN
ARC,G,4-32'-JJYS,4-32',JJYS,JJY
ARC,G,4-33-CWMS,4-33,CWMS,CWM
ARC,G,4-34-CWSS,4-34,CWSS,CWS
ARC,G,4-4-BSOC,4-4,BSOC,BSO
ARC,G,4-5-BSES,4-5,BSES,BSE
ARC,G,4-6-DGGW,4-6,DGGW,DGG
ARC,G,4-7-DGDS,4-7,DGDS,DGD
ARC,G,4-8-DGJY,4-8,DGJY,DGJ
ARC,G,4-9-DGGB,4-9,DGGB,DGB
